2026-04-18 18:26:04 │ DEBUG    │ MERDataset                     │ Logger 'MERDataset' initialised.  Console=INFO  File=DEBUG  → C:\Users\Addhyan\Desktop\Thesis\Thesis3\Stage4_TransferLearning\logs\stage3_training.log
2026-04-18 18:26:04 │ INFO     │ MERDataset                     │ ======================================================================
2026-04-18 18:26:04 │ INFO     │ MERDataset                     │   MERDataset Initialization
2026-04-18 18:26:04 │ INFO     │ MERDataset                     │ ======================================================================
2026-04-18 18:26:04 │ INFO     │ MERDataset                     │ CSV path        : C:\Users\Addhyan\Desktop\Thesis\Thesis3\Processed_Data\master_thesis_labels.csv
2026-04-18 18:26:04 │ INFO     │ MERDataset                     │ Tensor dir      : C:\Users\Addhyan\Desktop\Thesis\Thesis3\Processed_Data\tensors
2026-04-18 18:26:04 │ INFO     │ MERDataset                     │ Expression filter: macro-expression
2026-04-18 18:26:04 │ INFO     │ MERDataset                     │ Emotion mapping : {'Negative': 0, 'Positive': 1, 'Surprise': 2, 'Others': 3}
2026-04-18 18:26:04 │ INFO     │ MERDataset                     │ Loaded CSV: 612 rows × 15 columns
2026-04-18 18:26:04 │ INFO     │ MERDataset                     │ Expression filter 'macro-expression': 612 → 300 rows (dropped 312)
2026-04-18 18:26:04 │ INFO     │ MERDataset                     │ Subject ID mapping: 20 unique subjects → [0, 19]
2026-04-18 18:26:04 │ INFO     │ MERDataset                     │ Tensor matching results:
2026-04-18 18:26:04 │ INFO     │ MERDataset                     │   Matched  : 252
2026-04-18 18:26:04 │ INFO     │ MERDataset                     │   Missing  : 48 (no .npy file on disk)
2026-04-18 18:26:04 │ INFO     │ MERDataset                     │   Unknown  : 0 (emotion not in map)
2026-04-18 18:26:04 │ INFO     │ MERDataset                     │ Emotion class distribution:
2026-04-18 18:26:04 │ INFO     │ MERDataset                     │   Negative     (label=0) : 112 samples
2026-04-18 18:26:04 │ INFO     │ MERDataset                     │   Others       (label=3) : 10 samples
2026-04-18 18:26:04 │ INFO     │ MERDataset                     │   Positive     (label=1) : 106 samples
2026-04-18 18:26:04 │ INFO     │ MERDataset                     │   Surprise     (label=2) : 24 samples
2026-04-18 18:26:04 │ INFO     │ MERDataset                     │ Subject distribution (top 10):
2026-04-18 18:26:04 │ INFO     │ MERDataset                     │   Subject  15 → mapped_id=13 : 43 samples
2026-04-18 18:26:04 │ INFO     │ MERDataset                     │   Subject   2 → mapped_id=1 : 41 samples
2026-04-18 18:26:04 │ INFO     │ MERDataset                     │   Subject  11 → mapped_id=10 : 27 samples
2026-04-18 18:26:04 │ INFO     │ MERDataset                     │   Subject  14 → mapped_id=12 : 23 samples
2026-04-18 18:26:04 │ INFO     │ MERDataset                     │   Subject   8 → mapped_id=7 : 16 samples
2026-04-18 18:26:04 │ INFO     │ MERDataset                     │   Subject  13 → mapped_id=11 : 16 samples
2026-04-18 18:26:04 │ INFO     │ MERDataset                     │   Subject  20 → mapped_id=17 : 16 samples
2026-04-18 18:26:04 │ INFO     │ MERDataset                     │   Subject   1 → mapped_id=0 : 13 samples
2026-04-18 18:26:04 │ INFO     │ MERDataset                     │   Subject   6 → mapped_id=5 : 13 samples
2026-04-18 18:26:04 │ INFO     │ MERDataset                     │   Subject  21 → mapped_id=18 : 10 samples
2026-04-18 18:26:04 │ INFO     │ MERDataset                     │ ──────────────────────────────────────────────────────────────────────
2026-04-18 18:26:04 │ INFO     │ MERDataset                     │   Dataset Ready: 252 samples | 4 classes | 20 subjects
2026-04-18 18:26:04 │ INFO     │ MERDataset                     │ ──────────────────────────────────────────────────────────────────────
2026-04-18 18:26:04 │ INFO     │ MERDataset                     │ ──────────────────────────────────────────────────────────────────────
2026-04-18 18:26:04 │ INFO     │ MERDataset                     │   Subject-Disjoint Split (seed=42)
2026-04-18 18:26:04 │ INFO     │ MERDataset                     │ ──────────────────────────────────────────────────────────────────────
2026-04-18 18:26:04 │ INFO     │ MERDataset                     │   Total subjects: 20 → Train: 16 subjects (230 samples) | Val: 4 subjects (22 samples)
2026-04-18 18:26:04 │ INFO     │ MERDataset                     │   Val subjects  : [5, 6, 16, 22]
2026-04-18 18:26:04 │ INFO     │ MERDataset                     │   Train subjects: [1, 2, 3, 4, 7, 8, 9, 10, 11, 13, 14, 15, 17, 19, 20, 21]
2026-04-18 18:26:04 │ INFO     │ MERDataset                     │   ✓ Zero subject overlap verified.
2026-04-18 18:26:04 │ INFO     │ MERDataset                     │ ──────────────────────────────────────────────────────────────────────
2026-04-18 18:26:04 │ INFO     │ MERDataset                     │ Class weights (inverse freq): {'Negative': '0.5625', 'Positive': '0.5943', 'Surprise': '2.6250', 'Others': '6.3000'}
2026-04-18 18:26:06 │ DEBUG    │ AdversarialTrainer             │ Logger 'AdversarialTrainer' initialised.  Console=INFO  File=DEBUG  → C:\Users\Addhyan\Desktop\Thesis\Thesis3\Stage4_TransferLearning\logs\stage3_training.log
2026-04-18 18:26:06 │ INFO     │ AdversarialTrainer             │ ======================================================================
2026-04-18 18:26:06 │ INFO     │ AdversarialTrainer             │   AdversarialTrainer Configuration (SupCon)
2026-04-18 18:26:06 │ INFO     │ AdversarialTrainer             │ ======================================================================
2026-04-18 18:26:06 │ INFO     │ AdversarialTrainer             │ Device              : cuda
2026-04-18 18:26:06 │ INFO     │ AdversarialTrainer             │ Epochs              : 50
2026-04-18 18:26:06 │ INFO     │ AdversarialTrainer             │ Identity loss weight: 0.0000
2026-04-18 18:26:06 │ INFO     │ AdversarialTrainer             │ SupCon loss weight  : 1.0000
2026-04-18 18:26:06 │ INFO     │ AdversarialTrainer             │ GRL gamma           : 10.00
2026-04-18 18:26:06 │ INFO     │ AdversarialTrainer             │ Accumulation steps  : 4
2026-04-18 18:26:06 │ INFO     │ AdversarialTrainer             │ AMP enabled         : True
2026-04-18 18:26:06 │ INFO     │ AdversarialTrainer             │ Gradient clip norm  : 1.0
2026-04-18 18:26:06 │ INFO     │ AdversarialTrainer             │ Checkpoint dir      : C:\Users\Addhyan\Desktop\Thesis\Thesis3\Stage4_TransferLearning\checkpoints\phase1_macro
2026-04-18 18:26:06 │ INFO     │ AdversarialTrainer             │ Train batches       : 115
2026-04-18 18:26:06 │ INFO     │ AdversarialTrainer             │ Val batches         : 11
2026-04-18 18:26:06 │ INFO     │ AdversarialTrainer             │ No checkpoint found — starting fresh training.
2026-04-18 18:26:06 │ INFO     │ AdversarialTrainer             │ ======================================================================
2026-04-18 18:26:06 │ INFO     │ AdversarialTrainer             │   Training Start — Epoch 1/50
2026-04-18 18:26:06 │ INFO     │ AdversarialTrainer             │ ======================================================================
2026-04-18 18:26:14 │ DEBUG    │ AdversarialTrainer             │   Epoch 1 | Batch 23/115 | Loss: 4.2196 (SC: 3.9876, Emo: 0.2321, ID: 3.0190)
2026-04-18 18:26:21 │ DEBUG    │ AdversarialTrainer             │   Epoch 1 | Batch 46/115 | Loss: 4.7932 (SC: 4.2746, Emo: 0.5186, ID: 4.0859)
2026-04-18 18:26:29 │ DEBUG    │ AdversarialTrainer             │   Epoch 1 | Batch 69/115 | Loss: 5.0445 (SC: 4.2589, Emo: 0.7856, ID: 2.9961)
2026-04-18 18:26:37 │ DEBUG    │ AdversarialTrainer             │   Epoch 1 | Batch 92/115 | Loss: 7.4641 (SC: 4.3072, Emo: 3.1569, ID: 2.3682)
2026-04-18 18:26:45 │ DEBUG    │ AdversarialTrainer             │   Epoch 1 | Batch 115/115 | Loss: 8.8680 (SC: 4.2620, Emo: 4.6061, ID: 2.9707)
2026-04-18 18:26:46 │ INFO     │ AdversarialTrainer             │ ──────────────────────────────────────────────────────────────────────
2026-04-18 18:26:46 │ INFO     │ AdversarialTrainer             │ Epoch 1/50  [40.6s]  │  LR=0.000100  │  λ_GRL=0.0000
2026-04-18 18:26:46 │ INFO     │ AdversarialTrainer             │   Train │ Loss: 5.6664  (SC: 4.0183 × 1.0 + Emo: 1.6481 + 0.00 × ID: 3.2568)
2026-04-18 18:26:46 │ INFO     │ AdversarialTrainer             │   Train │ EmoAcc: 0.2696  │ IDAcc: 0.1217
2026-04-18 18:26:46 │ INFO     │ AdversarialTrainer             │   Val   │ Loss: 4.7695  (SC: 4.2547)  │ EmoAcc: 0.0909  │ IDAcc: 0.0000
2026-04-18 18:26:46 │ INFO     │ AdversarialTrainer             │ ──────────────────────────────────────────────────────────────────────
2026-04-18 18:26:46 │ DEBUG    │ AdversarialTrainer             │ Checkpoint saved: epoch=1 → C:\Users\Addhyan\Desktop\Thesis\Thesis3\Stage4_TransferLearning\checkpoints\phase1_macro\latest_checkpoint.pth
2026-04-18 18:26:46 │ INFO     │ AdversarialTrainer             │ ★ New best model saved: epoch=1, val_acc=0.0909 → C:\Users\Addhyan\Desktop\Thesis\Thesis3\Stage4_TransferLearning\checkpoints\phase1_macro\best_model.pth
2026-04-18 18:26:54 │ DEBUG    │ AdversarialTrainer             │   Epoch 2 | Batch 23/115 | Loss: 4.2700 (SC: 4.2452, Emo: 0.0248, ID: 3.5352)
2026-04-18 18:27:02 │ DEBUG    │ AdversarialTrainer             │   Epoch 2 | Batch 46/115 | Loss: 4.5380 (SC: 4.2101, Emo: 0.3278, ID: 3.0391)
2026-04-18 18:27:09 │ DEBUG    │ AdversarialTrainer             │   Epoch 2 | Batch 69/115 | Loss: 4.7040 (SC: 4.2364, Emo: 0.4675, ID: 3.7197)
2026-04-18 18:27:17 │ DEBUG    │ AdversarialTrainer             │   Epoch 2 | Batch 92/115 | Loss: 6.2496 (SC: 4.1254, Emo: 2.1242, ID: 2.5234)
2026-04-18 18:27:25 │ DEBUG    │ AdversarialTrainer             │   Epoch 2 | Batch 115/115 | Loss: 9.8689 (SC: 4.2721, Emo: 5.5968, ID: 1.9370)
2026-04-18 18:27:26 │ INFO     │ AdversarialTrainer             │ ──────────────────────────────────────────────────────────────────────
2026-04-18 18:27:26 │ INFO     │ AdversarialTrainer             │ Epoch 2/50  [40.0s]  │  LR=0.000100  │  λ_GRL=0.1017
2026-04-18 18:27:26 │ INFO     │ AdversarialTrainer             │   Train │ Loss: 5.5823  (SC: 4.2257 × 1.0 + Emo: 1.3566 + 0.00 × ID: 3.3722)
2026-04-18 18:27:26 │ INFO     │ AdversarialTrainer             │   Train │ EmoAcc: 0.3696  │ IDAcc: 0.0652
2026-04-18 18:27:26 │ INFO     │ AdversarialTrainer             │   Val   │ Loss: 4.8051  (SC: 4.2414)  │ EmoAcc: 0.1364  │ IDAcc: 0.0909
2026-04-18 18:27:26 │ INFO     │ AdversarialTrainer             │ ──────────────────────────────────────────────────────────────────────
2026-04-18 18:27:26 │ DEBUG    │ AdversarialTrainer             │ Checkpoint saved: epoch=2 → C:\Users\Addhyan\Desktop\Thesis\Thesis3\Stage4_TransferLearning\checkpoints\phase1_macro\latest_checkpoint.pth
2026-04-18 18:27:26 │ INFO     │ AdversarialTrainer             │ ★ New best model saved: epoch=2, val_acc=0.1364 → C:\Users\Addhyan\Desktop\Thesis\Thesis3\Stage4_TransferLearning\checkpoints\phase1_macro\best_model.pth
2026-04-18 18:27:35 │ DEBUG    │ AdversarialTrainer             │   Epoch 3 | Batch 23/115 | Loss: 4.2993 (SC: 4.2163, Emo: 0.0830, ID: 3.4473)
2026-04-18 18:27:42 │ DEBUG    │ AdversarialTrainer             │   Epoch 3 | Batch 46/115 | Loss: 5.3601 (SC: 4.2535, Emo: 1.1066, ID: 4.3320)
2026-04-18 18:27:49 │ DEBUG    │ AdversarialTrainer             │   Epoch 3 | Batch 69/115 | Loss: 5.8868 (SC: 4.2065, Emo: 1.6803, ID: 2.4233)
2026-04-18 18:27:56 │ DEBUG    │ AdversarialTrainer             │   Epoch 3 | Batch 92/115 | Loss: 4.5020 (SC: 4.2160, Emo: 0.2860, ID: 2.5586)
2026-04-18 18:28:03 │ DEBUG    │ AdversarialTrainer             │   Epoch 3 | Batch 115/115 | Loss: 5.4174 (SC: 4.2220, Emo: 1.1954, ID: 2.5435)
2026-04-18 18:28:05 │ INFO     │ AdversarialTrainer             │ ──────────────────────────────────────────────────────────────────────
2026-04-18 18:28:05 │ INFO     │ AdversarialTrainer             │ Epoch 3/50  [38.2s]  │  LR=0.000100  │  λ_GRL=0.2013
2026-04-18 18:28:05 │ INFO     │ AdversarialTrainer             │   Train │ Loss: 5.4732  (SC: 4.2044 × 1.0 + Emo: 1.2688 + 0.00 × ID: 3.3510)
2026-04-18 18:28:05 │ INFO     │ AdversarialTrainer             │   Train │ EmoAcc: 0.2870  │ IDAcc: 0.0913
2026-04-18 18:28:05 │ INFO     │ AdversarialTrainer             │   Val   │ Loss: 4.7065  (SC: 4.1972)  │ EmoAcc: 0.0909  │ IDAcc: 0.0909
2026-04-18 18:28:05 │ INFO     │ AdversarialTrainer             │ ──────────────────────────────────────────────────────────────────────
2026-04-18 18:28:05 │ DEBUG    │ AdversarialTrainer             │ Checkpoint saved: epoch=3 → C:\Users\Addhyan\Desktop\Thesis\Thesis3\Stage4_TransferLearning\checkpoints\phase1_macro\latest_checkpoint.pth
2026-04-18 18:28:12 │ DEBUG    │ AdversarialTrainer             │   Epoch 4 | Batch 23/115 | Loss: 9.2207 (SC: 4.2030, Emo: 5.0177, ID: 4.1875)
2026-04-18 18:28:19 │ DEBUG    │ AdversarialTrainer             │   Epoch 4 | Batch 46/115 | Loss: 5.0147 (SC: 4.1740, Emo: 0.8407, ID: 2.7832)
2026-04-18 18:28:26 │ DEBUG    │ AdversarialTrainer             │   Epoch 4 | Batch 69/115 | Loss: 4.8121 (SC: 4.1638, Emo: 0.6483, ID: 3.5771)
2026-04-18 18:28:32 │ DEBUG    │ AdversarialTrainer             │   Epoch 4 | Batch 92/115 | Loss: 5.2437 (SC: 4.1632, Emo: 1.0805, ID: 1.8625)
2026-04-18 18:28:39 │ DEBUG    │ AdversarialTrainer             │   Epoch 4 | Batch 115/115 | Loss: 15.8930 (SC: 4.3684, Emo: 11.5246, ID: 2.9473)
2026-04-18 18:28:41 │ INFO     │ AdversarialTrainer             │ ──────────────────────────────────────────────────────────────────────
2026-04-18 18:28:41 │ INFO     │ AdversarialTrainer             │ Epoch 4/50  [36.0s]  │  LR=0.000099  │  λ_GRL=0.2969
2026-04-18 18:28:41 │ INFO     │ AdversarialTrainer             │   Train │ Loss: 5.7461  (SC: 4.1946 × 1.0 + Emo: 1.5516 + 0.00 × ID: 3.4454)
2026-04-18 18:28:41 │ INFO     │ AdversarialTrainer             │   Train │ EmoAcc: 0.2913  │ IDAcc: 0.0478
2026-04-18 18:28:41 │ INFO     │ AdversarialTrainer             │   Val   │ Loss: 4.7229  (SC: 4.1863)  │ EmoAcc: 0.2727  │ IDAcc: 0.0455
2026-04-18 18:28:41 │ INFO     │ AdversarialTrainer             │ ──────────────────────────────────────────────────────────────────────
2026-04-18 18:28:41 │ DEBUG    │ AdversarialTrainer             │ Checkpoint saved: epoch=4 → C:\Users\Addhyan\Desktop\Thesis\Thesis3\Stage4_TransferLearning\checkpoints\phase1_macro\latest_checkpoint.pth
2026-04-18 18:28:41 │ INFO     │ AdversarialTrainer             │ ★ New best model saved: epoch=4, val_acc=0.2727 → C:\Users\Addhyan\Desktop\Thesis\Thesis3\Stage4_TransferLearning\checkpoints\phase1_macro\best_model.pth
2026-04-18 18:28:48 │ DEBUG    │ AdversarialTrainer             │   Epoch 5 | Batch 23/115 | Loss: 4.4298 (SC: 4.1680, Emo: 0.2618, ID: 3.1943)
2026-04-18 18:28:55 │ DEBUG    │ AdversarialTrainer             │   Epoch 5 | Batch 46/115 | Loss: 5.3370 (SC: 4.1838, Emo: 1.1532, ID: 3.6631)
2026-04-18 18:29:02 │ DEBUG    │ AdversarialTrainer             │   Epoch 5 | Batch 69/115 | Loss: 4.2223 (SC: 4.1750, Emo: 0.0473, ID: 4.0098)
2026-04-18 18:29:09 │ DEBUG    │ AdversarialTrainer             │   Epoch 5 | Batch 92/115 | Loss: 4.6286 (SC: 4.1780, Emo: 0.4507, ID: 3.7930)
2026-04-18 18:29:15 │ DEBUG    │ AdversarialTrainer             │   Epoch 5 | Batch 115/115 | Loss: 4.7320 (SC: 4.2087, Emo: 0.5233, ID: 2.7490)
2026-04-18 18:29:17 │ INFO     │ AdversarialTrainer             │ ──────────────────────────────────────────────────────────────────────
2026-04-18 18:29:17 │ INFO     │ AdversarialTrainer             │ Epoch 5/50  [36.1s]  │  LR=0.000098  │  λ_GRL=0.3869
2026-04-18 18:29:17 │ INFO     │ AdversarialTrainer             │   Train │ Loss: 5.4992  (SC: 4.1802 × 1.0 + Emo: 1.3190 + 0.00 × ID: 3.4480)
2026-04-18 18:29:17 │ INFO     │ AdversarialTrainer             │   Train │ EmoAcc: 0.3565  │ IDAcc: 0.0870
2026-04-18 18:29:17 │ INFO     │ AdversarialTrainer             │   Val   │ Loss: 4.6578  (SC: 4.1941)  │ EmoAcc: 0.0455  │ IDAcc: 0.0455
2026-04-18 18:29:17 │ INFO     │ AdversarialTrainer             │ ──────────────────────────────────────────────────────────────────────
2026-04-18 18:29:17 │ DEBUG    │ AdversarialTrainer             │ Checkpoint saved: epoch=5 → C:\Users\Addhyan\Desktop\Thesis\Thesis3\Stage4_TransferLearning\checkpoints\phase1_macro\latest_checkpoint.pth
2026-04-18 18:29:24 │ DEBUG    │ AdversarialTrainer             │   Epoch 6 | Batch 23/115 | Loss: 4.5883 (SC: 4.2063, Emo: 0.3820, ID: 2.3457)
2026-04-18 18:29:31 │ DEBUG    │ AdversarialTrainer             │   Epoch 6 | Batch 46/115 | Loss: 4.6912 (SC: 4.1652, Emo: 0.5260, ID: 3.2783)
2026-04-18 18:29:38 │ DEBUG    │ AdversarialTrainer             │   Epoch 6 | Batch 69/115 | Loss: 4.5502 (SC: 4.2066, Emo: 0.3436, ID: 2.9160)
2026-04-18 18:29:45 │ DEBUG    │ AdversarialTrainer             │   Epoch 6 | Batch 92/115 | Loss: 4.7343 (SC: 4.1786, Emo: 0.5557, ID: 3.5840)
2026-04-18 18:29:52 │ DEBUG    │ AdversarialTrainer             │   Epoch 6 | Batch 115/115 | Loss: 4.2946 (SC: 4.1672, Emo: 0.1274, ID: 4.3779)
2026-04-18 18:29:53 │ INFO     │ AdversarialTrainer             │ ──────────────────────────────────────────────────────────────────────
2026-04-18 18:29:53 │ INFO     │ AdversarialTrainer             │ Epoch 6/50  [36.1s]  │  LR=0.000098  │  λ_GRL=0.4701
2026-04-18 18:29:53 │ INFO     │ AdversarialTrainer             │   Train │ Loss: 5.5765  (SC: 4.1783 × 1.0 + Emo: 1.3982 + 0.00 × ID: 3.3698)
2026-04-18 18:29:53 │ INFO     │ AdversarialTrainer             │   Train │ EmoAcc: 0.2870  │ IDAcc: 0.1043
2026-04-18 18:29:53 │ INFO     │ AdversarialTrainer             │   Val   │ Loss: 4.6153  (SC: 4.1828)  │ EmoAcc: 0.5455  │ IDAcc: 0.0455
2026-04-18 18:29:53 │ INFO     │ AdversarialTrainer             │ ──────────────────────────────────────────────────────────────────────
2026-04-18 18:29:53 │ DEBUG    │ AdversarialTrainer             │ Checkpoint saved: epoch=6 → C:\Users\Addhyan\Desktop\Thesis\Thesis3\Stage4_TransferLearning\checkpoints\phase1_macro\latest_checkpoint.pth
2026-04-18 18:29:53 │ INFO     │ AdversarialTrainer             │ ★ New best model saved: epoch=6, val_acc=0.5455 → C:\Users\Addhyan\Desktop\Thesis\Thesis3\Stage4_TransferLearning\checkpoints\phase1_macro\best_model.pth
2026-04-18 18:30:00 │ DEBUG    │ AdversarialTrainer             │   Epoch 7 | Batch 23/115 | Loss: 4.5582 (SC: 4.1776, Emo: 0.3806, ID: 2.2439)
2026-04-18 18:30:07 │ DEBUG    │ AdversarialTrainer             │   Epoch 7 | Batch 46/115 | Loss: 4.3349 (SC: 4.1741, Emo: 0.1608, ID: 3.4268)
2026-04-18 18:30:14 │ DEBUG    │ AdversarialTrainer             │   Epoch 7 | Batch 69/115 | Loss: 4.6576 (SC: 4.1956, Emo: 0.4620, ID: 4.1631)
2026-04-18 18:30:21 │ DEBUG    │ AdversarialTrainer             │   Epoch 7 | Batch 92/115 | Loss: 5.0159 (SC: 4.1825, Emo: 0.8333, ID: 3.2314)
2026-04-18 18:30:28 │ DEBUG    │ AdversarialTrainer             │   Epoch 7 | Batch 115/115 | Loss: 5.0461 (SC: 4.1804, Emo: 0.8657, ID: 4.6592)
2026-04-18 18:30:29 │ INFO     │ AdversarialTrainer             │ ──────────────────────────────────────────────────────────────────────
2026-04-18 18:30:29 │ INFO     │ AdversarialTrainer             │ Epoch 7/50  [36.2s]  │  LR=0.000096  │  λ_GRL=0.5457
2026-04-18 18:30:29 │ INFO     │ AdversarialTrainer             │   Train │ Loss: 5.6120  (SC: 4.1774 × 1.0 + Emo: 1.4346 + 0.00 × ID: 3.5482)
2026-04-18 18:30:29 │ INFO     │ AdversarialTrainer             │   Train │ EmoAcc: 0.3174  │ IDAcc: 0.0565
2026-04-18 18:30:29 │ INFO     │ AdversarialTrainer             │   Val   │ Loss: 4.5819  (SC: 4.1872)  │ EmoAcc: 0.5909  │ IDAcc: 0.0455
2026-04-18 18:30:29 │ INFO     │ AdversarialTrainer             │ ──────────────────────────────────────────────────────────────────────
2026-04-18 18:30:29 │ DEBUG    │ AdversarialTrainer             │ Checkpoint saved: epoch=7 → C:\Users\Addhyan\Desktop\Thesis\Thesis3\Stage4_TransferLearning\checkpoints\phase1_macro\latest_checkpoint.pth
2026-04-18 18:30:29 │ INFO     │ AdversarialTrainer             │ ★ New best model saved: epoch=7, val_acc=0.5909 → C:\Users\Addhyan\Desktop\Thesis\Thesis3\Stage4_TransferLearning\checkpoints\phase1_macro\best_model.pth
2026-04-18 18:30:36 │ DEBUG    │ AdversarialTrainer             │   Epoch 8 | Batch 23/115 | Loss: 5.6689 (SC: 4.2059, Emo: 1.4630, ID: 4.0166)
2026-04-18 18:30:43 │ DEBUG    │ AdversarialTrainer             │   Epoch 8 | Batch 46/115 | Loss: 4.6031 (SC: 4.1976, Emo: 0.4055, ID: 3.0669)
2026-04-18 18:30:50 │ DEBUG    │ AdversarialTrainer             │   Epoch 8 | Batch 69/115 | Loss: 6.1866 (SC: 4.1926, Emo: 1.9940, ID: 4.8047)
2026-04-18 18:30:57 │ DEBUG    │ AdversarialTrainer             │   Epoch 8 | Batch 92/115 | Loss: 4.5671 (SC: 4.1793, Emo: 0.3878, ID: 3.7061)
2026-04-18 18:31:04 │ DEBUG    │ AdversarialTrainer             │   Epoch 8 | Batch 115/115 | Loss: 4.2817 (SC: 4.1705, Emo: 0.1111, ID: 1.9971)
2026-04-18 18:31:05 │ INFO     │ AdversarialTrainer             │ ──────────────────────────────────────────────────────────────────────
2026-04-18 18:31:05 │ INFO     │ AdversarialTrainer             │ Epoch 8/50  [36.1s]  │  LR=0.000095  │  λ_GRL=0.6134
2026-04-18 18:31:05 │ INFO     │ AdversarialTrainer             │   Train │ Loss: 5.5331  (SC: 4.1829 × 1.0 + Emo: 1.3502 + 0.00 × ID: 3.6093)
2026-04-18 18:31:05 │ INFO     │ AdversarialTrainer             │   Train │ EmoAcc: 0.3174  │ IDAcc: 0.0870
2026-04-18 18:31:05 │ INFO     │ AdversarialTrainer             │   Val   │ Loss: 4.7286  (SC: 4.1795)  │ EmoAcc: 0.2273  │ IDAcc: 0.0000
2026-04-18 18:31:05 │ INFO     │ AdversarialTrainer             │ ──────────────────────────────────────────────────────────────────────
2026-04-18 18:31:05 │ DEBUG    │ AdversarialTrainer             │ Checkpoint saved: epoch=8 → C:\Users\Addhyan\Desktop\Thesis\Thesis3\Stage4_TransferLearning\checkpoints\phase1_macro\latest_checkpoint.pth
2026-04-18 18:31:12 │ DEBUG    │ AdversarialTrainer             │   Epoch 9 | Batch 23/115 | Loss: 5.4016 (SC: 4.1943, Emo: 1.2074, ID: 4.1426)
2026-04-18 18:31:19 │ DEBUG    │ AdversarialTrainer             │   Epoch 9 | Batch 46/115 | Loss: 4.4450 (SC: 4.1816, Emo: 0.2634, ID: 4.1367)
2026-04-18 18:31:26 │ DEBUG    │ AdversarialTrainer             │   Epoch 9 | Batch 69/115 | Loss: 12.3627 (SC: 4.1270, Emo: 8.2357, ID: 3.1270)
2026-04-18 18:31:33 │ DEBUG    │ AdversarialTrainer             │   Epoch 9 | Batch 92/115 | Loss: 15.6306 (SC: 4.2034, Emo: 11.4272, ID: 2.7021)
2026-04-18 18:31:40 │ DEBUG    │ AdversarialTrainer             │   Epoch 9 | Batch 115/115 | Loss: 4.5221 (SC: 4.1877, Emo: 0.3343, ID: 4.3252)
2026-04-18 18:31:42 │ INFO     │ AdversarialTrainer             │ ──────────────────────────────────────────────────────────────────────
2026-04-18 18:31:42 │ INFO     │ AdversarialTrainer             │ Epoch 9/50  [36.1s]  │  LR=0.000094  │  λ_GRL=0.6731
2026-04-18 18:31:42 │ INFO     │ AdversarialTrainer             │   Train │ Loss: 5.4092  (SC: 4.1804 × 1.0 + Emo: 1.2288 + 0.00 × ID: 3.6253)
2026-04-18 18:31:42 │ INFO     │ AdversarialTrainer             │   Train │ EmoAcc: 0.3130  │ IDAcc: 0.0739
2026-04-18 18:31:42 │ INFO     │ AdversarialTrainer             │   Val   │ Loss: 4.5745  (SC: 4.1744)  │ EmoAcc: 0.5455  │ IDAcc: 0.0455
2026-04-18 18:31:42 │ INFO     │ AdversarialTrainer             │ ──────────────────────────────────────────────────────────────────────
2026-04-18 18:31:42 │ DEBUG    │ AdversarialTrainer             │ Checkpoint saved: epoch=9 → C:\Users\Addhyan\Desktop\Thesis\Thesis3\Stage4_TransferLearning\checkpoints\phase1_macro\latest_checkpoint.pth
2026-04-18 18:31:49 │ DEBUG    │ AdversarialTrainer             │   Epoch 10 | Batch 23/115 | Loss: 6.5775 (SC: 4.1964, Emo: 2.3812, ID: 5.6816)
2026-04-18 18:31:56 │ DEBUG    │ AdversarialTrainer             │   Epoch 10 | Batch 46/115 | Loss: 4.4038 (SC: 4.1806, Emo: 0.2231, ID: 2.0200)
2026-04-18 18:32:03 │ DEBUG    │ AdversarialTrainer             │   Epoch 10 | Batch 69/115 | Loss: 4.8630 (SC: 4.1917, Emo: 0.6713, ID: 4.7109)
2026-04-18 18:32:10 │ DEBUG    │ AdversarialTrainer             │   Epoch 10 | Batch 92/115 | Loss: 4.6969 (SC: 4.1833, Emo: 0.5137, ID: 3.4014)
2026-04-18 18:32:17 │ DEBUG    │ AdversarialTrainer             │   Epoch 10 | Batch 115/115 | Loss: 4.7111 (SC: 4.1525, Emo: 0.5587, ID: 3.7480)
2026-04-18 18:32:18 │ INFO     │ AdversarialTrainer             │ ──────────────────────────────────────────────────────────────────────
2026-04-18 18:32:18 │ INFO     │ AdversarialTrainer             │ Epoch 10/50  [36.3s]  │  LR=0.000092  │  λ_GRL=0.7251
2026-04-18 18:32:18 │ INFO     │ AdversarialTrainer             │   Train │ Loss: 5.5547  (SC: 4.1769 × 1.0 + Emo: 1.3778 + 0.00 × ID: 3.5637)
2026-04-18 18:32:18 │ INFO     │ AdversarialTrainer             │   Train │ EmoAcc: 0.3522  │ IDAcc: 0.1130
2026-04-18 18:32:18 │ INFO     │ AdversarialTrainer             │   Val   │ Loss: 4.6248  (SC: 4.1812)  │ EmoAcc: 0.5455  │ IDAcc: 0.0000
2026-04-18 18:32:18 │ INFO     │ AdversarialTrainer             │ ──────────────────────────────────────────────────────────────────────
2026-04-18 18:32:18 │ DEBUG    │ AdversarialTrainer             │ Checkpoint saved: epoch=10 → C:\Users\Addhyan\Desktop\Thesis\Thesis3\Stage4_TransferLearning\checkpoints\phase1_macro\latest_checkpoint.pth
2026-04-18 18:32:25 │ DEBUG    │ AdversarialTrainer             │   Epoch 11 | Batch 23/115 | Loss: 4.6114 (SC: 4.1756, Emo: 0.4358, ID: 3.3721)
2026-04-18 18:32:32 │ DEBUG    │ AdversarialTrainer             │   Epoch 11 | Batch 46/115 | Loss: 4.2336 (SC: 4.1751, Emo: 0.0585, ID: 2.2852)
2026-04-18 18:32:39 │ DEBUG    │ AdversarialTrainer             │   Epoch 11 | Batch 69/115 | Loss: 4.9905 (SC: 4.1687, Emo: 0.8218, ID: 2.7861)
2026-04-18 18:32:46 │ DEBUG    │ AdversarialTrainer             │   Epoch 11 | Batch 92/115 | Loss: 4.7730 (SC: 4.1596, Emo: 0.6134, ID: 5.5996)
2026-04-18 18:32:53 │ DEBUG    │ AdversarialTrainer             │   Epoch 11 | Batch 115/115 | Loss: 4.6743 (SC: 4.1877, Emo: 0.4866, ID: 4.2529)
2026-04-18 18:32:54 │ INFO     │ AdversarialTrainer             │ ──────────────────────────────────────────────────────────────────────
2026-04-18 18:32:54 │ INFO     │ AdversarialTrainer             │ Epoch 11/50  [36.2s]  │  LR=0.000090  │  λ_GRL=0.7700
2026-04-18 18:32:54 │ INFO     │ AdversarialTrainer             │   Train │ Loss: 5.5129  (SC: 4.1777 × 1.0 + Emo: 1.3352 + 0.00 × ID: 3.5502)
2026-04-18 18:32:54 │ INFO     │ AdversarialTrainer             │   Train │ EmoAcc: 0.3870  │ IDAcc: 0.0826
2026-04-18 18:32:54 │ INFO     │ AdversarialTrainer             │   Val   │ Loss: 4.6319  (SC: 4.1762)  │ EmoAcc: 0.0909  │ IDAcc: 0.0000
2026-04-18 18:32:54 │ INFO     │ AdversarialTrainer             │ ──────────────────────────────────────────────────────────────────────
2026-04-18 18:32:54 │ DEBUG    │ AdversarialTrainer             │ Checkpoint saved: epoch=11 → C:\Users\Addhyan\Desktop\Thesis\Thesis3\Stage4_TransferLearning\checkpoints\phase1_macro\latest_checkpoint.pth
2026-04-18 18:33:01 │ DEBUG    │ AdversarialTrainer             │   Epoch 12 | Batch 23/115 | Loss: 12.3228 (SC: 4.1619, Emo: 8.1609, ID: 4.7676)
2026-04-18 18:33:08 │ DEBUG    │ AdversarialTrainer             │   Epoch 12 | Batch 46/115 | Loss: 7.3062 (SC: 4.2071, Emo: 3.0991, ID: 4.0791)
2026-04-18 18:33:15 │ DEBUG    │ AdversarialTrainer             │   Epoch 12 | Batch 69/115 | Loss: 4.9075 (SC: 4.1950, Emo: 0.7125, ID: 4.5898)
2026-04-18 18:33:22 │ DEBUG    │ AdversarialTrainer             │   Epoch 12 | Batch 92/115 | Loss: 4.5033 (SC: 4.1613, Emo: 0.3420, ID: 3.2393)
2026-04-18 18:33:29 │ DEBUG    │ AdversarialTrainer             │   Epoch 12 | Batch 115/115 | Loss: 10.1965 (SC: 4.1647, Emo: 6.0318, ID: 3.1064)
2026-04-18 18:33:30 │ INFO     │ AdversarialTrainer             │ ──────────────────────────────────────────────────────────────────────
2026-04-18 18:33:30 │ INFO     │ AdversarialTrainer             │ Epoch 12/50  [36.2s]  │  LR=0.000089  │  λ_GRL=0.8084
2026-04-18 18:33:30 │ INFO     │ AdversarialTrainer             │   Train │ Loss: 5.3525  (SC: 4.1746 × 1.0 + Emo: 1.1779 + 0.00 × ID: 3.6145)
2026-04-18 18:33:30 │ INFO     │ AdversarialTrainer             │   Train │ EmoAcc: 0.3652  │ IDAcc: 0.1304
2026-04-18 18:33:30 │ INFO     │ AdversarialTrainer             │   Val   │ Loss: 4.5993  (SC: 4.1729)  │ EmoAcc: 0.5909  │ IDAcc: 0.0000
2026-04-18 18:33:30 │ INFO     │ AdversarialTrainer             │ ──────────────────────────────────────────────────────────────────────
2026-04-18 18:33:30 │ DEBUG    │ AdversarialTrainer             │ Checkpoint saved: epoch=12 → C:\Users\Addhyan\Desktop\Thesis\Thesis3\Stage4_TransferLearning\checkpoints\phase1_macro\latest_checkpoint.pth
2026-04-18 18:33:37 │ DEBUG    │ AdversarialTrainer             │   Epoch 13 | Batch 23/115 | Loss: 5.8911 (SC: 4.1798, Emo: 1.7113, ID: 3.0317)
2026-04-18 18:33:44 │ DEBUG    │ AdversarialTrainer             │   Epoch 13 | Batch 46/115 | Loss: 7.6280 (SC: 4.1710, Emo: 3.4570, ID: 4.3906)
2026-04-18 18:33:51 │ DEBUG    │ AdversarialTrainer             │   Epoch 13 | Batch 69/115 | Loss: 4.6002 (SC: 4.1763, Emo: 0.4238, ID: 2.9756)
2026-04-18 18:33:58 │ DEBUG    │ AdversarialTrainer             │   Epoch 13 | Batch 92/115 | Loss: 14.1598 (SC: 4.1503, Emo: 10.0095, ID: 3.5879)
2026-04-18 18:34:05 │ DEBUG    │ AdversarialTrainer             │   Epoch 13 | Batch 115/115 | Loss: 4.8103 (SC: 4.1695, Emo: 0.6409, ID: 4.7920)
2026-04-18 18:34:07 │ INFO     │ AdversarialTrainer             │ ──────────────────────────────────────────────────────────────────────
2026-04-18 18:34:07 │ INFO     │ AdversarialTrainer             │ Epoch 13/50  [36.3s]  │  LR=0.000086  │  λ_GRL=0.8410
2026-04-18 18:34:07 │ INFO     │ AdversarialTrainer             │   Train │ Loss: 5.4529  (SC: 4.1779 × 1.0 + Emo: 1.2751 + 0.00 × ID: 3.6565)
2026-04-18 18:34:07 │ INFO     │ AdversarialTrainer             │   Train │ EmoAcc: 0.2826  │ IDAcc: 0.1174
2026-04-18 18:34:07 │ INFO     │ AdversarialTrainer             │   Val   │ Loss: 4.6292  (SC: 4.1765)  │ EmoAcc: 0.0909  │ IDAcc: 0.0000
2026-04-18 18:34:07 │ INFO     │ AdversarialTrainer             │ ──────────────────────────────────────────────────────────────────────
2026-04-18 18:34:07 │ DEBUG    │ AdversarialTrainer             │ Checkpoint saved: epoch=13 → C:\Users\Addhyan\Desktop\Thesis\Thesis3\Stage4_TransferLearning\checkpoints\phase1_macro\latest_checkpoint.pth
2026-04-18 18:34:14 │ DEBUG    │ AdversarialTrainer             │   Epoch 14 | Batch 23/115 | Loss: 4.7186 (SC: 4.1798, Emo: 0.5389, ID: 4.7891)
2026-04-18 18:34:21 │ DEBUG    │ AdversarialTrainer             │   Epoch 14 | Batch 46/115 | Loss: 4.9013 (SC: 4.1814, Emo: 0.7200, ID: 2.1777)
2026-04-18 18:34:28 │ DEBUG    │ AdversarialTrainer             │   Epoch 14 | Batch 69/115 | Loss: 4.6572 (SC: 4.1770, Emo: 0.4801, ID: 3.1816)
2026-04-18 18:34:35 │ DEBUG    │ AdversarialTrainer             │   Epoch 14 | Batch 92/115 | Loss: 4.2681 (SC: 4.1815, Emo: 0.0866, ID: 4.1787)
2026-04-18 18:34:41 │ DEBUG    │ AdversarialTrainer             │   Epoch 14 | Batch 115/115 | Loss: 4.2461 (SC: 4.1955, Emo: 0.0506, ID: 3.0020)
2026-04-18 18:34:43 │ INFO     │ AdversarialTrainer             │ ──────────────────────────────────────────────────────────────────────
2026-04-18 18:34:43 │ INFO     │ AdversarialTrainer             │ Epoch 14/50  [36.2s]  │  LR=0.000084  │  λ_GRL=0.8684
2026-04-18 18:34:43 │ INFO     │ AdversarialTrainer             │   Train │ Loss: 5.3395  (SC: 4.1781 × 1.0 + Emo: 1.1614 + 0.00 × ID: 3.6734)
2026-04-18 18:34:43 │ INFO     │ AdversarialTrainer             │   Train │ EmoAcc: 0.3957  │ IDAcc: 0.1174
2026-04-18 18:34:43 │ INFO     │ AdversarialTrainer             │   Val   │ Loss: 4.5861  (SC: 4.1845)  │ EmoAcc: 0.5909  │ IDAcc: 0.0000
2026-04-18 18:34:43 │ INFO     │ AdversarialTrainer             │ ──────────────────────────────────────────────────────────────────────
2026-04-18 18:34:43 │ DEBUG    │ AdversarialTrainer             │ Checkpoint saved: epoch=14 → C:\Users\Addhyan\Desktop\Thesis\Thesis3\Stage4_TransferLearning\checkpoints\phase1_macro\latest_checkpoint.pth
2026-04-18 18:34:50 │ DEBUG    │ AdversarialTrainer             │   Epoch 15 | Batch 23/115 | Loss: 4.3437 (SC: 4.1871, Emo: 0.1566, ID: 1.9312)
2026-04-18 18:34:57 │ DEBUG    │ AdversarialTrainer             │   Epoch 15 | Batch 46/115 | Loss: 4.6826 (SC: 4.1761, Emo: 0.5065, ID: 3.6396)
2026-04-18 18:35:04 │ DEBUG    │ AdversarialTrainer             │   Epoch 15 | Batch 69/115 | Loss: 4.3823 (SC: 4.1827, Emo: 0.1996, ID: 2.0740)
2026-04-18 18:35:11 │ DEBUG    │ AdversarialTrainer             │   Epoch 15 | Batch 92/115 | Loss: 6.4191 (SC: 4.1677, Emo: 2.2514, ID: 3.4146)
2026-04-18 18:35:18 │ DEBUG    │ AdversarialTrainer             │   Epoch 15 | Batch 115/115 | Loss: 4.5422 (SC: 4.1806, Emo: 0.3617, ID: 4.7520)
2026-04-18 18:35:19 │ INFO     │ AdversarialTrainer             │ ──────────────────────────────────────────────────────────────────────
2026-04-18 18:35:19 │ INFO     │ AdversarialTrainer             │ Epoch 15/50  [36.2s]  │  LR=0.000082  │  λ_GRL=0.8914
2026-04-18 18:35:19 │ INFO     │ AdversarialTrainer             │   Train │ Loss: 5.6167  (SC: 4.1750 × 1.0 + Emo: 1.4417 + 0.00 × ID: 3.7806)
2026-04-18 18:35:19 │ INFO     │ AdversarialTrainer             │   Train │ EmoAcc: 0.3913  │ IDAcc: 0.0696
2026-04-18 18:35:19 │ INFO     │ AdversarialTrainer             │   Val   │ Loss: 4.5681  (SC: 4.1763)  │ EmoAcc: 0.5909  │ IDAcc: 0.1364
2026-04-18 18:35:19 │ INFO     │ AdversarialTrainer             │ ──────────────────────────────────────────────────────────────────────
2026-04-18 18:35:19 │ DEBUG    │ AdversarialTrainer             │ Checkpoint saved: epoch=15 → C:\Users\Addhyan\Desktop\Thesis\Thesis3\Stage4_TransferLearning\checkpoints\phase1_macro\latest_checkpoint.pth
2026-04-18 18:35:26 │ DEBUG    │ AdversarialTrainer             │   Epoch 16 | Batch 23/115 | Loss: 4.6349 (SC: 4.1714, Emo: 0.4635, ID: 3.6172)
2026-04-18 18:35:33 │ DEBUG    │ AdversarialTrainer             │   Epoch 16 | Batch 46/115 | Loss: 4.5671 (SC: 4.1726, Emo: 0.3945, ID: 4.7656)
2026-04-18 18:35:40 │ DEBUG    │ AdversarialTrainer             │   Epoch 16 | Batch 69/115 | Loss: 4.8438 (SC: 4.1667, Emo: 0.6770, ID: 4.5762)
2026-04-18 18:35:47 │ DEBUG    │ AdversarialTrainer             │   Epoch 16 | Batch 92/115 | Loss: 8.6418 (SC: 4.1925, Emo: 4.4493, ID: 2.7544)
2026-04-18 18:35:54 │ DEBUG    │ AdversarialTrainer             │   Epoch 16 | Batch 115/115 | Loss: 4.3653 (SC: 4.1826, Emo: 0.1828, ID: 2.8025)
2026-04-18 18:35:55 │ INFO     │ AdversarialTrainer             │ ──────────────────────────────────────────────────────────────────────
2026-04-18 18:35:55 │ INFO     │ AdversarialTrainer             │ Epoch 16/50  [36.2s]  │  LR=0.000079  │  λ_GRL=0.9105
2026-04-18 18:35:55 │ INFO     │ AdversarialTrainer             │   Train │ Loss: 5.2800  (SC: 4.1751 × 1.0 + Emo: 1.1049 + 0.00 × ID: 3.8217)
2026-04-18 18:35:55 │ INFO     │ AdversarialTrainer             │   Train │ EmoAcc: 0.3174  │ IDAcc: 0.1000
2026-04-18 18:35:55 │ INFO     │ AdversarialTrainer             │   Val   │ Loss: 4.6691  (SC: 4.1758)  │ EmoAcc: 0.0909  │ IDAcc: 0.0000
2026-04-18 18:35:55 │ INFO     │ AdversarialTrainer             │ ──────────────────────────────────────────────────────────────────────
2026-04-18 18:35:55 │ DEBUG    │ AdversarialTrainer             │ Checkpoint saved: epoch=16 → C:\Users\Addhyan\Desktop\Thesis\Thesis3\Stage4_TransferLearning\checkpoints\phase1_macro\latest_checkpoint.pth
2026-04-18 18:36:02 │ DEBUG    │ AdversarialTrainer             │   Epoch 17 | Batch 23/115 | Loss: 4.3646 (SC: 4.1782, Emo: 0.1864, ID: 2.4788)
2026-04-18 18:36:09 │ DEBUG    │ AdversarialTrainer             │   Epoch 17 | Batch 46/115 | Loss: 4.7392 (SC: 4.1843, Emo: 0.5549, ID: 3.7764)
2026-04-18 18:36:16 │ DEBUG    │ AdversarialTrainer             │   Epoch 17 | Batch 69/115 | Loss: 4.5201 (SC: 4.1807, Emo: 0.3394, ID: 5.0303)
2026-04-18 18:36:23 │ DEBUG    │ AdversarialTrainer             │   Epoch 17 | Batch 92/115 | Loss: 4.4762 (SC: 4.1794, Emo: 0.2968, ID: 3.1260)
2026-04-18 18:36:30 │ DEBUG    │ AdversarialTrainer             │   Epoch 17 | Batch 115/115 | Loss: 6.6814 (SC: 4.1558, Emo: 2.5256, ID: 4.6924)
2026-04-18 18:36:32 │ INFO     │ AdversarialTrainer             │ ──────────────────────────────────────────────────────────────────────
2026-04-18 18:36:32 │ INFO     │ AdversarialTrainer             │ Epoch 17/50  [36.2s]  │  LR=0.000077  │  λ_GRL=0.9264
2026-04-18 18:36:32 │ INFO     │ AdversarialTrainer             │   Train │ Loss: 5.5426  (SC: 4.1750 × 1.0 + Emo: 1.3676 + 0.00 × ID: 3.7324)
2026-04-18 18:36:32 │ INFO     │ AdversarialTrainer             │   Train │ EmoAcc: 0.3870  │ IDAcc: 0.0826
2026-04-18 18:36:32 │ INFO     │ AdversarialTrainer             │   Val   │ Loss: 4.6177  (SC: 4.1736)  │ EmoAcc: 0.5909  │ IDAcc: 0.0000
2026-04-18 18:36:32 │ INFO     │ AdversarialTrainer             │ ──────────────────────────────────────────────────────────────────────
2026-04-18 18:36:32 │ DEBUG    │ AdversarialTrainer             │ Checkpoint saved: epoch=17 → C:\Users\Addhyan\Desktop\Thesis\Thesis3\Stage4_TransferLearning\checkpoints\phase1_macro\latest_checkpoint.pth
2026-04-18 18:36:38 │ DEBUG    │ AdversarialTrainer             │   Epoch 18 | Batch 23/115 | Loss: 4.8064 (SC: 4.1764, Emo: 0.6300, ID: 2.9922)
2026-04-18 18:36:45 │ DEBUG    │ AdversarialTrainer             │   Epoch 18 | Batch 46/115 | Loss: 4.9908 (SC: 4.1810, Emo: 0.8097, ID: 6.1836)
2026-04-18 18:36:52 │ DEBUG    │ AdversarialTrainer             │   Epoch 18 | Batch 69/115 | Loss: 4.7488 (SC: 4.1708, Emo: 0.5780, ID: 3.1240)
2026-04-18 18:36:59 │ DEBUG    │ AdversarialTrainer             │   Epoch 18 | Batch 92/115 | Loss: 4.6294 (SC: 4.1714, Emo: 0.4580, ID: 5.6133)
2026-04-18 18:37:06 │ DEBUG    │ AdversarialTrainer             │   Epoch 18 | Batch 115/115 | Loss: 6.5015 (SC: 4.1683, Emo: 2.3332, ID: 3.8262)
2026-04-18 18:37:08 │ INFO     │ AdversarialTrainer             │ ──────────────────────────────────────────────────────────────────────
2026-04-18 18:37:08 │ INFO     │ AdversarialTrainer             │ Epoch 18/50  [36.2s]  │  LR=0.000074  │  λ_GRL=0.9396
2026-04-18 18:37:08 │ INFO     │ AdversarialTrainer             │   Train │ Loss: 5.2510  (SC: 4.1771 × 1.0 + Emo: 1.0739 + 0.00 × ID: 3.7721)
2026-04-18 18:37:08 │ INFO     │ AdversarialTrainer             │   Train │ EmoAcc: 0.3609  │ IDAcc: 0.1087
2026-04-18 18:37:08 │ INFO     │ AdversarialTrainer             │   Val   │ Loss: 4.6472  (SC: 4.1759)  │ EmoAcc: 0.2273  │ IDAcc: 0.0000
2026-04-18 18:37:08 │ INFO     │ AdversarialTrainer             │ ──────────────────────────────────────────────────────────────────────
2026-04-18 18:37:08 │ DEBUG    │ AdversarialTrainer             │ Checkpoint saved: epoch=18 → C:\Users\Addhyan\Desktop\Thesis\Thesis3\Stage4_TransferLearning\checkpoints\phase1_macro\latest_checkpoint.pth
2026-04-18 18:37:15 │ DEBUG    │ AdversarialTrainer             │   Epoch 19 | Batch 23/115 | Loss: 4.3225 (SC: 4.1761, Emo: 0.1464, ID: 3.6650)
2026-04-18 18:37:22 │ DEBUG    │ AdversarialTrainer             │   Epoch 19 | Batch 46/115 | Loss: 4.5864 (SC: 4.1698, Emo: 0.4166, ID: 1.9697)
2026-04-18 18:37:29 │ DEBUG    │ AdversarialTrainer             │   Epoch 19 | Batch 69/115 | Loss: 6.3640 (SC: 4.1557, Emo: 2.2083, ID: 3.2988)
2026-04-18 18:37:36 │ DEBUG    │ AdversarialTrainer             │   Epoch 19 | Batch 92/115 | Loss: 4.7199 (SC: 4.1735, Emo: 0.5463, ID: 3.6553)
2026-04-18 18:37:43 │ DEBUG    │ AdversarialTrainer             │   Epoch 19 | Batch 115/115 | Loss: 4.5119 (SC: 4.1790, Emo: 0.3329, ID: 4.1211)
2026-04-18 18:37:44 │ INFO     │ AdversarialTrainer             │ ──────────────────────────────────────────────────────────────────────
2026-04-18 18:37:44 │ INFO     │ AdversarialTrainer             │ Epoch 19/50  [36.1s]  │  LR=0.000071  │  λ_GRL=0.9505
2026-04-18 18:37:44 │ INFO     │ AdversarialTrainer             │   Train │ Loss: 5.3606  (SC: 4.1771 × 1.0 + Emo: 1.1834 + 0.00 × ID: 3.8968)
2026-04-18 18:37:44 │ INFO     │ AdversarialTrainer             │   Train │ EmoAcc: 0.3609  │ IDAcc: 0.0913
2026-04-18 18:37:44 │ INFO     │ AdversarialTrainer             │   Val   │ Loss: 4.5811  (SC: 4.1721)  │ EmoAcc: 0.6818  │ IDAcc: 0.0000
2026-04-18 18:37:44 │ INFO     │ AdversarialTrainer             │ ──────────────────────────────────────────────────────────────────────
2026-04-18 18:37:44 │ DEBUG    │ AdversarialTrainer             │ Checkpoint saved: epoch=19 → C:\Users\Addhyan\Desktop\Thesis\Thesis3\Stage4_TransferLearning\checkpoints\phase1_macro\latest_checkpoint.pth
2026-04-18 18:37:44 │ INFO     │ AdversarialTrainer             │ ★ New best model saved: epoch=19, val_acc=0.6818 → C:\Users\Addhyan\Desktop\Thesis\Thesis3\Stage4_TransferLearning\checkpoints\phase1_macro\best_model.pth
2026-04-18 18:37:51 │ DEBUG    │ AdversarialTrainer             │   Epoch 20 | Batch 23/115 | Loss: 4.2724 (SC: 4.1688, Emo: 0.1036, ID: 5.9746)
2026-04-18 18:37:58 │ DEBUG    │ AdversarialTrainer             │   Epoch 20 | Batch 46/115 | Loss: 4.5157 (SC: 4.1760, Emo: 0.3397, ID: 5.7754)
2026-04-18 18:38:05 │ DEBUG    │ AdversarialTrainer             │   Epoch 20 | Batch 69/115 | Loss: 4.7288 (SC: 4.1751, Emo: 0.5537, ID: 4.8096)
2026-04-18 18:38:12 │ DEBUG    │ AdversarialTrainer             │   Epoch 20 | Batch 92/115 | Loss: 4.7454 (SC: 4.1754, Emo: 0.5700, ID: 3.9365)
2026-04-18 18:38:19 │ DEBUG    │ AdversarialTrainer             │   Epoch 20 | Batch 115/115 | Loss: 4.7823 (SC: 4.1790, Emo: 0.6034, ID: 6.4785)
2026-04-18 18:38:20 │ INFO     │ AdversarialTrainer             │ ──────────────────────────────────────────────────────────────────────
2026-04-18 18:38:20 │ INFO     │ AdversarialTrainer             │ Epoch 20/50  [36.1s]  │  LR=0.000068  │  λ_GRL=0.9594
2026-04-18 18:38:20 │ INFO     │ AdversarialTrainer             │   Train │ Loss: 5.2378  (SC: 4.1752 × 1.0 + Emo: 1.0626 + 0.00 × ID: 3.8489)
2026-04-18 18:38:20 │ INFO     │ AdversarialTrainer             │   Train │ EmoAcc: 0.3000  │ IDAcc: 0.1000
2026-04-18 18:38:20 │ INFO     │ AdversarialTrainer             │   Val   │ Loss: 4.5906  (SC: 4.1709)  │ EmoAcc: 0.6818  │ IDAcc: 0.0000
2026-04-18 18:38:20 │ INFO     │ AdversarialTrainer             │ ──────────────────────────────────────────────────────────────────────
2026-04-18 18:38:20 │ DEBUG    │ AdversarialTrainer             │ Checkpoint saved: epoch=20 → C:\Users\Addhyan\Desktop\Thesis\Thesis3\Stage4_TransferLearning\checkpoints\phase1_macro\latest_checkpoint.pth
2026-04-18 18:38:27 │ DEBUG    │ AdversarialTrainer             │   Epoch 21 | Batch 23/115 | Loss: 4.5057 (SC: 4.1727, Emo: 0.3330, ID: 6.1406)
2026-04-18 18:38:34 │ DEBUG    │ AdversarialTrainer             │   Epoch 21 | Batch 46/115 | Loss: 4.5750 (SC: 4.1788, Emo: 0.3962, ID: 2.0625)
2026-04-18 18:38:41 │ DEBUG    │ AdversarialTrainer             │   Epoch 21 | Batch 69/115 | Loss: 4.4669 (SC: 4.1777, Emo: 0.2892, ID: 1.6333)
2026-04-18 18:38:48 │ DEBUG    │ AdversarialTrainer             │   Epoch 21 | Batch 92/115 | Loss: 5.4522 (SC: 4.1669, Emo: 1.2854, ID: 2.3799)
2026-04-18 18:38:55 │ DEBUG    │ AdversarialTrainer             │   Epoch 21 | Batch 115/115 | Loss: 4.3729 (SC: 4.1778, Emo: 0.1951, ID: 3.8276)
2026-04-18 18:38:56 │ INFO     │ AdversarialTrainer             │ ──────────────────────────────────────────────────────────────────────
2026-04-18 18:38:56 │ INFO     │ AdversarialTrainer             │ Epoch 21/50  [36.1s]  │  LR=0.000065  │  λ_GRL=0.9668
2026-04-18 18:38:56 │ INFO     │ AdversarialTrainer             │   Train │ Loss: 5.2906  (SC: 4.1761 × 1.0 + Emo: 1.1145 + 0.00 × ID: 3.8431)
2026-04-18 18:38:56 │ INFO     │ AdversarialTrainer             │   Train │ EmoAcc: 0.3783  │ IDAcc: 0.1087
2026-04-18 18:38:56 │ INFO     │ AdversarialTrainer             │   Val   │ Loss: 4.5943  (SC: 4.1792)  │ EmoAcc: 0.5455  │ IDAcc: 0.0000
2026-04-18 18:38:56 │ INFO     │ AdversarialTrainer             │ ──────────────────────────────────────────────────────────────────────
2026-04-18 18:38:56 │ DEBUG    │ AdversarialTrainer             │ Checkpoint saved: epoch=21 → C:\Users\Addhyan\Desktop\Thesis\Thesis3\Stage4_TransferLearning\checkpoints\phase1_macro\latest_checkpoint.pth
2026-04-18 18:39:03 │ DEBUG    │ AdversarialTrainer             │   Epoch 22 | Batch 23/115 | Loss: 5.8099 (SC: 4.1847, Emo: 1.6252, ID: 3.9004)
2026-04-18 18:39:10 │ DEBUG    │ AdversarialTrainer             │   Epoch 22 | Batch 46/115 | Loss: 11.7131 (SC: 4.1885, Emo: 7.5245, ID: 2.7930)
2026-04-18 18:39:17 │ DEBUG    │ AdversarialTrainer             │   Epoch 22 | Batch 69/115 | Loss: 4.5766 (SC: 4.1751, Emo: 0.4015, ID: 3.5996)
2026-04-18 18:39:24 │ DEBUG    │ AdversarialTrainer             │   Epoch 22 | Batch 92/115 | Loss: 4.5826 (SC: 4.1782, Emo: 0.4044, ID: 2.7637)
2026-04-18 18:39:31 │ DEBUG    │ AdversarialTrainer             │   Epoch 22 | Batch 115/115 | Loss: 4.3657 (SC: 4.1730, Emo: 0.1927, ID: 1.4458)
2026-04-18 18:39:32 │ INFO     │ AdversarialTrainer             │ ──────────────────────────────────────────────────────────────────────
2026-04-18 18:39:32 │ INFO     │ AdversarialTrainer             │ Epoch 22/50  [36.2s]  │  LR=0.000062  │  λ_GRL=0.9728
2026-04-18 18:39:32 │ INFO     │ AdversarialTrainer             │   Train │ Loss: 5.2250  (SC: 4.1755 × 1.0 + Emo: 1.0495 + 0.00 × ID: 3.8365)
2026-04-18 18:39:32 │ INFO     │ AdversarialTrainer             │   Train │ EmoAcc: 0.3217  │ IDAcc: 0.1130
2026-04-18 18:39:32 │ INFO     │ AdversarialTrainer             │   Val   │ Loss: 4.6293  (SC: 4.1725)  │ EmoAcc: 0.2727  │ IDAcc: 0.0000
2026-04-18 18:39:32 │ INFO     │ AdversarialTrainer             │ ──────────────────────────────────────────────────────────────────────
2026-04-18 18:39:32 │ DEBUG    │ AdversarialTrainer             │ Checkpoint saved: epoch=22 → C:\Users\Addhyan\Desktop\Thesis\Thesis3\Stage4_TransferLearning\checkpoints\phase1_macro\latest_checkpoint.pth
2026-04-18 18:39:39 │ DEBUG    │ AdversarialTrainer             │   Epoch 23 | Batch 23/115 | Loss: 4.3793 (SC: 4.1688, Emo: 0.2105, ID: 5.5664)
2026-04-18 18:39:46 │ DEBUG    │ AdversarialTrainer             │   Epoch 23 | Batch 46/115 | Loss: 4.6509 (SC: 4.1768, Emo: 0.4742, ID: 2.9941)
2026-04-18 18:39:53 │ DEBUG    │ AdversarialTrainer             │   Epoch 23 | Batch 69/115 | Loss: 4.3240 (SC: 4.1792, Emo: 0.1448, ID: 4.1680)
2026-04-18 18:40:00 │ DEBUG    │ AdversarialTrainer             │   Epoch 23 | Batch 92/115 | Loss: 13.7122 (SC: 4.1590, Emo: 9.5532, ID: 4.2363)
2026-04-18 18:40:07 │ DEBUG    │ AdversarialTrainer             │   Epoch 23 | Batch 115/115 | Loss: 5.1131 (SC: 4.1718, Emo: 0.9413, ID: 3.5771)
2026-04-18 18:40:08 │ INFO     │ AdversarialTrainer             │ ──────────────────────────────────────────────────────────────────────
2026-04-18 18:40:08 │ INFO     │ AdversarialTrainer             │ Epoch 23/50  [36.1s]  │  LR=0.000059  │  λ_GRL=0.9778
2026-04-18 18:40:08 │ INFO     │ AdversarialTrainer             │   Train │ Loss: 5.3616  (SC: 4.1752 × 1.0 + Emo: 1.1864 + 0.00 × ID: 3.8929)
2026-04-18 18:40:08 │ INFO     │ AdversarialTrainer             │   Train │ EmoAcc: 0.3348  │ IDAcc: 0.1087
2026-04-18 18:40:08 │ INFO     │ AdversarialTrainer             │   Val   │ Loss: 4.6412  (SC: 4.1745)  │ EmoAcc: 0.0909  │ IDAcc: 0.0000
2026-04-18 18:40:08 │ INFO     │ AdversarialTrainer             │ ──────────────────────────────────────────────────────────────────────
2026-04-18 18:40:09 │ DEBUG    │ AdversarialTrainer             │ Checkpoint saved: epoch=23 → C:\Users\Addhyan\Desktop\Thesis\Thesis3\Stage4_TransferLearning\checkpoints\phase1_macro\latest_checkpoint.pth
2026-04-18 18:40:15 │ DEBUG    │ AdversarialTrainer             │   Epoch 24 | Batch 23/115 | Loss: 4.5501 (SC: 4.1819, Emo: 0.3682, ID: 5.1895)
2026-04-18 18:40:22 │ DEBUG    │ AdversarialTrainer             │   Epoch 24 | Batch 46/115 | Loss: 5.1488 (SC: 4.1824, Emo: 0.9665, ID: 5.3906)
2026-04-18 18:40:29 │ DEBUG    │ AdversarialTrainer             │   Epoch 24 | Batch 69/115 | Loss: 4.3322 (SC: 4.1691, Emo: 0.1631, ID: 4.6738)
2026-04-18 18:40:36 │ DEBUG    │ AdversarialTrainer             │   Epoch 24 | Batch 92/115 | Loss: 6.4360 (SC: 4.1725, Emo: 2.2635, ID: 5.6055)
2026-04-18 18:40:43 │ DEBUG    │ AdversarialTrainer             │   Epoch 24 | Batch 115/115 | Loss: 4.5599 (SC: 4.1719, Emo: 0.3880, ID: 3.3340)
2026-04-18 18:40:45 │ INFO     │ AdversarialTrainer             │ ──────────────────────────────────────────────────────────────────────
2026-04-18 18:40:45 │ INFO     │ AdversarialTrainer             │ Epoch 24/50  [36.1s]  │  LR=0.000056  │  λ_GRL=0.9819
2026-04-18 18:40:45 │ INFO     │ AdversarialTrainer             │   Train │ Loss: 5.3859  (SC: 4.1752 × 1.0 + Emo: 1.2107 + 0.00 × ID: 3.7824)
2026-04-18 18:40:45 │ INFO     │ AdversarialTrainer             │   Train │ EmoAcc: 0.2957  │ IDAcc: 0.1304
2026-04-18 18:40:45 │ INFO     │ AdversarialTrainer             │   Val   │ Loss: 4.6412  (SC: 4.1761)  │ EmoAcc: 0.5909  │ IDAcc: 0.0000
2026-04-18 18:40:45 │ INFO     │ AdversarialTrainer             │ ──────────────────────────────────────────────────────────────────────
2026-04-18 18:40:45 │ DEBUG    │ AdversarialTrainer             │ Checkpoint saved: epoch=24 → C:\Users\Addhyan\Desktop\Thesis\Thesis3\Stage4_TransferLearning\checkpoints\phase1_macro\latest_checkpoint.pth
2026-04-18 18:40:52 │ DEBUG    │ AdversarialTrainer             │   Epoch 25 | Batch 23/115 | Loss: 5.7196 (SC: 4.1804, Emo: 1.5392, ID: 4.3330)
2026-04-18 18:40:59 │ DEBUG    │ AdversarialTrainer             │   Epoch 25 | Batch 46/115 | Loss: 4.5422 (SC: 4.1745, Emo: 0.3677, ID: 3.3682)
2026-04-18 18:41:06 │ DEBUG    │ AdversarialTrainer             │   Epoch 25 | Batch 69/115 | Loss: 11.4794 (SC: 4.1875, Emo: 7.2919, ID: 3.9736)
2026-04-18 18:41:12 │ DEBUG    │ AdversarialTrainer             │   Epoch 25 | Batch 92/115 | Loss: 4.4059 (SC: 4.1760, Emo: 0.2298, ID: 5.5850)
2026-04-18 18:41:19 │ DEBUG    │ AdversarialTrainer             │   Epoch 25 | Batch 115/115 | Loss: 4.6519 (SC: 4.1766, Emo: 0.4753, ID: 5.5000)
2026-04-18 18:41:21 │ INFO     │ AdversarialTrainer             │ ──────────────────────────────────────────────────────────────────────
2026-04-18 18:41:21 │ INFO     │ AdversarialTrainer             │ Epoch 25/50  [36.1s]  │  LR=0.000053  │  λ_GRL=0.9852
2026-04-18 18:41:21 │ INFO     │ AdversarialTrainer             │   Train │ Loss: 5.3020  (SC: 4.1743 × 1.0 + Emo: 1.1276 + 0.00 × ID: 3.9206)
2026-04-18 18:41:21 │ INFO     │ AdversarialTrainer             │   Train │ EmoAcc: 0.4000  │ IDAcc: 0.1087
2026-04-18 18:41:21 │ INFO     │ AdversarialTrainer             │   Val   │ Loss: 4.6183  (SC: 4.1771)  │ EmoAcc: 0.5000  │ IDAcc: 0.0000
2026-04-18 18:41:21 │ INFO     │ AdversarialTrainer             │ ──────────────────────────────────────────────────────────────────────
2026-04-18 18:41:21 │ DEBUG    │ AdversarialTrainer             │ Checkpoint saved: epoch=25 → C:\Users\Addhyan\Desktop\Thesis\Thesis3\Stage4_TransferLearning\checkpoints\phase1_macro\latest_checkpoint.pth
2026-04-18 18:41:28 │ DEBUG    │ AdversarialTrainer             │   Epoch 26 | Batch 23/115 | Loss: 4.4915 (SC: 4.1901, Emo: 0.3015, ID: 5.1055)
2026-04-18 18:41:35 │ DEBUG    │ AdversarialTrainer             │   Epoch 26 | Batch 46/115 | Loss: 4.5803 (SC: 4.1685, Emo: 0.4118, ID: 2.3779)
2026-04-18 18:41:42 │ DEBUG    │ AdversarialTrainer             │   Epoch 26 | Batch 69/115 | Loss: 7.0977 (SC: 4.1908, Emo: 2.9069, ID: 5.1279)
2026-04-18 18:41:49 │ DEBUG    │ AdversarialTrainer             │   Epoch 26 | Batch 92/115 | Loss: 4.7138 (SC: 4.1719, Emo: 0.5418, ID: 4.9346)
2026-04-18 18:41:56 │ DEBUG    │ AdversarialTrainer             │   Epoch 26 | Batch 115/115 | Loss: 4.4154 (SC: 4.1785, Emo: 0.2369, ID: 6.1064)
2026-04-18 18:41:57 │ INFO     │ AdversarialTrainer             │ ──────────────────────────────────────────────────────────────────────
2026-04-18 18:41:57 │ INFO     │ AdversarialTrainer             │ Epoch 26/50  [36.2s]  │  LR=0.000050  │  λ_GRL=0.9879
2026-04-18 18:41:57 │ INFO     │ AdversarialTrainer             │   Train │ Loss: 5.2306  (SC: 4.1745 × 1.0 + Emo: 1.0561 + 0.00 × ID: 3.9370)
2026-04-18 18:41:57 │ INFO     │ AdversarialTrainer             │   Train │ EmoAcc: 0.4174  │ IDAcc: 0.0870
2026-04-18 18:41:57 │ INFO     │ AdversarialTrainer             │   Val   │ Loss: 4.6129  (SC: 4.1822)  │ EmoAcc: 0.4091  │ IDAcc: 0.0000
2026-04-18 18:41:57 │ INFO     │ AdversarialTrainer             │ ──────────────────────────────────────────────────────────────────────
2026-04-18 18:41:57 │ DEBUG    │ AdversarialTrainer             │ Checkpoint saved: epoch=26 → C:\Users\Addhyan\Desktop\Thesis\Thesis3\Stage4_TransferLearning\checkpoints\phase1_macro\latest_checkpoint.pth
2026-04-18 18:42:04 │ DEBUG    │ AdversarialTrainer             │   Epoch 27 | Batch 23/115 | Loss: 4.4352 (SC: 4.1634, Emo: 0.2718, ID: 0.7085)
2026-04-18 18:42:11 │ DEBUG    │ AdversarialTrainer             │   Epoch 27 | Batch 46/115 | Loss: 4.3370 (SC: 4.1626, Emo: 0.1743, ID: 3.3174)
2026-04-18 18:42:18 │ DEBUG    │ AdversarialTrainer             │   Epoch 27 | Batch 69/115 | Loss: 4.6330 (SC: 4.1755, Emo: 0.4575, ID: 4.9473)
2026-04-18 18:42:25 │ DEBUG    │ AdversarialTrainer             │   Epoch 27 | Batch 92/115 | Loss: 4.9387 (SC: 4.1698, Emo: 0.7690, ID: 1.9268)
2026-04-18 18:42:32 │ DEBUG    │ AdversarialTrainer             │   Epoch 27 | Batch 115/115 | Loss: 4.5111 (SC: 4.1728, Emo: 0.3383, ID: 3.9272)
2026-04-18 18:42:33 │ INFO     │ AdversarialTrainer             │ ──────────────────────────────────────────────────────────────────────
2026-04-18 18:42:33 │ INFO     │ AdversarialTrainer             │ Epoch 27/50  [36.1s]  │  LR=0.000047  │  λ_GRL=0.9901
2026-04-18 18:42:33 │ INFO     │ AdversarialTrainer             │   Train │ Loss: 5.2315  (SC: 4.1740 × 1.0 + Emo: 1.0574 + 0.00 × ID: 3.8153)
2026-04-18 18:42:33 │ INFO     │ AdversarialTrainer             │   Train │ EmoAcc: 0.2957  │ IDAcc: 0.1174
2026-04-18 18:42:33 │ INFO     │ AdversarialTrainer             │   Val   │ Loss: 4.6106  (SC: 4.1763)  │ EmoAcc: 0.5000  │ IDAcc: 0.0000
2026-04-18 18:42:33 │ INFO     │ AdversarialTrainer             │ ──────────────────────────────────────────────────────────────────────
2026-04-18 18:42:33 │ DEBUG    │ AdversarialTrainer             │ Checkpoint saved: epoch=27 → C:\Users\Addhyan\Desktop\Thesis\Thesis3\Stage4_TransferLearning\checkpoints\phase1_macro\latest_checkpoint.pth
2026-04-18 18:42:40 │ DEBUG    │ AdversarialTrainer             │   Epoch 28 | Batch 23/115 | Loss: 4.7796 (SC: 4.1708, Emo: 0.6088, ID: 3.4658)
2026-04-18 18:42:47 │ DEBUG    │ AdversarialTrainer             │   Epoch 28 | Batch 46/115 | Loss: 4.6396 (SC: 4.1670, Emo: 0.4726, ID: 3.9053)
2026-04-18 18:42:54 │ DEBUG    │ AdversarialTrainer             │   Epoch 28 | Batch 69/115 | Loss: 4.9011 (SC: 4.1766, Emo: 0.7245, ID: 2.0514)
2026-04-18 18:43:01 │ DEBUG    │ AdversarialTrainer             │   Epoch 28 | Batch 92/115 | Loss: 4.4211 (SC: 4.1787, Emo: 0.2423, ID: 2.8242)
2026-04-18 18:43:08 │ DEBUG    │ AdversarialTrainer             │   Epoch 28 | Batch 115/115 | Loss: 4.6455 (SC: 4.1748, Emo: 0.4708, ID: 5.8027)
2026-04-18 18:43:09 │ INFO     │ AdversarialTrainer             │ ──────────────────────────────────────────────────────────────────────
2026-04-18 18:43:09 │ INFO     │ AdversarialTrainer             │ Epoch 28/50  [36.1s]  │  LR=0.000044  │  λ_GRL=0.9919
2026-04-18 18:43:09 │ INFO     │ AdversarialTrainer             │   Train │ Loss: 5.2213  (SC: 4.1751 × 1.0 + Emo: 1.0462 + 0.00 × ID: 3.8816)
2026-04-18 18:43:09 │ INFO     │ AdversarialTrainer             │   Train │ EmoAcc: 0.3174  │ IDAcc: 0.1000
2026-04-18 18:43:09 │ INFO     │ AdversarialTrainer             │   Val   │ Loss: 4.5798  (SC: 4.1715)  │ EmoAcc: 0.6364  │ IDAcc: 0.0000
2026-04-18 18:43:09 │ INFO     │ AdversarialTrainer             │ ──────────────────────────────────────────────────────────────────────
2026-04-18 18:43:09 │ DEBUG    │ AdversarialTrainer             │ Checkpoint saved: epoch=28 → C:\Users\Addhyan\Desktop\Thesis\Thesis3\Stage4_TransferLearning\checkpoints\phase1_macro\latest_checkpoint.pth
2026-04-18 18:43:16 │ DEBUG    │ AdversarialTrainer             │   Epoch 29 | Batch 23/115 | Loss: 4.7245 (SC: 4.1635, Emo: 0.5610, ID: 2.8359)
2026-04-18 18:43:23 │ DEBUG    │ AdversarialTrainer             │   Epoch 29 | Batch 46/115 | Loss: 4.9098 (SC: 4.1704, Emo: 0.7394, ID: 3.4829)
2026-04-18 18:43:30 │ DEBUG    │ AdversarialTrainer             │   Epoch 29 | Batch 69/115 | Loss: 4.4849 (SC: 4.1685, Emo: 0.3165, ID: 2.1128)
2026-04-18 18:43:37 │ DEBUG    │ AdversarialTrainer             │   Epoch 29 | Batch 92/115 | Loss: 4.2642 (SC: 4.1677, Emo: 0.0965, ID: 4.3350)
2026-04-18 18:43:44 │ DEBUG    │ AdversarialTrainer             │   Epoch 29 | Batch 115/115 | Loss: 4.2837 (SC: 4.1773, Emo: 0.1064, ID: 6.0469)
2026-04-18 18:43:45 │ INFO     │ AdversarialTrainer             │ ──────────────────────────────────────────────────────────────────────
2026-04-18 18:43:45 │ INFO     │ AdversarialTrainer             │ Epoch 29/50  [36.1s]  │  LR=0.000041  │  λ_GRL=0.9934
2026-04-18 18:43:45 │ INFO     │ AdversarialTrainer             │   Train │ Loss: 5.2351  (SC: 4.1752 × 1.0 + Emo: 1.0599 + 0.00 × ID: 3.9675)
2026-04-18 18:43:45 │ INFO     │ AdversarialTrainer             │   Train │ EmoAcc: 0.3783  │ IDAcc: 0.0826
2026-04-18 18:43:45 │ INFO     │ AdversarialTrainer             │   Val   │ Loss: 4.5646  (SC: 4.1763)  │ EmoAcc: 0.6818  │ IDAcc: 0.0000
2026-04-18 18:43:45 │ INFO     │ AdversarialTrainer             │ ──────────────────────────────────────────────────────────────────────
2026-04-18 18:43:45 │ DEBUG    │ AdversarialTrainer             │ Checkpoint saved: epoch=29 → C:\Users\Addhyan\Desktop\Thesis\Thesis3\Stage4_TransferLearning\checkpoints\phase1_macro\latest_checkpoint.pth
2026-04-18 18:43:52 │ DEBUG    │ AdversarialTrainer             │   Epoch 30 | Batch 23/115 | Loss: 4.8854 (SC: 4.1819, Emo: 0.7035, ID: 2.7607)
2026-04-18 18:43:59 │ DEBUG    │ AdversarialTrainer             │   Epoch 30 | Batch 46/115 | Loss: 4.3393 (SC: 4.1780, Emo: 0.1612, ID: 3.6777)
2026-04-18 18:44:06 │ DEBUG    │ AdversarialTrainer             │   Epoch 30 | Batch 69/115 | Loss: 5.8119 (SC: 4.1804, Emo: 1.6316, ID: 2.9434)
2026-04-18 18:44:13 │ DEBUG    │ AdversarialTrainer             │   Epoch 30 | Batch 92/115 | Loss: 9.0262 (SC: 4.1766, Emo: 4.8497, ID: 6.7988)
2026-04-18 18:44:20 │ DEBUG    │ AdversarialTrainer             │   Epoch 30 | Batch 115/115 | Loss: 13.9886 (SC: 4.1605, Emo: 9.8281, ID: 4.6104)
2026-04-18 18:44:21 │ INFO     │ AdversarialTrainer             │ ──────────────────────────────────────────────────────────────────────
2026-04-18 18:44:21 │ INFO     │ AdversarialTrainer             │ Epoch 30/50  [36.1s]  │  LR=0.000038  │  λ_GRL=0.9946
2026-04-18 18:44:21 │ INFO     │ AdversarialTrainer             │   Train │ Loss: 5.4262  (SC: 4.1758 × 1.0 + Emo: 1.2504 + 0.00 × ID: 3.9211)
2026-04-18 18:44:21 │ INFO     │ AdversarialTrainer             │   Train │ EmoAcc: 0.3783  │ IDAcc: 0.0826
2026-04-18 18:44:21 │ INFO     │ AdversarialTrainer             │   Val   │ Loss: 4.5643  (SC: 4.1706)  │ EmoAcc: 0.6364  │ IDAcc: 0.0000
2026-04-18 18:44:21 │ INFO     │ AdversarialTrainer             │ ──────────────────────────────────────────────────────────────────────
2026-04-18 18:44:21 │ DEBUG    │ AdversarialTrainer             │ Checkpoint saved: epoch=30 → C:\Users\Addhyan\Desktop\Thesis\Thesis3\Stage4_TransferLearning\checkpoints\phase1_macro\latest_checkpoint.pth
2026-04-18 18:44:28 │ DEBUG    │ AdversarialTrainer             │   Epoch 31 | Batch 23/115 | Loss: 6.2419 (SC: 4.1679, Emo: 2.0740, ID: 3.0947)
2026-04-18 18:44:35 │ DEBUG    │ AdversarialTrainer             │   Epoch 31 | Batch 46/115 | Loss: 4.4914 (SC: 4.1764, Emo: 0.3150, ID: 2.4546)
2026-04-18 18:44:42 │ DEBUG    │ AdversarialTrainer             │   Epoch 31 | Batch 69/115 | Loss: 5.0729 (SC: 4.1662, Emo: 0.9067, ID: 4.8418)
2026-04-18 18:44:49 │ DEBUG    │ AdversarialTrainer             │   Epoch 31 | Batch 92/115 | Loss: 4.4917 (SC: 4.1687, Emo: 0.3230, ID: 4.6738)
2026-04-18 18:44:56 │ DEBUG    │ AdversarialTrainer             │   Epoch 31 | Batch 115/115 | Loss: 4.7279 (SC: 4.1772, Emo: 0.5507, ID: 2.2041)
2026-04-18 18:44:58 │ INFO     │ AdversarialTrainer             │ ──────────────────────────────────────────────────────────────────────
2026-04-18 18:44:58 │ INFO     │ AdversarialTrainer             │ Epoch 31/50  [36.1s]  │  LR=0.000035  │  λ_GRL=0.9956
2026-04-18 18:44:58 │ INFO     │ AdversarialTrainer             │   Train │ Loss: 5.1933  (SC: 4.1751 × 1.0 + Emo: 1.0182 + 0.00 × ID: 3.9203)
2026-04-18 18:44:58 │ INFO     │ AdversarialTrainer             │   Train │ EmoAcc: 0.3261  │ IDAcc: 0.1043
2026-04-18 18:44:58 │ INFO     │ AdversarialTrainer             │   Val   │ Loss: 4.6209  (SC: 4.1784)  │ EmoAcc: 0.4091  │ IDAcc: 0.0000
2026-04-18 18:44:58 │ INFO     │ AdversarialTrainer             │ ──────────────────────────────────────────────────────────────────────
2026-04-18 18:44:58 │ DEBUG    │ AdversarialTrainer             │ Checkpoint saved: epoch=31 → C:\Users\Addhyan\Desktop\Thesis\Thesis3\Stage4_TransferLearning\checkpoints\phase1_macro\latest_checkpoint.pth
2026-04-18 18:45:05 │ DEBUG    │ AdversarialTrainer             │   Epoch 32 | Batch 23/115 | Loss: 4.5215 (SC: 4.1678, Emo: 0.3537, ID: 2.5869)
2026-04-18 18:45:12 │ DEBUG    │ AdversarialTrainer             │   Epoch 32 | Batch 46/115 | Loss: 5.3172 (SC: 4.1727, Emo: 1.1444, ID: 5.0898)
2026-04-18 18:45:18 │ DEBUG    │ AdversarialTrainer             │   Epoch 32 | Batch 69/115 | Loss: 4.4883 (SC: 4.1815, Emo: 0.3068, ID: 2.6611)
2026-04-18 18:45:25 │ DEBUG    │ AdversarialTrainer             │   Epoch 32 | Batch 92/115 | Loss: 4.4803 (SC: 4.1779, Emo: 0.3023, ID: 3.9854)
2026-04-18 18:45:32 │ DEBUG    │ AdversarialTrainer             │   Epoch 32 | Batch 115/115 | Loss: 4.4151 (SC: 4.1774, Emo: 0.2376, ID: 2.9502)
2026-04-18 18:45:34 │ INFO     │ AdversarialTrainer             │ ──────────────────────────────────────────────────────────────────────
2026-04-18 18:45:34 │ INFO     │ AdversarialTrainer             │ Epoch 32/50  [36.1s]  │  LR=0.000032  │  λ_GRL=0.9964
2026-04-18 18:45:34 │ INFO     │ AdversarialTrainer             │   Train │ Loss: 5.2302  (SC: 4.1754 × 1.0 + Emo: 1.0548 + 0.00 × ID: 3.8773)
2026-04-18 18:45:34 │ INFO     │ AdversarialTrainer             │   Train │ EmoAcc: 0.4043  │ IDAcc: 0.0696
2026-04-18 18:45:34 │ INFO     │ AdversarialTrainer             │   Val   │ Loss: 4.5806  (SC: 4.1799)  │ EmoAcc: 0.7727  │ IDAcc: 0.0000
2026-04-18 18:45:34 │ INFO     │ AdversarialTrainer             │ ──────────────────────────────────────────────────────────────────────
2026-04-18 18:45:34 │ DEBUG    │ AdversarialTrainer             │ Checkpoint saved: epoch=32 → C:\Users\Addhyan\Desktop\Thesis\Thesis3\Stage4_TransferLearning\checkpoints\phase1_macro\latest_checkpoint.pth
2026-04-18 18:45:34 │ INFO     │ AdversarialTrainer             │ ★ New best model saved: epoch=32, val_acc=0.7727 → C:\Users\Addhyan\Desktop\Thesis\Thesis3\Stage4_TransferLearning\checkpoints\phase1_macro\best_model.pth
2026-04-18 18:45:41 │ DEBUG    │ AdversarialTrainer             │   Epoch 33 | Batch 23/115 | Loss: 4.7299 (SC: 4.1730, Emo: 0.5569, ID: 5.0000)
2026-04-18 18:45:48 │ DEBUG    │ AdversarialTrainer             │   Epoch 33 | Batch 46/115 | Loss: 5.0422 (SC: 4.1740, Emo: 0.8682, ID: 4.2969)
2026-04-18 18:45:55 │ DEBUG    │ AdversarialTrainer             │   Epoch 33 | Batch 69/115 | Loss: 4.3069 (SC: 4.1750, Emo: 0.1318, ID: 2.8643)
2026-04-18 18:46:02 │ DEBUG    │ AdversarialTrainer             │   Epoch 33 | Batch 92/115 | Loss: 4.5226 (SC: 4.1746, Emo: 0.3480, ID: 5.6230)
2026-04-18 18:46:09 │ DEBUG    │ AdversarialTrainer             │   Epoch 33 | Batch 115/115 | Loss: 5.9098 (SC: 4.1811, Emo: 1.7287, ID: 3.3799)
2026-04-18 18:46:10 │ INFO     │ AdversarialTrainer             │ ──────────────────────────────────────────────────────────────────────
2026-04-18 18:46:10 │ INFO     │ AdversarialTrainer             │ Epoch 33/50  [36.1s]  │  LR=0.000029  │  λ_GRL=0.9971
2026-04-18 18:46:10 │ INFO     │ AdversarialTrainer             │   Train │ Loss: 5.2867  (SC: 4.1740 × 1.0 + Emo: 1.1127 + 0.00 × ID: 3.8688)
2026-04-18 18:46:10 │ INFO     │ AdversarialTrainer             │   Train │ EmoAcc: 0.3261  │ IDAcc: 0.1261
2026-04-18 18:46:10 │ INFO     │ AdversarialTrainer             │   Val   │ Loss: 4.6262  (SC: 4.1758)  │ EmoAcc: 0.4091  │ IDAcc: 0.0000
2026-04-18 18:46:10 │ INFO     │ AdversarialTrainer             │ ──────────────────────────────────────────────────────────────────────
2026-04-18 18:46:10 │ DEBUG    │ AdversarialTrainer             │ Checkpoint saved: epoch=33 → C:\Users\Addhyan\Desktop\Thesis\Thesis3\Stage4_TransferLearning\checkpoints\phase1_macro\latest_checkpoint.pth
2026-04-18 18:46:17 │ DEBUG    │ AdversarialTrainer             │   Epoch 34 | Batch 23/115 | Loss: 4.7242 (SC: 4.1818, Emo: 0.5424, ID: 4.0645)
2026-04-18 18:46:24 │ DEBUG    │ AdversarialTrainer             │   Epoch 34 | Batch 46/115 | Loss: 4.5883 (SC: 4.1608, Emo: 0.4275, ID: 5.7129)
2026-04-18 18:46:31 │ DEBUG    │ AdversarialTrainer             │   Epoch 34 | Batch 69/115 | Loss: 9.4019 (SC: 4.1626, Emo: 5.2393, ID: 5.4141)
2026-04-18 18:46:38 │ DEBUG    │ AdversarialTrainer             │   Epoch 34 | Batch 92/115 | Loss: 4.6391 (SC: 4.1730, Emo: 0.4661, ID: 3.5664)
2026-04-18 18:46:45 │ DEBUG    │ AdversarialTrainer             │   Epoch 34 | Batch 115/115 | Loss: 4.6825 (SC: 4.1886, Emo: 0.4939, ID: 3.6143)
2026-04-18 18:46:46 │ INFO     │ AdversarialTrainer             │ ──────────────────────────────────────────────────────────────────────
2026-04-18 18:46:46 │ INFO     │ AdversarialTrainer             │ Epoch 34/50  [36.1s]  │  LR=0.000026  │  λ_GRL=0.9976
2026-04-18 18:46:46 │ INFO     │ AdversarialTrainer             │   Train │ Loss: 5.2474  (SC: 4.1749 × 1.0 + Emo: 1.0725 + 0.00 × ID: 3.9201)
2026-04-18 18:46:46 │ INFO     │ AdversarialTrainer             │   Train │ EmoAcc: 0.3000  │ IDAcc: 0.1174
2026-04-18 18:46:46 │ INFO     │ AdversarialTrainer             │   Val   │ Loss: 4.6148  (SC: 4.1768)  │ EmoAcc: 0.5455  │ IDAcc: 0.0000
2026-04-18 18:46:46 │ INFO     │ AdversarialTrainer             │ ──────────────────────────────────────────────────────────────────────
2026-04-18 18:46:46 │ DEBUG    │ AdversarialTrainer             │ Checkpoint saved: epoch=34 → C:\Users\Addhyan\Desktop\Thesis\Thesis3\Stage4_TransferLearning\checkpoints\phase1_macro\latest_checkpoint.pth
2026-04-18 18:46:53 │ DEBUG    │ AdversarialTrainer             │   Epoch 35 | Batch 23/115 | Loss: 5.4221 (SC: 4.1797, Emo: 1.2424, ID: 2.7607)
2026-04-18 18:47:00 │ DEBUG    │ AdversarialTrainer             │   Epoch 35 | Batch 46/115 | Loss: 4.7062 (SC: 4.1737, Emo: 0.5325, ID: 3.9082)
2026-04-18 18:47:07 │ DEBUG    │ AdversarialTrainer             │   Epoch 35 | Batch 69/115 | Loss: 4.5606 (SC: 4.1729, Emo: 0.3878, ID: 1.8198)
2026-04-18 18:47:14 │ DEBUG    │ AdversarialTrainer             │   Epoch 35 | Batch 92/115 | Loss: 4.5442 (SC: 4.1729, Emo: 0.3713, ID: 3.2012)
2026-04-18 18:47:21 │ DEBUG    │ AdversarialTrainer             │   Epoch 35 | Batch 115/115 | Loss: 4.2778 (SC: 4.1756, Emo: 0.1022, ID: 4.6504)
2026-04-18 18:47:22 │ INFO     │ AdversarialTrainer             │ ──────────────────────────────────────────────────────────────────────
2026-04-18 18:47:22 │ INFO     │ AdversarialTrainer             │ Epoch 35/50  [36.1s]  │  LR=0.000023  │  λ_GRL=0.9981
2026-04-18 18:47:22 │ INFO     │ AdversarialTrainer             │   Train │ Loss: 5.2775  (SC: 4.1752 × 1.0 + Emo: 1.1023 + 0.00 × ID: 4.0226)
2026-04-18 18:47:22 │ INFO     │ AdversarialTrainer             │   Train │ EmoAcc: 0.3609  │ IDAcc: 0.1043
2026-04-18 18:47:22 │ INFO     │ AdversarialTrainer             │   Val   │ Loss: 4.6113  (SC: 4.1719)  │ EmoAcc: 0.4091  │ IDAcc: 0.0000
2026-04-18 18:47:22 │ INFO     │ AdversarialTrainer             │ ──────────────────────────────────────────────────────────────────────
2026-04-18 18:47:22 │ DEBUG    │ AdversarialTrainer             │ Checkpoint saved: epoch=35 → C:\Users\Addhyan\Desktop\Thesis\Thesis3\Stage4_TransferLearning\checkpoints\phase1_macro\latest_checkpoint.pth
2026-04-18 18:47:29 │ DEBUG    │ AdversarialTrainer             │   Epoch 36 | Batch 23/115 | Loss: 4.7224 (SC: 4.1902, Emo: 0.5321, ID: 5.1758)
2026-04-18 18:47:36 │ DEBUG    │ AdversarialTrainer             │   Epoch 36 | Batch 46/115 | Loss: 4.5544 (SC: 4.1749, Emo: 0.3795, ID: 4.3018)
2026-04-18 18:47:43 │ DEBUG    │ AdversarialTrainer             │   Epoch 36 | Batch 69/115 | Loss: 6.3094 (SC: 4.1702, Emo: 2.1391, ID: 4.6514)
2026-04-18 18:47:50 │ DEBUG    │ AdversarialTrainer             │   Epoch 36 | Batch 92/115 | Loss: 4.3330 (SC: 4.1707, Emo: 0.1623, ID: 4.9297)
2026-04-18 18:47:57 │ DEBUG    │ AdversarialTrainer             │   Epoch 36 | Batch 115/115 | Loss: 4.3179 (SC: 4.1729, Emo: 0.1449, ID: 5.1279)
2026-04-18 18:47:58 │ INFO     │ AdversarialTrainer             │ ──────────────────────────────────────────────────────────────────────
2026-04-18 18:47:58 │ INFO     │ AdversarialTrainer             │ Epoch 36/50  [36.1s]  │  LR=0.000021  │  λ_GRL=0.9984
2026-04-18 18:47:58 │ INFO     │ AdversarialTrainer             │   Train │ Loss: 5.1636  (SC: 4.1761 × 1.0 + Emo: 0.9874 + 0.00 × ID: 3.9284)
2026-04-18 18:47:58 │ INFO     │ AdversarialTrainer             │   Train │ EmoAcc: 0.4478  │ IDAcc: 0.0913
2026-04-18 18:47:58 │ INFO     │ AdversarialTrainer             │   Val   │ Loss: 4.6152  (SC: 4.1775)  │ EmoAcc: 0.2727  │ IDAcc: 0.0000
2026-04-18 18:47:58 │ INFO     │ AdversarialTrainer             │ ──────────────────────────────────────────────────────────────────────
2026-04-18 18:47:58 │ DEBUG    │ AdversarialTrainer             │ Checkpoint saved: epoch=36 → C:\Users\Addhyan\Desktop\Thesis\Thesis3\Stage4_TransferLearning\checkpoints\phase1_macro\latest_checkpoint.pth
2026-04-18 18:48:05 │ DEBUG    │ AdversarialTrainer             │   Epoch 37 | Batch 23/115 | Loss: 5.4334 (SC: 4.1774, Emo: 1.2560, ID: 3.6445)
2026-04-18 18:48:12 │ DEBUG    │ AdversarialTrainer             │   Epoch 37 | Batch 46/115 | Loss: 4.5917 (SC: 4.1687, Emo: 0.4230, ID: 2.8721)
2026-04-18 18:48:19 │ DEBUG    │ AdversarialTrainer             │   Epoch 37 | Batch 69/115 | Loss: 4.7502 (SC: 4.1774, Emo: 0.5728, ID: 4.6631)
2026-04-18 18:48:26 │ DEBUG    │ AdversarialTrainer             │   Epoch 37 | Batch 92/115 | Loss: 4.7599 (SC: 4.1817, Emo: 0.5782, ID: 4.4492)
2026-04-18 18:48:33 │ DEBUG    │ AdversarialTrainer             │   Epoch 37 | Batch 115/115 | Loss: 4.4929 (SC: 4.1741, Emo: 0.3188, ID: 4.5757)
2026-04-18 18:48:34 │ INFO     │ AdversarialTrainer             │ ──────────────────────────────────────────────────────────────────────
2026-04-18 18:48:34 │ INFO     │ AdversarialTrainer             │ Epoch 37/50  [36.1s]  │  LR=0.000018  │  λ_GRL=0.9987
2026-04-18 18:48:34 │ INFO     │ AdversarialTrainer             │   Train │ Loss: 5.2202  (SC: 4.1744 × 1.0 + Emo: 1.0458 + 0.00 × ID: 3.9909)
2026-04-18 18:48:34 │ INFO     │ AdversarialTrainer             │   Train │ EmoAcc: 0.3304  │ IDAcc: 0.1043
2026-04-18 18:48:34 │ INFO     │ AdversarialTrainer             │   Val   │ Loss: 4.6144  (SC: 4.1774)  │ EmoAcc: 0.3636  │ IDAcc: 0.0000
2026-04-18 18:48:34 │ INFO     │ AdversarialTrainer             │ ──────────────────────────────────────────────────────────────────────
2026-04-18 18:48:34 │ DEBUG    │ AdversarialTrainer             │ Checkpoint saved: epoch=37 → C:\Users\Addhyan\Desktop\Thesis\Thesis3\Stage4_TransferLearning\checkpoints\phase1_macro\latest_checkpoint.pth
2026-04-18 18:48:41 │ DEBUG    │ AdversarialTrainer             │   Epoch 38 | Batch 23/115 | Loss: 4.5098 (SC: 4.1718, Emo: 0.3380, ID: 3.5376)
2026-04-18 18:48:48 │ DEBUG    │ AdversarialTrainer             │   Epoch 38 | Batch 46/115 | Loss: 9.2489 (SC: 4.2183, Emo: 5.0306, ID: 1.9082)
2026-04-18 18:48:55 │ DEBUG    │ AdversarialTrainer             │   Epoch 38 | Batch 69/115 | Loss: 5.6117 (SC: 4.1731, Emo: 1.4386, ID: 3.7397)
2026-04-18 18:49:02 │ DEBUG    │ AdversarialTrainer             │   Epoch 38 | Batch 92/115 | Loss: 4.4621 (SC: 4.1737, Emo: 0.2884, ID: 6.7051)
2026-04-18 18:49:09 │ DEBUG    │ AdversarialTrainer             │   Epoch 38 | Batch 115/115 | Loss: 5.3468 (SC: 4.1873, Emo: 1.1595, ID: 2.5068)
2026-04-18 18:49:10 │ INFO     │ AdversarialTrainer             │ ──────────────────────────────────────────────────────────────────────
2026-04-18 18:49:10 │ INFO     │ AdversarialTrainer             │ Epoch 38/50  [36.1s]  │  LR=0.000016  │  λ_GRL=0.9989
2026-04-18 18:49:10 │ INFO     │ AdversarialTrainer             │   Train │ Loss: 5.1669  (SC: 4.1753 × 1.0 + Emo: 0.9916 + 0.00 × ID: 4.0393)
2026-04-18 18:49:10 │ INFO     │ AdversarialTrainer             │   Train │ EmoAcc: 0.3826  │ IDAcc: 0.1174
2026-04-18 18:49:10 │ INFO     │ AdversarialTrainer             │   Val   │ Loss: 4.5958  (SC: 4.1753)  │ EmoAcc: 0.5909  │ IDAcc: 0.0000
2026-04-18 18:49:10 │ INFO     │ AdversarialTrainer             │ ──────────────────────────────────────────────────────────────────────
2026-04-18 18:49:10 │ DEBUG    │ AdversarialTrainer             │ Checkpoint saved: epoch=38 → C:\Users\Addhyan\Desktop\Thesis\Thesis3\Stage4_TransferLearning\checkpoints\phase1_macro\latest_checkpoint.pth
2026-04-18 18:49:17 │ DEBUG    │ AdversarialTrainer             │   Epoch 39 | Batch 23/115 | Loss: 9.2637 (SC: 4.2146, Emo: 5.0491, ID: 3.9736)
2026-04-18 18:49:24 │ DEBUG    │ AdversarialTrainer             │   Epoch 39 | Batch 46/115 | Loss: 4.5564 (SC: 4.1764, Emo: 0.3799, ID: 3.4692)
2026-04-18 18:49:31 │ DEBUG    │ AdversarialTrainer             │   Epoch 39 | Batch 69/115 | Loss: 4.9207 (SC: 4.1801, Emo: 0.7406, ID: 4.6064)
2026-04-18 18:49:38 │ DEBUG    │ AdversarialTrainer             │   Epoch 39 | Batch 92/115 | Loss: 5.8215 (SC: 4.1678, Emo: 1.6537, ID: 6.2539)
2026-04-18 18:49:45 │ DEBUG    │ AdversarialTrainer             │   Epoch 39 | Batch 115/115 | Loss: 4.7128 (SC: 4.1721, Emo: 0.5407, ID: 2.9995)
2026-04-18 18:49:47 │ INFO     │ AdversarialTrainer             │ ──────────────────────────────────────────────────────────────────────
2026-04-18 18:49:47 │ INFO     │ AdversarialTrainer             │ Epoch 39/50  [36.1s]  │  LR=0.000014  │  λ_GRL=0.9991
2026-04-18 18:49:47 │ INFO     │ AdversarialTrainer             │   Train │ Loss: 5.2131  (SC: 4.1768 × 1.0 + Emo: 1.0363 + 0.00 × ID: 4.0021)
2026-04-18 18:49:47 │ INFO     │ AdversarialTrainer             │   Train │ EmoAcc: 0.3391  │ IDAcc: 0.0957
2026-04-18 18:49:47 │ INFO     │ AdversarialTrainer             │   Val   │ Loss: 4.5947  (SC: 4.1751)  │ EmoAcc: 0.5000  │ IDAcc: 0.0000
2026-04-18 18:49:47 │ INFO     │ AdversarialTrainer             │ ──────────────────────────────────────────────────────────────────────
2026-04-18 18:49:47 │ DEBUG    │ AdversarialTrainer             │ Checkpoint saved: epoch=39 → C:\Users\Addhyan\Desktop\Thesis\Thesis3\Stage4_TransferLearning\checkpoints\phase1_macro\latest_checkpoint.pth
2026-04-18 18:49:54 │ DEBUG    │ AdversarialTrainer             │   Epoch 40 | Batch 23/115 | Loss: 4.5363 (SC: 4.1696, Emo: 0.3667, ID: 7.5352)
2026-04-18 18:50:00 │ DEBUG    │ AdversarialTrainer             │   Epoch 40 | Batch 46/115 | Loss: 5.7505 (SC: 4.1980, Emo: 1.5525, ID: 6.5000)
2026-04-18 18:50:07 │ DEBUG    │ AdversarialTrainer             │   Epoch 40 | Batch 69/115 | Loss: 4.8790 (SC: 4.1748, Emo: 0.7042, ID: 3.0396)
2026-04-18 18:50:14 │ DEBUG    │ AdversarialTrainer             │   Epoch 40 | Batch 92/115 | Loss: 4.7985 (SC: 4.1750, Emo: 0.6236, ID: 3.7021)
2026-04-18 18:50:21 │ DEBUG    │ AdversarialTrainer             │   Epoch 40 | Batch 115/115 | Loss: 4.7470 (SC: 4.1721, Emo: 0.5749, ID: 6.3262)
2026-04-18 18:50:23 │ INFO     │ AdversarialTrainer             │ ──────────────────────────────────────────────────────────────────────
2026-04-18 18:50:23 │ INFO     │ AdversarialTrainer             │ Epoch 40/50  [36.1s]  │  LR=0.000012  │  λ_GRL=0.9993
2026-04-18 18:50:23 │ INFO     │ AdversarialTrainer             │   Train │ Loss: 5.1751  (SC: 4.1754 × 1.0 + Emo: 0.9997 + 0.00 × ID: 3.9204)
2026-04-18 18:50:23 │ INFO     │ AdversarialTrainer             │   Train │ EmoAcc: 0.3478  │ IDAcc: 0.1130
2026-04-18 18:50:23 │ INFO     │ AdversarialTrainer             │   Val   │ Loss: 4.6035  (SC: 4.1740)  │ EmoAcc: 0.3636  │ IDAcc: 0.0000
2026-04-18 18:50:23 │ INFO     │ AdversarialTrainer             │ ──────────────────────────────────────────────────────────────────────
2026-04-18 18:50:23 │ DEBUG    │ AdversarialTrainer             │ Checkpoint saved: epoch=40 → C:\Users\Addhyan\Desktop\Thesis\Thesis3\Stage4_TransferLearning\checkpoints\phase1_macro\latest_checkpoint.pth
2026-04-18 18:50:30 │ DEBUG    │ AdversarialTrainer             │   Epoch 41 | Batch 23/115 | Loss: 4.3690 (SC: 4.1697, Emo: 0.1993, ID: 3.9048)
2026-04-18 18:50:37 │ DEBUG    │ AdversarialTrainer             │   Epoch 41 | Batch 46/115 | Loss: 4.7127 (SC: 4.1776, Emo: 0.5351, ID: 5.5449)
2026-04-18 18:50:44 │ DEBUG    │ AdversarialTrainer             │   Epoch 41 | Batch 69/115 | Loss: 5.1111 (SC: 4.1686, Emo: 0.9426, ID: 2.9810)
2026-04-18 18:50:51 │ DEBUG    │ AdversarialTrainer             │   Epoch 41 | Batch 92/115 | Loss: 9.2441 (SC: 4.1876, Emo: 5.0565, ID: 5.0605)
2026-04-18 18:50:57 │ DEBUG    │ AdversarialTrainer             │   Epoch 41 | Batch 115/115 | Loss: 4.5051 (SC: 4.1754, Emo: 0.3297, ID: 2.5986)
2026-04-18 18:50:59 │ INFO     │ AdversarialTrainer             │ ──────────────────────────────────────────────────────────────────────
2026-04-18 18:50:59 │ INFO     │ AdversarialTrainer             │ Epoch 41/50  [36.1s]  │  LR=0.000010  │  λ_GRL=0.9994
2026-04-18 18:50:59 │ INFO     │ AdversarialTrainer             │   Train │ Loss: 5.2368  (SC: 4.1752 × 1.0 + Emo: 1.0615 + 0.00 × ID: 4.0113)
2026-04-18 18:50:59 │ INFO     │ AdversarialTrainer             │   Train │ EmoAcc: 0.3391  │ IDAcc: 0.0870
2026-04-18 18:50:59 │ INFO     │ AdversarialTrainer             │   Val   │ Loss: 4.6128  (SC: 4.1758)  │ EmoAcc: 0.3636  │ IDAcc: 0.0000
2026-04-18 18:50:59 │ INFO     │ AdversarialTrainer             │ ──────────────────────────────────────────────────────────────────────
2026-04-18 18:50:59 │ DEBUG    │ AdversarialTrainer             │ Checkpoint saved: epoch=41 → C:\Users\Addhyan\Desktop\Thesis\Thesis3\Stage4_TransferLearning\checkpoints\phase1_macro\latest_checkpoint.pth
2026-04-18 18:51:06 │ DEBUG    │ AdversarialTrainer             │   Epoch 42 | Batch 23/115 | Loss: 4.6891 (SC: 4.1818, Emo: 0.5073, ID: 2.1650)
2026-04-18 18:51:13 │ DEBUG    │ AdversarialTrainer             │   Epoch 42 | Batch 46/115 | Loss: 4.4157 (SC: 4.1718, Emo: 0.2439, ID: 2.3628)
2026-04-18 18:51:20 │ DEBUG    │ AdversarialTrainer             │   Epoch 42 | Batch 69/115 | Loss: 4.4128 (SC: 4.1693, Emo: 0.2434, ID: 5.1777)
2026-04-18 18:51:27 │ DEBUG    │ AdversarialTrainer             │   Epoch 42 | Batch 92/115 | Loss: 6.3358 (SC: 4.1779, Emo: 2.1579, ID: 3.3916)
2026-04-18 18:51:34 │ DEBUG    │ AdversarialTrainer             │   Epoch 42 | Batch 115/115 | Loss: 4.5760 (SC: 4.1749, Emo: 0.4011, ID: 1.9751)
2026-04-18 18:51:35 │ INFO     │ AdversarialTrainer             │ ──────────────────────────────────────────────────────────────────────
2026-04-18 18:51:35 │ INFO     │ AdversarialTrainer             │ Epoch 42/50  [36.1s]  │  LR=0.000008  │  λ_GRL=0.9995
2026-04-18 18:51:35 │ INFO     │ AdversarialTrainer             │   Train │ Loss: 5.1621  (SC: 4.1741 × 1.0 + Emo: 0.9881 + 0.00 × ID: 3.9813)
2026-04-18 18:51:35 │ INFO     │ AdversarialTrainer             │   Train │ EmoAcc: 0.2739  │ IDAcc: 0.1174
2026-04-18 18:51:35 │ INFO     │ AdversarialTrainer             │   Val   │ Loss: 4.5975  (SC: 4.1732)  │ EmoAcc: 0.5000  │ IDAcc: 0.0000
2026-04-18 18:51:35 │ INFO     │ AdversarialTrainer             │ ──────────────────────────────────────────────────────────────────────
2026-04-18 18:51:35 │ DEBUG    │ AdversarialTrainer             │ Checkpoint saved: epoch=42 → C:\Users\Addhyan\Desktop\Thesis\Thesis3\Stage4_TransferLearning\checkpoints\phase1_macro\latest_checkpoint.pth
2026-04-18 18:51:42 │ DEBUG    │ AdversarialTrainer             │   Epoch 43 | Batch 23/115 | Loss: 7.3160 (SC: 4.1785, Emo: 3.1375, ID: 4.0967)
2026-04-18 18:51:49 │ DEBUG    │ AdversarialTrainer             │   Epoch 43 | Batch 46/115 | Loss: 4.6075 (SC: 4.1759, Emo: 0.4316, ID: 4.8838)
2026-04-18 18:51:56 │ DEBUG    │ AdversarialTrainer             │   Epoch 43 | Batch 69/115 | Loss: 4.4559 (SC: 4.1826, Emo: 0.2733, ID: 5.2969)
2026-04-18 18:52:03 │ DEBUG    │ AdversarialTrainer             │   Epoch 43 | Batch 92/115 | Loss: 4.4227 (SC: 4.1761, Emo: 0.2466, ID: 2.2983)
2026-04-18 18:52:10 │ DEBUG    │ AdversarialTrainer             │   Epoch 43 | Batch 115/115 | Loss: 4.7131 (SC: 4.1810, Emo: 0.5321, ID: 2.3242)
2026-04-18 18:52:11 │ INFO     │ AdversarialTrainer             │ ──────────────────────────────────────────────────────────────────────
2026-04-18 18:52:11 │ INFO     │ AdversarialTrainer             │ Epoch 43/50  [36.0s]  │  LR=0.000006  │  λ_GRL=0.9996
2026-04-18 18:52:11 │ INFO     │ AdversarialTrainer             │   Train │ Loss: 5.1637  (SC: 4.1757 × 1.0 + Emo: 0.9880 + 0.00 × ID: 3.9464)
2026-04-18 18:52:11 │ INFO     │ AdversarialTrainer             │   Train │ EmoAcc: 0.3652  │ IDAcc: 0.1043
2026-04-18 18:52:11 │ INFO     │ AdversarialTrainer             │   Val   │ Loss: 4.5986  (SC: 4.1748)  │ EmoAcc: 0.6818  │ IDAcc: 0.0000
2026-04-18 18:52:11 │ INFO     │ AdversarialTrainer             │ ──────────────────────────────────────────────────────────────────────
2026-04-18 18:52:11 │ DEBUG    │ AdversarialTrainer             │ Checkpoint saved: epoch=43 → C:\Users\Addhyan\Desktop\Thesis\Thesis3\Stage4_TransferLearning\checkpoints\phase1_macro\latest_checkpoint.pth
2026-04-18 18:52:18 │ DEBUG    │ AdversarialTrainer             │   Epoch 44 | Batch 23/115 | Loss: 4.5372 (SC: 4.1767, Emo: 0.3606, ID: 3.8115)
2026-04-18 18:52:25 │ DEBUG    │ AdversarialTrainer             │   Epoch 44 | Batch 46/115 | Loss: 9.2081 (SC: 4.1638, Emo: 5.0443, ID: 3.3350)
2026-04-18 18:52:32 │ DEBUG    │ AdversarialTrainer             │   Epoch 44 | Batch 69/115 | Loss: 4.4005 (SC: 4.1733, Emo: 0.2272, ID: 5.3730)
2026-04-18 18:52:39 │ DEBUG    │ AdversarialTrainer             │   Epoch 44 | Batch 92/115 | Loss: 5.6223 (SC: 4.1736, Emo: 1.4488, ID: 3.2461)
2026-04-18 18:52:46 │ DEBUG    │ AdversarialTrainer             │   Epoch 44 | Batch 115/115 | Loss: 4.8414 (SC: 4.1691, Emo: 0.6723, ID: 3.2031)
2026-04-18 18:52:47 │ INFO     │ AdversarialTrainer             │ ──────────────────────────────────────────────────────────────────────
2026-04-18 18:52:47 │ INFO     │ AdversarialTrainer             │ Epoch 44/50  [36.1s]  │  LR=0.000005  │  λ_GRL=0.9997
2026-04-18 18:52:47 │ INFO     │ AdversarialTrainer             │   Train │ Loss: 5.1641  (SC: 4.1758 × 1.0 + Emo: 0.9883 + 0.00 × ID: 3.9421)
2026-04-18 18:52:47 │ INFO     │ AdversarialTrainer             │   Train │ EmoAcc: 0.3304  │ IDAcc: 0.1087
2026-04-18 18:52:47 │ INFO     │ AdversarialTrainer             │   Val   │ Loss: 4.6027  (SC: 4.1760)  │ EmoAcc: 0.5909  │ IDAcc: 0.0000
2026-04-18 18:52:47 │ INFO     │ AdversarialTrainer             │ ──────────────────────────────────────────────────────────────────────
2026-04-18 18:52:47 │ DEBUG    │ AdversarialTrainer             │ Checkpoint saved: epoch=44 → C:\Users\Addhyan\Desktop\Thesis\Thesis3\Stage4_TransferLearning\checkpoints\phase1_macro\latest_checkpoint.pth
2026-04-18 18:52:54 │ DEBUG    │ AdversarialTrainer             │   Epoch 45 | Batch 23/115 | Loss: 4.7207 (SC: 4.1785, Emo: 0.5422, ID: 3.8750)
2026-04-18 18:53:01 │ DEBUG    │ AdversarialTrainer             │   Epoch 45 | Batch 46/115 | Loss: 4.6864 (SC: 4.1734, Emo: 0.5130, ID: 2.9912)
2026-04-18 18:53:08 │ DEBUG    │ AdversarialTrainer             │   Epoch 45 | Batch 69/115 | Loss: 4.3380 (SC: 4.1713, Emo: 0.1667, ID: 1.9517)
2026-04-18 18:53:15 │ DEBUG    │ AdversarialTrainer             │   Epoch 45 | Batch 92/115 | Loss: 4.3076 (SC: 4.1652, Emo: 0.1423, ID: 2.2676)
2026-04-18 18:53:22 │ DEBUG    │ AdversarialTrainer             │   Epoch 45 | Batch 115/115 | Loss: 4.6712 (SC: 4.1697, Emo: 0.5015, ID: 3.8486)
2026-04-18 18:53:23 │ INFO     │ AdversarialTrainer             │ ──────────────────────────────────────────────────────────────────────
2026-04-18 18:53:23 │ INFO     │ AdversarialTrainer             │ Epoch 45/50  [36.0s]  │  LR=0.000004  │  λ_GRL=0.9997
2026-04-18 18:53:23 │ INFO     │ AdversarialTrainer             │   Train │ Loss: 5.1855  (SC: 4.1747 × 1.0 + Emo: 1.0108 + 0.00 × ID: 3.8843)
2026-04-18 18:53:23 │ INFO     │ AdversarialTrainer             │   Train │ EmoAcc: 0.3913  │ IDAcc: 0.1087
2026-04-18 18:53:23 │ INFO     │ AdversarialTrainer             │   Val   │ Loss: 4.5983  (SC: 4.1748)  │ EmoAcc: 0.5455  │ IDAcc: 0.0000
2026-04-18 18:53:23 │ INFO     │ AdversarialTrainer             │ ──────────────────────────────────────────────────────────────────────
2026-04-18 18:53:23 │ DEBUG    │ AdversarialTrainer             │ Checkpoint saved: epoch=45 → C:\Users\Addhyan\Desktop\Thesis\Thesis3\Stage4_TransferLearning\checkpoints\phase1_macro\latest_checkpoint.pth
2026-04-18 18:53:30 │ DEBUG    │ AdversarialTrainer             │   Epoch 46 | Batch 23/115 | Loss: 4.5410 (SC: 4.1689, Emo: 0.3722, ID: 2.9473)
2026-04-18 18:53:37 │ DEBUG    │ AdversarialTrainer             │   Epoch 46 | Batch 46/115 | Loss: 7.0656 (SC: 4.1763, Emo: 2.8893, ID: 6.6992)
2026-04-18 18:53:44 │ DEBUG    │ AdversarialTrainer             │   Epoch 46 | Batch 69/115 | Loss: 9.3927 (SC: 4.1702, Emo: 5.2225, ID: 3.5166)
2026-04-18 18:53:51 │ DEBUG    │ AdversarialTrainer             │   Epoch 46 | Batch 92/115 | Loss: 4.4866 (SC: 4.1743, Emo: 0.3123, ID: 4.6738)
2026-04-18 18:53:58 │ DEBUG    │ AdversarialTrainer             │   Epoch 46 | Batch 115/115 | Loss: 4.5581 (SC: 4.1687, Emo: 0.3895, ID: 2.2705)
2026-04-18 18:53:59 │ INFO     │ AdversarialTrainer             │ ──────────────────────────────────────────────────────────────────────
2026-04-18 18:53:59 │ INFO     │ AdversarialTrainer             │ Epoch 46/50  [36.1s]  │  LR=0.000003  │  λ_GRL=0.9998
2026-04-18 18:53:59 │ INFO     │ AdversarialTrainer             │   Train │ Loss: 5.2518  (SC: 4.1755 × 1.0 + Emo: 1.0764 + 0.00 × ID: 3.9941)
2026-04-18 18:53:59 │ INFO     │ AdversarialTrainer             │   Train │ EmoAcc: 0.3174  │ IDAcc: 0.1087
2026-04-18 18:53:59 │ INFO     │ AdversarialTrainer             │   Val   │ Loss: 4.6055  (SC: 4.1752)  │ EmoAcc: 0.5000  │ IDAcc: 0.0000
2026-04-18 18:53:59 │ INFO     │ AdversarialTrainer             │ ──────────────────────────────────────────────────────────────────────
2026-04-18 18:53:59 │ DEBUG    │ AdversarialTrainer             │ Checkpoint saved: epoch=46 → C:\Users\Addhyan\Desktop\Thesis\Thesis3\Stage4_TransferLearning\checkpoints\phase1_macro\latest_checkpoint.pth
2026-04-18 18:54:06 │ DEBUG    │ AdversarialTrainer             │   Epoch 47 | Batch 23/115 | Loss: 4.9984 (SC: 4.1593, Emo: 0.8391, ID: 4.2852)
2026-04-18 18:54:13 │ DEBUG    │ AdversarialTrainer             │   Epoch 47 | Batch 46/115 | Loss: 4.4967 (SC: 4.1735, Emo: 0.3233, ID: 2.1245)
2026-04-18 18:54:20 │ DEBUG    │ AdversarialTrainer             │   Epoch 47 | Batch 69/115 | Loss: 4.4981 (SC: 4.1742, Emo: 0.3239, ID: 4.2168)
2026-04-18 18:54:27 │ DEBUG    │ AdversarialTrainer             │   Epoch 47 | Batch 92/115 | Loss: 4.5960 (SC: 4.1758, Emo: 0.4202, ID: 4.5283)
2026-04-18 18:54:34 │ DEBUG    │ AdversarialTrainer             │   Epoch 47 | Batch 115/115 | Loss: 6.2607 (SC: 4.1844, Emo: 2.0763, ID: 7.0625)
2026-04-18 18:54:35 │ INFO     │ AdversarialTrainer             │ ──────────────────────────────────────────────────────────────────────
2026-04-18 18:54:35 │ INFO     │ AdversarialTrainer             │ Epoch 47/50  [36.1s]  │  LR=0.000002  │  λ_GRL=0.9998
2026-04-18 18:54:35 │ INFO     │ AdversarialTrainer             │   Train │ Loss: 5.2038  (SC: 4.1749 × 1.0 + Emo: 1.0290 + 0.00 × ID: 4.0163)
2026-04-18 18:54:35 │ INFO     │ AdversarialTrainer             │   Train │ EmoAcc: 0.3696  │ IDAcc: 0.1348
2026-04-18 18:54:35 │ INFO     │ AdversarialTrainer             │   Val   │ Loss: 4.5938  (SC: 4.1764)  │ EmoAcc: 0.5909  │ IDAcc: 0.0000
2026-04-18 18:54:35 │ INFO     │ AdversarialTrainer             │ ──────────────────────────────────────────────────────────────────────
2026-04-18 18:54:35 │ DEBUG    │ AdversarialTrainer             │ Checkpoint saved: epoch=47 → C:\Users\Addhyan\Desktop\Thesis\Thesis3\Stage4_TransferLearning\checkpoints\phase1_macro\latest_checkpoint.pth
2026-04-18 18:54:42 │ DEBUG    │ AdversarialTrainer             │   Epoch 48 | Batch 23/115 | Loss: 4.6228 (SC: 4.1698, Emo: 0.4529, ID: 3.6328)
2026-04-18 18:54:49 │ DEBUG    │ AdversarialTrainer             │   Epoch 48 | Batch 46/115 | Loss: 4.4554 (SC: 4.1785, Emo: 0.2769, ID: 6.7227)
2026-04-18 18:54:56 │ DEBUG    │ AdversarialTrainer             │   Epoch 48 | Batch 69/115 | Loss: 10.4522 (SC: 4.1862, Emo: 6.2659, ID: 3.1934)
2026-04-18 18:55:03 │ DEBUG    │ AdversarialTrainer             │   Epoch 48 | Batch 92/115 | Loss: 4.8210 (SC: 4.1716, Emo: 0.6494, ID: 6.1035)
2026-04-18 18:55:10 │ DEBUG    │ AdversarialTrainer             │   Epoch 48 | Batch 115/115 | Loss: 4.3641 (SC: 4.1739, Emo: 0.1902, ID: 2.1353)
2026-04-18 18:55:12 │ INFO     │ AdversarialTrainer             │ ──────────────────────────────────────────────────────────────────────
2026-04-18 18:55:12 │ INFO     │ AdversarialTrainer             │ Epoch 48/50  [36.1s]  │  LR=0.000001  │  λ_GRL=0.9999
2026-04-18 18:55:12 │ INFO     │ AdversarialTrainer             │   Train │ Loss: 5.1656  (SC: 4.1745 × 1.0 + Emo: 0.9911 + 0.00 × ID: 3.9469)
2026-04-18 18:55:12 │ INFO     │ AdversarialTrainer             │   Train │ EmoAcc: 0.3783  │ IDAcc: 0.1130
2026-04-18 18:55:12 │ INFO     │ AdversarialTrainer             │   Val   │ Loss: 4.5962  (SC: 4.1788)  │ EmoAcc: 0.5909  │ IDAcc: 0.0000
2026-04-18 18:55:12 │ INFO     │ AdversarialTrainer             │ ──────────────────────────────────────────────────────────────────────
2026-04-18 18:55:12 │ DEBUG    │ AdversarialTrainer             │ Checkpoint saved: epoch=48 → C:\Users\Addhyan\Desktop\Thesis\Thesis3\Stage4_TransferLearning\checkpoints\phase1_macro\latest_checkpoint.pth
2026-04-18 18:55:19 │ DEBUG    │ AdversarialTrainer             │   Epoch 49 | Batch 23/115 | Loss: 12.3785 (SC: 4.1776, Emo: 8.2009, ID: 2.9404)
2026-04-18 18:55:25 │ DEBUG    │ AdversarialTrainer             │   Epoch 49 | Batch 46/115 | Loss: 4.5193 (SC: 4.1733, Emo: 0.3460, ID: 4.0693)
2026-04-18 18:55:32 │ DEBUG    │ AdversarialTrainer             │   Epoch 49 | Batch 69/115 | Loss: 4.6051 (SC: 4.1758, Emo: 0.4293, ID: 3.1904)
2026-04-18 18:55:39 │ DEBUG    │ AdversarialTrainer             │   Epoch 49 | Batch 92/115 | Loss: 4.4791 (SC: 4.1652, Emo: 0.3139, ID: 3.2471)
2026-04-18 18:55:46 │ DEBUG    │ AdversarialTrainer             │   Epoch 49 | Batch 115/115 | Loss: 4.3652 (SC: 4.1721, Emo: 0.1931, ID: 4.2783)
2026-04-18 18:55:48 │ INFO     │ AdversarialTrainer             │ ──────────────────────────────────────────────────────────────────────
2026-04-18 18:55:48 │ INFO     │ AdversarialTrainer             │ Epoch 49/50  [36.1s]  │  LR=0.000000  │  λ_GRL=0.9999
2026-04-18 18:55:48 │ INFO     │ AdversarialTrainer             │   Train │ Loss: 5.2150  (SC: 4.1742 × 1.0 + Emo: 1.0408 + 0.00 × ID: 3.8858)
2026-04-18 18:55:48 │ INFO     │ AdversarialTrainer             │   Train │ EmoAcc: 0.3478  │ IDAcc: 0.1174
2026-04-18 18:55:48 │ INFO     │ AdversarialTrainer             │   Val   │ Loss: 4.6105  (SC: 4.1771)  │ EmoAcc: 0.5455  │ IDAcc: 0.0000
2026-04-18 18:55:48 │ INFO     │ AdversarialTrainer             │ ──────────────────────────────────────────────────────────────────────
2026-04-18 18:55:48 │ DEBUG    │ AdversarialTrainer             │ Checkpoint saved: epoch=49 → C:\Users\Addhyan\Desktop\Thesis\Thesis3\Stage4_TransferLearning\checkpoints\phase1_macro\latest_checkpoint.pth
2026-04-18 18:55:55 │ DEBUG    │ AdversarialTrainer             │   Epoch 50 | Batch 23/115 | Loss: 4.3282 (SC: 4.1676, Emo: 0.1606, ID: 2.5156)
2026-04-18 18:56:02 │ DEBUG    │ AdversarialTrainer             │   Epoch 50 | Batch 46/115 | Loss: 4.6120 (SC: 4.1778, Emo: 0.4342, ID: 4.4912)
2026-04-18 18:56:09 │ DEBUG    │ AdversarialTrainer             │   Epoch 50 | Batch 69/115 | Loss: 5.3676 (SC: 4.1771, Emo: 1.1905, ID: 3.3711)
2026-04-18 18:56:16 │ DEBUG    │ AdversarialTrainer             │   Epoch 50 | Batch 92/115 | Loss: 9.3163 (SC: 4.1823, Emo: 5.1339, ID: 1.9551)
2026-04-18 18:56:23 │ DEBUG    │ AdversarialTrainer             │   Epoch 50 | Batch 115/115 | Loss: 4.6872 (SC: 4.1756, Emo: 0.5117, ID: 4.6943)
2026-04-18 18:56:24 │ INFO     │ AdversarialTrainer             │ ──────────────────────────────────────────────────────────────────────
2026-04-18 18:56:24 │ INFO     │ AdversarialTrainer             │ Epoch 50/50  [36.2s]  │  LR=0.000000  │  λ_GRL=0.9999
2026-04-18 18:56:24 │ INFO     │ AdversarialTrainer             │   Train │ Loss: 5.2360  (SC: 4.1741 × 1.0 + Emo: 1.0619 + 0.00 × ID: 3.9824)
2026-04-18 18:56:24 │ INFO     │ AdversarialTrainer             │   Train │ EmoAcc: 0.3087  │ IDAcc: 0.1043
2026-04-18 18:56:24 │ INFO     │ AdversarialTrainer             │   Val   │ Loss: 4.5953  (SC: 4.1714)  │ EmoAcc: 0.6364  │ IDAcc: 0.0000
2026-04-18 18:56:24 │ INFO     │ AdversarialTrainer             │ ──────────────────────────────────────────────────────────────────────
2026-04-18 18:56:24 │ DEBUG    │ AdversarialTrainer             │ Checkpoint saved: epoch=50 → C:\Users\Addhyan\Desktop\Thesis\Thesis3\Stage4_TransferLearning\checkpoints\phase1_macro\latest_checkpoint.pth
2026-04-18 18:56:24 │ INFO     │ AdversarialTrainer             │ ======================================================================
2026-04-18 18:56:24 │ INFO     │ AdversarialTrainer             │   Training Complete — Best Val Accuracy: 0.7727
2026-04-18 18:56:24 │ INFO     │ AdversarialTrainer             │ ======================================================================
2026-04-18 18:56:24 │ INFO     │ MERDataset                     │ ======================================================================
2026-04-18 18:56:24 │ INFO     │ MERDataset                     │   MERDataset Initialization
2026-04-18 18:56:24 │ INFO     │ MERDataset                     │ ======================================================================
2026-04-18 18:56:24 │ INFO     │ MERDataset                     │ CSV path        : C:\Users\Addhyan\Desktop\Thesis\Thesis3\Processed_Data\master_thesis_labels.csv
2026-04-18 18:56:24 │ INFO     │ MERDataset                     │ Tensor dir      : C:\Users\Addhyan\Desktop\Thesis\Thesis3\Processed_Data\tensors
2026-04-18 18:56:24 │ INFO     │ MERDataset                     │ Expression filter: micro-expression
2026-04-18 18:56:24 │ INFO     │ MERDataset                     │ Emotion mapping : {'Negative': 0, 'Positive': 1, 'Surprise': 2, 'Others': 3}
2026-04-18 18:56:24 │ INFO     │ MERDataset                     │ Loaded CSV: 612 rows × 15 columns
2026-04-18 18:56:24 │ INFO     │ MERDataset                     │ Expression filter 'micro-expression': 612 → 312 rows (dropped 300)
2026-04-18 18:56:24 │ INFO     │ MERDataset                     │ Subject ID mapping: 26 unique subjects → [0, 25]
2026-04-18 18:56:24 │ INFO     │ MERDataset                     │ Tensor matching results:
2026-04-18 18:56:24 │ INFO     │ MERDataset                     │   Matched  : 306
2026-04-18 18:56:24 │ INFO     │ MERDataset                     │   Missing  : 6 (no .npy file on disk)
2026-04-18 18:56:24 │ INFO     │ MERDataset                     │   Unknown  : 0 (emotion not in map)
2026-04-18 18:56:24 │ INFO     │ MERDataset                     │ Emotion class distribution:
2026-04-18 18:56:24 │ INFO     │ MERDataset                     │   Negative     (label=0) : 125 samples
2026-04-18 18:56:24 │ INFO     │ MERDataset                     │   Others       (label=3) : 102 samples
2026-04-18 18:56:24 │ INFO     │ MERDataset                     │   Positive     (label=1) : 45 samples
2026-04-18 18:56:24 │ INFO     │ MERDataset                     │   Surprise     (label=2) : 34 samples
2026-04-18 18:56:24 │ INFO     │ MERDataset                     │ Subject distribution (top 10):
2026-04-18 18:56:24 │ INFO     │ MERDataset                     │   Subject  17 → mapped_id=16 : 36 samples
2026-04-18 18:56:24 │ INFO     │ MERDataset                     │   Subject   2 → mapped_id=1 : 21 samples
2026-04-18 18:56:24 │ INFO     │ MERDataset                     │   Subject  11 → mapped_id=10 : 20 samples
2026-04-18 18:56:24 │ INFO     │ MERDataset                     │   Subject   5 → mapped_id=4 : 19 samples
2026-04-18 18:56:24 │ INFO     │ MERDataset                     │   Subject   9 → mapped_id=8 : 18 samples
2026-04-18 18:56:24 │ INFO     │ MERDataset                     │   Subject  26 → mapped_id=25 : 17 samples
2026-04-18 18:56:24 │ INFO     │ MERDataset                     │   Subject  19 → mapped_id=18 : 16 samples
2026-04-18 18:56:24 │ INFO     │ MERDataset                     │   Subject  10 → mapped_id=9 : 14 samples
2026-04-18 18:56:24 │ INFO     │ MERDataset                     │   Subject  12 → mapped_id=11 : 13 samples
2026-04-18 18:56:24 │ INFO     │ MERDataset                     │   Subject  20 → mapped_id=19 : 13 samples
2026-04-18 18:56:24 │ INFO     │ MERDataset                     │ ──────────────────────────────────────────────────────────────────────
2026-04-18 18:56:24 │ INFO     │ MERDataset                     │   Dataset Ready: 306 samples | 4 classes | 26 subjects
2026-04-18 18:56:24 │ INFO     │ MERDataset                     │ ──────────────────────────────────────────────────────────────────────
2026-04-18 18:56:24 │ INFO     │ MERDataset                     │ ──────────────────────────────────────────────────────────────────────
2026-04-18 18:56:24 │ INFO     │ MERDataset                     │   Subject-Disjoint Split (seed=42)
2026-04-18 18:56:24 │ INFO     │ MERDataset                     │ ──────────────────────────────────────────────────────────────────────
2026-04-18 18:56:24 │ INFO     │ MERDataset                     │   Total subjects: 26 → Train: 21 subjects (216 samples) | Val: 5 subjects (90 samples)
2026-04-18 18:56:24 │ INFO     │ MERDataset                     │   Val subjects  : [10, 13, 17, 20, 26]
2026-04-18 18:56:24 │ INFO     │ MERDataset                     │   Train subjects: [1, 2, 3, 4, 5, 6, 7, 8, 9, 11, 12, 14, 15, 16, 18, 19, 21, 22, 23, 24, 25]
2026-04-18 18:56:24 │ INFO     │ MERDataset                     │   ✓ Zero subject overlap verified.
2026-04-18 18:56:24 │ INFO     │ MERDataset                     │ ──────────────────────────────────────────────────────────────────────
2026-04-18 18:56:24 │ INFO     │ MERDataset                     │ Class weights (inverse freq): {'Negative': '0.6120', 'Positive': '1.7000', 'Surprise': '2.2500', 'Others': '0.7500'}
2026-04-18 18:56:24 │ INFO     │ AdversarialTrainer             │ ======================================================================
2026-04-18 18:56:24 │ INFO     │ AdversarialTrainer             │   AdversarialTrainer Configuration (SupCon)
2026-04-18 18:56:24 │ INFO     │ AdversarialTrainer             │ ======================================================================
2026-04-18 18:56:24 │ INFO     │ AdversarialTrainer             │ Device              : cuda
2026-04-18 18:56:24 │ INFO     │ AdversarialTrainer             │ Epochs              : 150
2026-04-18 18:56:24 │ INFO     │ AdversarialTrainer             │ Identity loss weight: 0.4000
2026-04-18 18:56:24 │ INFO     │ AdversarialTrainer             │ SupCon loss weight  : 1.0000
2026-04-18 18:56:24 │ INFO     │ AdversarialTrainer             │ GRL gamma           : 10.00
2026-04-18 18:56:24 │ INFO     │ AdversarialTrainer             │ Accumulation steps  : 4
2026-04-18 18:56:24 │ INFO     │ AdversarialTrainer             │ AMP enabled         : True
2026-04-18 18:56:24 │ INFO     │ AdversarialTrainer             │ Gradient clip norm  : 1.0
2026-04-18 18:56:24 │ INFO     │ AdversarialTrainer             │ Checkpoint dir      : C:\Users\Addhyan\Desktop\Thesis\Thesis3\Stage4_TransferLearning\checkpoints\phase2_micro
2026-04-18 18:56:24 │ INFO     │ AdversarialTrainer             │ Train batches       : 108
2026-04-18 18:56:24 │ INFO     │ AdversarialTrainer             │ Val batches         : 45
2026-04-18 18:56:24 │ INFO     │ AdversarialTrainer             │ No checkpoint found — starting fresh training.
2026-04-18 18:56:24 │ INFO     │ AdversarialTrainer             │ ======================================================================
2026-04-18 18:56:24 │ INFO     │ AdversarialTrainer             │   Training Start — Epoch 1/150
2026-04-18 18:56:24 │ INFO     │ AdversarialTrainer             │ ======================================================================
2026-04-18 18:56:31 │ DEBUG    │ AdversarialTrainer             │   Epoch 1 | Batch 21/108 | Loss: 6.6026 (SC: 3.7106, Emo: 1.4526, ID: 3.5986)
2026-04-18 18:56:37 │ DEBUG    │ AdversarialTrainer             │   Epoch 1 | Batch 42/108 | Loss: 7.9978 (SC: 4.1896, Emo: 2.2945, ID: 3.7842)
2026-04-18 18:56:44 │ DEBUG    │ AdversarialTrainer             │   Epoch 1 | Batch 63/108 | Loss: 6.7876 (SC: 4.1778, Emo: 0.7293, ID: 4.7012)
2026-04-18 18:56:50 │ DEBUG    │ AdversarialTrainer             │   Epoch 1 | Batch 84/108 | Loss: 6.2623 (SC: 4.1760, Emo: 0.5563, ID: 3.8252)
2026-04-18 18:56:57 │ DEBUG    │ AdversarialTrainer             │   Epoch 1 | Batch 105/108 | Loss: 7.2375 (SC: 4.1956, Emo: 1.0201, ID: 5.0547)
2026-04-18 18:57:03 │ INFO     │ AdversarialTrainer             │ ──────────────────────────────────────────────────────────────────────
2026-04-18 18:57:03 │ INFO     │ AdversarialTrainer             │ Epoch 1/150  [39.0s]  │  LR=0.000050  │  λ_GRL=0.0000
2026-04-18 18:57:03 │ INFO     │ AdversarialTrainer             │   Train │ Loss: 6.5090  (SC: 3.8763 × 1.0 + Emo: 0.9903 + 0.40 × ID: 4.1061)
2026-04-18 18:57:03 │ INFO     │ AdversarialTrainer             │   Train │ EmoAcc: 0.2315  │ IDAcc: 0.0417
2026-04-18 18:57:03 │ INFO     │ AdversarialTrainer             │   Val   │ Loss: 6.7797  (SC: 4.1771)  │ EmoAcc: 0.2556  │ IDAcc: 0.0000
2026-04-18 18:57:03 │ INFO     │ AdversarialTrainer             │ ──────────────────────────────────────────────────────────────────────
2026-04-18 18:57:03 │ DEBUG    │ AdversarialTrainer             │ Checkpoint saved: epoch=1 → C:\Users\Addhyan\Desktop\Thesis\Thesis3\Stage4_TransferLearning\checkpoints\phase2_micro\latest_checkpoint.pth
2026-04-18 18:57:03 │ INFO     │ AdversarialTrainer             │ ★ New best model saved: epoch=1, val_acc=0.2556 → C:\Users\Addhyan\Desktop\Thesis\Thesis3\Stage4_TransferLearning\checkpoints\phase2_micro\best_model.pth
2026-04-18 18:57:09 │ DEBUG    │ AdversarialTrainer             │   Epoch 2 | Batch 21/108 | Loss: 8.3049 (SC: 4.1789, Emo: 1.8298, ID: 5.7402)
2026-04-18 18:57:16 │ DEBUG    │ AdversarialTrainer             │   Epoch 2 | Batch 42/108 | Loss: 6.3197 (SC: 4.1879, Emo: 0.6951, ID: 3.5918)
2026-04-18 18:57:22 │ DEBUG    │ AdversarialTrainer             │   Epoch 2 | Batch 63/108 | Loss: 6.1431 (SC: 4.1782, Emo: 0.2204, ID: 4.3613)
2026-04-18 18:57:28 │ DEBUG    │ AdversarialTrainer             │   Epoch 2 | Batch 84/108 | Loss: 7.0144 (SC: 4.1814, Emo: 1.3291, ID: 3.7598)
2026-04-18 18:57:35 │ DEBUG    │ AdversarialTrainer             │   Epoch 2 | Batch 105/108 | Loss: 7.7821 (SC: 4.1939, Emo: 1.8377, ID: 4.3760)
2026-04-18 18:57:41 │ INFO     │ AdversarialTrainer             │ ──────────────────────────────────────────────────────────────────────
2026-04-18 18:57:41 │ INFO     │ AdversarialTrainer             │ Epoch 2/150  [38.3s]  │  LR=0.000050  │  λ_GRL=0.0335
2026-04-18 18:57:41 │ INFO     │ AdversarialTrainer             │   Train │ Loss: 6.8064  (SC: 4.1756 × 1.0 + Emo: 1.0000 + 0.40 × ID: 4.0772)
2026-04-18 18:57:41 │ INFO     │ AdversarialTrainer             │   Train │ EmoAcc: 0.2500  │ IDAcc: 0.0231
2026-04-18 18:57:41 │ INFO     │ AdversarialTrainer             │   Val   │ Loss: 6.8936  (SC: 4.1777)  │ EmoAcc: 0.0111  │ IDAcc: 0.0000
2026-04-18 18:57:41 │ INFO     │ AdversarialTrainer             │ ──────────────────────────────────────────────────────────────────────
2026-04-18 18:57:41 │ DEBUG    │ AdversarialTrainer             │ Checkpoint saved: epoch=2 → C:\Users\Addhyan\Desktop\Thesis\Thesis3\Stage4_TransferLearning\checkpoints\phase2_micro\latest_checkpoint.pth
2026-04-18 18:57:48 │ DEBUG    │ AdversarialTrainer             │   Epoch 3 | Batch 21/108 | Loss: 5.7626 (SC: 4.1722, Emo: 0.4845, ID: 2.7646)
2026-04-18 18:57:54 │ DEBUG    │ AdversarialTrainer             │   Epoch 3 | Batch 42/108 | Loss: 7.7290 (SC: 4.1814, Emo: 1.6929, ID: 4.6367)
2026-04-18 18:58:00 │ DEBUG    │ AdversarialTrainer             │   Epoch 3 | Batch 63/108 | Loss: 7.2964 (SC: 4.1685, Emo: 1.7830, ID: 3.3623)
2026-04-18 18:58:07 │ DEBUG    │ AdversarialTrainer             │   Epoch 3 | Batch 84/108 | Loss: 6.4897 (SC: 4.1798, Emo: 0.6885, ID: 4.0537)
2026-04-18 18:58:13 │ DEBUG    │ AdversarialTrainer             │   Epoch 3 | Batch 105/108 | Loss: 5.7515 (SC: 4.1769, Emo: 0.7420, ID: 2.0813)
2026-04-18 18:58:20 │ INFO     │ AdversarialTrainer             │ ──────────────────────────────────────────────────────────────────────
2026-04-18 18:58:20 │ INFO     │ AdversarialTrainer             │ Epoch 3/150  [38.2s]  │  LR=0.000050  │  λ_GRL=0.0670
2026-04-18 18:58:20 │ INFO     │ AdversarialTrainer             │   Train │ Loss: 6.6818  (SC: 4.1785 × 1.0 + Emo: 0.9488 + 0.40 × ID: 3.8862)
2026-04-18 18:58:20 │ INFO     │ AdversarialTrainer             │   Train │ EmoAcc: 0.2685  │ IDAcc: 0.0324
2026-04-18 18:58:20 │ INFO     │ AdversarialTrainer             │   Val   │ Loss: 6.8807  (SC: 4.1780)  │ EmoAcc: 0.1000  │ IDAcc: 0.0000
2026-04-18 18:58:20 │ INFO     │ AdversarialTrainer             │ ──────────────────────────────────────────────────────────────────────
2026-04-18 18:58:20 │ DEBUG    │ AdversarialTrainer             │ Checkpoint saved: epoch=3 → C:\Users\Addhyan\Desktop\Thesis\Thesis3\Stage4_TransferLearning\checkpoints\phase2_micro\latest_checkpoint.pth
2026-04-18 18:58:26 │ DEBUG    │ AdversarialTrainer             │   Epoch 4 | Batch 21/108 | Loss: 6.1552 (SC: 4.1777, Emo: 0.7529, ID: 3.0615)
2026-04-18 18:58:32 │ DEBUG    │ AdversarialTrainer             │   Epoch 4 | Batch 42/108 | Loss: 7.5884 (SC: 4.1648, Emo: 1.4119, ID: 5.0293)
2026-04-18 18:58:39 │ DEBUG    │ AdversarialTrainer             │   Epoch 4 | Batch 63/108 | Loss: 6.5431 (SC: 4.1790, Emo: 0.3726, ID: 4.9785)
2026-04-18 18:58:45 │ DEBUG    │ AdversarialTrainer             │   Epoch 4 | Batch 84/108 | Loss: 7.5674 (SC: 4.1748, Emo: 1.7340, ID: 4.1465)
2026-04-18 18:58:51 │ DEBUG    │ AdversarialTrainer             │   Epoch 4 | Batch 105/108 | Loss: 6.0353 (SC: 4.1851, Emo: 0.8935, ID: 2.3916)
2026-04-18 18:58:58 │ INFO     │ AdversarialTrainer             │ ──────────────────────────────────────────────────────────────────────
2026-04-18 18:58:58 │ INFO     │ AdversarialTrainer             │ Epoch 4/150  [38.2s]  │  LR=0.000050  │  λ_GRL=0.1003
2026-04-18 18:58:58 │ INFO     │ AdversarialTrainer             │   Train │ Loss: 6.7036  (SC: 4.1735 × 1.0 + Emo: 0.9724 + 0.40 × ID: 3.8940)
2026-04-18 18:58:58 │ INFO     │ AdversarialTrainer             │   Train │ EmoAcc: 0.2222  │ IDAcc: 0.0463
2026-04-18 18:58:58 │ INFO     │ AdversarialTrainer             │   Val   │ Loss: 6.8951  (SC: 4.1742)  │ EmoAcc: 0.0778  │ IDAcc: 0.0000
2026-04-18 18:58:58 │ INFO     │ AdversarialTrainer             │ ──────────────────────────────────────────────────────────────────────
2026-04-18 18:58:58 │ DEBUG    │ AdversarialTrainer             │ Checkpoint saved: epoch=4 → C:\Users\Addhyan\Desktop\Thesis\Thesis3\Stage4_TransferLearning\checkpoints\phase2_micro\latest_checkpoint.pth
2026-04-18 18:59:04 │ DEBUG    │ AdversarialTrainer             │   Epoch 5 | Batch 21/108 | Loss: 7.5668 (SC: 4.1760, Emo: 2.3240, ID: 2.6670)
2026-04-18 18:59:11 │ DEBUG    │ AdversarialTrainer             │   Epoch 5 | Batch 42/108 | Loss: 7.0706 (SC: 4.1839, Emo: 1.1281, ID: 4.3965)
2026-04-18 18:59:17 │ DEBUG    │ AdversarialTrainer             │   Epoch 5 | Batch 63/108 | Loss: 6.1950 (SC: 4.1768, Emo: 0.4162, ID: 4.0049)
2026-04-18 18:59:23 │ DEBUG    │ AdversarialTrainer             │   Epoch 5 | Batch 84/108 | Loss: 7.1447 (SC: 4.1888, Emo: 1.5169, ID: 3.5977)
2026-04-18 18:59:30 │ DEBUG    │ AdversarialTrainer             │   Epoch 5 | Batch 105/108 | Loss: 7.0967 (SC: 4.1773, Emo: 0.7311, ID: 5.4707)
2026-04-18 18:59:36 │ INFO     │ AdversarialTrainer             │ ──────────────────────────────────────────────────────────────────────
2026-04-18 18:59:36 │ INFO     │ AdversarialTrainer             │ Epoch 5/150  [38.2s]  │  LR=0.000050  │  λ_GRL=0.1334
2026-04-18 18:59:36 │ INFO     │ AdversarialTrainer             │   Train │ Loss: 6.7128  (SC: 4.1759 × 1.0 + Emo: 0.9716 + 0.40 × ID: 3.9132)
2026-04-18 18:59:36 │ INFO     │ AdversarialTrainer             │   Train │ EmoAcc: 0.2546  │ IDAcc: 0.0509
2026-04-18 18:59:36 │ INFO     │ AdversarialTrainer             │   Val   │ Loss: 7.0221  (SC: 4.1762)  │ EmoAcc: 0.0111  │ IDAcc: 0.0000
2026-04-18 18:59:36 │ INFO     │ AdversarialTrainer             │ ──────────────────────────────────────────────────────────────────────
2026-04-18 18:59:36 │ DEBUG    │ AdversarialTrainer             │ Checkpoint saved: epoch=5 → C:\Users\Addhyan\Desktop\Thesis\Thesis3\Stage4_TransferLearning\checkpoints\phase2_micro\latest_checkpoint.pth
2026-04-18 18:59:42 │ DEBUG    │ AdversarialTrainer             │   Epoch 6 | Batch 21/108 | Loss: 6.7437 (SC: 4.1782, Emo: 0.6366, ID: 4.8223)
2026-04-18 18:59:49 │ DEBUG    │ AdversarialTrainer             │   Epoch 6 | Batch 42/108 | Loss: 6.7565 (SC: 4.1790, Emo: 0.5313, ID: 5.1152)
2026-04-18 18:59:55 │ DEBUG    │ AdversarialTrainer             │   Epoch 6 | Batch 63/108 | Loss: 6.6835 (SC: 4.1813, Emo: 1.2022, ID: 3.2500)
2026-04-18 19:00:01 │ DEBUG    │ AdversarialTrainer             │   Epoch 6 | Batch 84/108 | Loss: 5.9685 (SC: 4.1723, Emo: 0.6387, ID: 2.8936)
2026-04-18 19:00:08 │ DEBUG    │ AdversarialTrainer             │   Epoch 6 | Batch 105/108 | Loss: 5.8624 (SC: 4.1736, Emo: 0.4021, ID: 3.2168)
2026-04-18 19:00:14 │ INFO     │ AdversarialTrainer             │ ──────────────────────────────────────────────────────────────────────
2026-04-18 19:00:14 │ INFO     │ AdversarialTrainer             │ Epoch 6/150  [38.2s]  │  LR=0.000050  │  λ_GRL=0.1662
2026-04-18 19:00:14 │ INFO     │ AdversarialTrainer             │   Train │ Loss: 6.7432  (SC: 4.1737 × 1.0 + Emo: 0.9737 + 0.40 × ID: 3.9896)
2026-04-18 19:00:14 │ INFO     │ AdversarialTrainer             │   Train │ EmoAcc: 0.2407  │ IDAcc: 0.0370
2026-04-18 19:00:14 │ INFO     │ AdversarialTrainer             │   Val   │ Loss: 6.9813  (SC: 4.1744)  │ EmoAcc: 0.0333  │ IDAcc: 0.0000
2026-04-18 19:00:14 │ INFO     │ AdversarialTrainer             │ ──────────────────────────────────────────────────────────────────────
2026-04-18 19:00:14 │ DEBUG    │ AdversarialTrainer             │ Checkpoint saved: epoch=6 → C:\Users\Addhyan\Desktop\Thesis\Thesis3\Stage4_TransferLearning\checkpoints\phase2_micro\latest_checkpoint.pth
2026-04-18 19:00:21 │ DEBUG    │ AdversarialTrainer             │   Epoch 7 | Batch 21/108 | Loss: 7.0568 (SC: 4.1784, Emo: 0.4878, ID: 5.9766)
2026-04-18 19:00:27 │ DEBUG    │ AdversarialTrainer             │   Epoch 7 | Batch 42/108 | Loss: 7.7982 (SC: 4.1787, Emo: 1.4999, ID: 5.2988)
2026-04-18 19:00:33 │ DEBUG    │ AdversarialTrainer             │   Epoch 7 | Batch 63/108 | Loss: 6.9797 (SC: 4.1709, Emo: 0.6409, ID: 5.4199)
2026-04-18 19:00:40 │ DEBUG    │ AdversarialTrainer             │   Epoch 7 | Batch 84/108 | Loss: 6.5800 (SC: 4.1807, Emo: 0.5689, ID: 4.5762)
2026-04-18 19:00:46 │ DEBUG    │ AdversarialTrainer             │   Epoch 7 | Batch 105/108 | Loss: 6.7913 (SC: 4.1696, Emo: 0.9264, ID: 4.2383)
2026-04-18 19:00:52 │ INFO     │ AdversarialTrainer             │ ──────────────────────────────────────────────────────────────────────
2026-04-18 19:00:52 │ INFO     │ AdversarialTrainer             │ Epoch 7/150  [38.2s]  │  LR=0.000050  │  λ_GRL=0.1987
2026-04-18 19:00:52 │ INFO     │ AdversarialTrainer             │   Train │ Loss: 6.8194  (SC: 4.1767 × 1.0 + Emo: 1.0099 + 0.40 × ID: 4.0821)
2026-04-18 19:00:52 │ INFO     │ AdversarialTrainer             │   Train │ EmoAcc: 0.1991  │ IDAcc: 0.0324
2026-04-18 19:00:52 │ INFO     │ AdversarialTrainer             │   Val   │ Loss: 7.0730  (SC: 4.1761)  │ EmoAcc: 0.0111  │ IDAcc: 0.0000
2026-04-18 19:00:52 │ INFO     │ AdversarialTrainer             │ ──────────────────────────────────────────────────────────────────────
2026-04-18 19:00:52 │ DEBUG    │ AdversarialTrainer             │ Checkpoint saved: epoch=7 → C:\Users\Addhyan\Desktop\Thesis\Thesis3\Stage4_TransferLearning\checkpoints\phase2_micro\latest_checkpoint.pth
2026-04-18 19:00:59 │ DEBUG    │ AdversarialTrainer             │   Epoch 8 | Batch 21/108 | Loss: 6.3615 (SC: 4.1836, Emo: 0.7779, ID: 3.5000)
2026-04-18 19:01:05 │ DEBUG    │ AdversarialTrainer             │   Epoch 8 | Batch 42/108 | Loss: 7.5029 (SC: 4.1637, Emo: 1.4197, ID: 4.7988)
2026-04-18 19:01:12 │ DEBUG    │ AdversarialTrainer             │   Epoch 8 | Batch 63/108 | Loss: 6.2735 (SC: 4.1768, Emo: 0.7884, ID: 3.2705)
2026-04-18 19:01:18 │ DEBUG    │ AdversarialTrainer             │   Epoch 8 | Batch 84/108 | Loss: 7.7184 (SC: 4.1703, Emo: 1.0355, ID: 6.2812)
2026-04-18 19:01:24 │ DEBUG    │ AdversarialTrainer             │   Epoch 8 | Batch 105/108 | Loss: 7.3386 (SC: 4.1779, Emo: 0.8349, ID: 5.8145)
2026-04-18 19:01:31 │ INFO     │ AdversarialTrainer             │ ──────────────────────────────────────────────────────────────────────
2026-04-18 19:01:31 │ INFO     │ AdversarialTrainer             │ Epoch 8/150  [38.3s]  │  LR=0.000050  │  λ_GRL=0.2307
2026-04-18 19:01:31 │ INFO     │ AdversarialTrainer             │   Train │ Loss: 6.8906  (SC: 4.1766 × 1.0 + Emo: 1.0548 + 0.40 × ID: 4.1483)
2026-04-18 19:01:31 │ INFO     │ AdversarialTrainer             │   Train │ EmoAcc: 0.1898  │ IDAcc: 0.0278
2026-04-18 19:01:31 │ INFO     │ AdversarialTrainer             │   Val   │ Loss: 7.0365  (SC: 4.1755)  │ EmoAcc: 0.0444  │ IDAcc: 0.0000
2026-04-18 19:01:31 │ INFO     │ AdversarialTrainer             │ ──────────────────────────────────────────────────────────────────────
2026-04-18 19:01:31 │ DEBUG    │ AdversarialTrainer             │ Checkpoint saved: epoch=8 → C:\Users\Addhyan\Desktop\Thesis\Thesis3\Stage4_TransferLearning\checkpoints\phase2_micro\latest_checkpoint.pth
2026-04-18 19:01:37 │ DEBUG    │ AdversarialTrainer             │   Epoch 9 | Batch 21/108 | Loss: 6.6307 (SC: 4.1798, Emo: 1.1622, ID: 3.2217)
2026-04-18 19:01:43 │ DEBUG    │ AdversarialTrainer             │   Epoch 9 | Batch 42/108 | Loss: 7.1270 (SC: 4.1715, Emo: 0.9016, ID: 5.1348)
2026-04-18 19:01:50 │ DEBUG    │ AdversarialTrainer             │   Epoch 9 | Batch 63/108 | Loss: 7.1642 (SC: 4.1775, Emo: 0.7914, ID: 5.4883)
2026-04-18 19:01:56 │ DEBUG    │ AdversarialTrainer             │   Epoch 9 | Batch 84/108 | Loss: 5.2873 (SC: 4.1631, Emo: 0.6145, ID: 1.2744)
2026-04-18 19:02:03 │ DEBUG    │ AdversarialTrainer             │   Epoch 9 | Batch 105/108 | Loss: 6.6496 (SC: 4.1702, Emo: 0.1747, ID: 5.7617)
2026-04-18 19:02:09 │ INFO     │ AdversarialTrainer             │ ──────────────────────────────────────────────────────────────────────
2026-04-18 19:02:09 │ INFO     │ AdversarialTrainer             │ Epoch 9/150  [38.1s]  │  LR=0.000050  │  λ_GRL=0.2622
2026-04-18 19:02:09 │ INFO     │ AdversarialTrainer             │   Train │ Loss: 6.8258  (SC: 4.1761 × 1.0 + Emo: 0.9720 + 0.40 × ID: 4.1942)
2026-04-18 19:02:09 │ INFO     │ AdversarialTrainer             │   Train │ EmoAcc: 0.2500  │ IDAcc: 0.0324
2026-04-18 19:02:09 │ INFO     │ AdversarialTrainer             │   Val   │ Loss: 7.0313  (SC: 4.1750)  │ EmoAcc: 0.2778  │ IDAcc: 0.0000
2026-04-18 19:02:09 │ INFO     │ AdversarialTrainer             │ ──────────────────────────────────────────────────────────────────────
2026-04-18 19:02:09 │ DEBUG    │ AdversarialTrainer             │ Checkpoint saved: epoch=9 → C:\Users\Addhyan\Desktop\Thesis\Thesis3\Stage4_TransferLearning\checkpoints\phase2_micro\latest_checkpoint.pth
2026-04-18 19:02:09 │ INFO     │ AdversarialTrainer             │ ★ New best model saved: epoch=9, val_acc=0.2778 → C:\Users\Addhyan\Desktop\Thesis\Thesis3\Stage4_TransferLearning\checkpoints\phase2_micro\best_model.pth
2026-04-18 19:02:15 │ DEBUG    │ AdversarialTrainer             │   Epoch 10 | Batch 21/108 | Loss: 7.7247 (SC: 4.1724, Emo: 1.3546, ID: 5.4941)
2026-04-18 19:02:22 │ DEBUG    │ AdversarialTrainer             │   Epoch 10 | Batch 42/108 | Loss: 7.5255 (SC: 4.1698, Emo: 1.2713, ID: 5.2109)
2026-04-18 19:02:28 │ DEBUG    │ AdversarialTrainer             │   Epoch 10 | Batch 63/108 | Loss: 7.0610 (SC: 4.1692, Emo: 1.0402, ID: 4.6289)
2026-04-18 19:02:34 │ DEBUG    │ AdversarialTrainer             │   Epoch 10 | Batch 84/108 | Loss: 6.1481 (SC: 4.1651, Emo: 0.6846, ID: 3.2461)
2026-04-18 19:02:41 │ DEBUG    │ AdversarialTrainer             │   Epoch 10 | Batch 105/108 | Loss: 9.2241 (SC: 4.1907, Emo: 2.8529, ID: 5.4512)
2026-04-18 19:02:47 │ INFO     │ AdversarialTrainer             │ ──────────────────────────────────────────────────────────────────────
2026-04-18 19:02:47 │ INFO     │ AdversarialTrainer             │ Epoch 10/150  [38.2s]  │  LR=0.000050  │  λ_GRL=0.2932
2026-04-18 19:02:47 │ INFO     │ AdversarialTrainer             │   Train │ Loss: 6.8567  (SC: 4.1753 × 1.0 + Emo: 0.9278 + 0.40 × ID: 4.3841)
2026-04-18 19:02:47 │ INFO     │ AdversarialTrainer             │   Train │ EmoAcc: 0.2963  │ IDAcc: 0.0324
2026-04-18 19:02:47 │ INFO     │ AdversarialTrainer             │   Val   │ Loss: 7.1555  (SC: 4.1750)  │ EmoAcc: 0.1222  │ IDAcc: 0.0000
2026-04-18 19:02:47 │ INFO     │ AdversarialTrainer             │ ──────────────────────────────────────────────────────────────────────
2026-04-18 19:02:47 │ DEBUG    │ AdversarialTrainer             │ Checkpoint saved: epoch=10 → C:\Users\Addhyan\Desktop\Thesis\Thesis3\Stage4_TransferLearning\checkpoints\phase2_micro\latest_checkpoint.pth
2026-04-18 19:02:54 │ DEBUG    │ AdversarialTrainer             │   Epoch 11 | Batch 21/108 | Loss: 6.9134 (SC: 4.1808, Emo: 0.3709, ID: 5.9043)
2026-04-18 19:03:00 │ DEBUG    │ AdversarialTrainer             │   Epoch 11 | Batch 42/108 | Loss: 7.0154 (SC: 4.1741, Emo: 1.3019, ID: 3.8486)
2026-04-18 19:03:06 │ DEBUG    │ AdversarialTrainer             │   Epoch 11 | Batch 63/108 | Loss: 6.8859 (SC: 4.1831, Emo: 0.5443, ID: 5.3965)
2026-04-18 19:03:13 │ DEBUG    │ AdversarialTrainer             │   Epoch 11 | Batch 84/108 | Loss: 6.6481 (SC: 4.1787, Emo: 0.4822, ID: 4.9678)
2026-04-18 19:03:19 │ DEBUG    │ AdversarialTrainer             │   Epoch 11 | Batch 105/108 | Loss: 7.1198 (SC: 4.1735, Emo: 0.9791, ID: 4.9180)
2026-04-18 19:03:25 │ INFO     │ AdversarialTrainer             │ ──────────────────────────────────────────────────────────────────────
2026-04-18 19:03:25 │ INFO     │ AdversarialTrainer             │ Epoch 11/150  [38.3s]  │  LR=0.000049  │  λ_GRL=0.3235
2026-04-18 19:03:25 │ INFO     │ AdversarialTrainer             │   Train │ Loss: 7.0632  (SC: 4.1744 × 1.0 + Emo: 1.0153 + 0.40 × ID: 4.6840)
2026-04-18 19:03:25 │ INFO     │ AdversarialTrainer             │   Train │ EmoAcc: 0.2083  │ IDAcc: 0.0324
2026-04-18 19:03:25 │ INFO     │ AdversarialTrainer             │   Val   │ Loss: 7.2487  (SC: 4.1792)  │ EmoAcc: 0.1778  │ IDAcc: 0.0000
2026-04-18 19:03:25 │ INFO     │ AdversarialTrainer             │ ──────────────────────────────────────────────────────────────────────
2026-04-18 19:03:25 │ DEBUG    │ AdversarialTrainer             │ Checkpoint saved: epoch=11 → C:\Users\Addhyan\Desktop\Thesis\Thesis3\Stage4_TransferLearning\checkpoints\phase2_micro\latest_checkpoint.pth
2026-04-18 19:03:32 │ DEBUG    │ AdversarialTrainer             │   Epoch 12 | Batch 21/108 | Loss: 6.5807 (SC: 4.1711, Emo: 1.1034, ID: 3.2655)
2026-04-18 19:03:38 │ DEBUG    │ AdversarialTrainer             │   Epoch 12 | Batch 42/108 | Loss: 6.9072 (SC: 4.1752, Emo: 0.4898, ID: 5.6055)
2026-04-18 19:03:45 │ DEBUG    │ AdversarialTrainer             │   Epoch 12 | Batch 63/108 | Loss: 7.1336 (SC: 4.1606, Emo: 0.7394, ID: 5.5840)
2026-04-18 19:03:51 │ DEBUG    │ AdversarialTrainer             │   Epoch 12 | Batch 84/108 | Loss: 6.2495 (SC: 4.1735, Emo: 1.0909, ID: 2.4626)
2026-04-18 19:03:57 │ DEBUG    │ AdversarialTrainer             │   Epoch 12 | Batch 105/108 | Loss: 7.3896 (SC: 4.1877, Emo: 0.4261, ID: 6.9395)
2026-04-18 19:04:04 │ INFO     │ AdversarialTrainer             │ ──────────────────────────────────────────────────────────────────────
2026-04-18 19:04:04 │ INFO     │ AdversarialTrainer             │ Epoch 12/150  [38.2s]  │  LR=0.000049  │  λ_GRL=0.3532
2026-04-18 19:04:04 │ INFO     │ AdversarialTrainer             │   Train │ Loss: 7.2569  (SC: 4.1769 × 1.0 + Emo: 0.9943 + 0.40 × ID: 5.2142)
2026-04-18 19:04:04 │ INFO     │ AdversarialTrainer             │   Train │ EmoAcc: 0.2546  │ IDAcc: 0.0324
2026-04-18 19:04:04 │ INFO     │ AdversarialTrainer             │   Val   │ Loss: 7.5898  (SC: 4.1754)  │ EmoAcc: 0.0222  │ IDAcc: 0.0000
2026-04-18 19:04:04 │ INFO     │ AdversarialTrainer             │ ──────────────────────────────────────────────────────────────────────
2026-04-18 19:04:04 │ DEBUG    │ AdversarialTrainer             │ Checkpoint saved: epoch=12 → C:\Users\Addhyan\Desktop\Thesis\Thesis3\Stage4_TransferLearning\checkpoints\phase2_micro\latest_checkpoint.pth
2026-04-18 19:04:10 │ DEBUG    │ AdversarialTrainer             │   Epoch 13 | Batch 21/108 | Loss: 7.1760 (SC: 4.1748, Emo: 0.4552, ID: 6.3652)
2026-04-18 19:04:16 │ DEBUG    │ AdversarialTrainer             │   Epoch 13 | Batch 42/108 | Loss: 6.0994 (SC: 4.1838, Emo: 0.3670, ID: 3.8714)
2026-04-18 19:04:23 │ DEBUG    │ AdversarialTrainer             │   Epoch 13 | Batch 63/108 | Loss: 6.6840 (SC: 4.1716, Emo: 0.2108, ID: 5.7539)
2026-04-18 19:04:29 │ DEBUG    │ AdversarialTrainer             │   Epoch 13 | Batch 84/108 | Loss: 7.3103 (SC: 4.1757, Emo: 0.5143, ID: 6.5508)
2026-04-18 19:04:36 │ DEBUG    │ AdversarialTrainer             │   Epoch 13 | Batch 105/108 | Loss: 6.4474 (SC: 4.1592, Emo: 0.5587, ID: 4.3235)
2026-04-18 19:04:42 │ INFO     │ AdversarialTrainer             │ ──────────────────────────────────────────────────────────────────────
2026-04-18 19:04:42 │ INFO     │ AdversarialTrainer             │ Epoch 13/150  [38.2s]  │  LR=0.000049  │  λ_GRL=0.3822
2026-04-18 19:04:42 │ INFO     │ AdversarialTrainer             │   Train │ Loss: 7.5373  (SC: 4.1759 × 1.0 + Emo: 0.9874 + 0.40 × ID: 5.9350)
2026-04-18 19:04:42 │ INFO     │ AdversarialTrainer             │   Train │ EmoAcc: 0.2037  │ IDAcc: 0.0324
2026-04-18 19:04:42 │ INFO     │ AdversarialTrainer             │   Val   │ Loss: 7.9435  (SC: 4.1779)  │ EmoAcc: 0.0222  │ IDAcc: 0.0000
2026-04-18 19:04:42 │ INFO     │ AdversarialTrainer             │ ──────────────────────────────────────────────────────────────────────
2026-04-18 19:04:42 │ DEBUG    │ AdversarialTrainer             │ Checkpoint saved: epoch=13 → C:\Users\Addhyan\Desktop\Thesis\Thesis3\Stage4_TransferLearning\checkpoints\phase2_micro\latest_checkpoint.pth
2026-04-18 19:04:48 │ DEBUG    │ AdversarialTrainer             │   Epoch 14 | Batch 21/108 | Loss: 9.4250 (SC: 4.1908, Emo: 1.7834, ID: 8.6270)
2026-04-18 19:04:55 │ DEBUG    │ AdversarialTrainer             │   Epoch 14 | Batch 42/108 | Loss: 6.4569 (SC: 4.1595, Emo: 0.1826, ID: 5.2871)
2026-04-18 19:05:01 │ DEBUG    │ AdversarialTrainer             │   Epoch 14 | Batch 63/108 | Loss: 7.6529 (SC: 4.1676, Emo: 0.4680, ID: 7.5430)
2026-04-18 19:05:07 │ DEBUG    │ AdversarialTrainer             │   Epoch 14 | Batch 84/108 | Loss: 9.1471 (SC: 4.1768, Emo: 1.7961, ID: 7.9355)
2026-04-18 19:05:14 │ DEBUG    │ AdversarialTrainer             │   Epoch 14 | Batch 105/108 | Loss: 7.4615 (SC: 4.1861, Emo: 0.7574, ID: 6.2949)
2026-04-18 19:05:20 │ INFO     │ AdversarialTrainer             │ ──────────────────────────────────────────────────────────────────────
2026-04-18 19:05:20 │ INFO     │ AdversarialTrainer             │ Epoch 14/150  [38.2s]  │  LR=0.000049  │  λ_GRL=0.4105
2026-04-18 19:05:20 │ INFO     │ AdversarialTrainer             │   Train │ Loss: 7.8349  (SC: 4.1773 × 1.0 + Emo: 0.9091 + 0.40 × ID: 6.8713)
2026-04-18 19:05:20 │ INFO     │ AdversarialTrainer             │   Train │ EmoAcc: 0.2917  │ IDAcc: 0.0324
2026-04-18 19:05:20 │ INFO     │ AdversarialTrainer             │   Val   │ Loss: 8.5000  (SC: 4.1800)  │ EmoAcc: 0.0111  │ IDAcc: 0.0000
2026-04-18 19:05:20 │ INFO     │ AdversarialTrainer             │ ──────────────────────────────────────────────────────────────────────
2026-04-18 19:05:20 │ DEBUG    │ AdversarialTrainer             │ Checkpoint saved: epoch=14 → C:\Users\Addhyan\Desktop\Thesis\Thesis3\Stage4_TransferLearning\checkpoints\phase2_micro\latest_checkpoint.pth
2026-04-18 19:05:27 │ DEBUG    │ AdversarialTrainer             │   Epoch 15 | Batch 21/108 | Loss: 8.3268 (SC: 4.1561, Emo: 0.4723, ID: 9.2461)
2026-04-18 19:05:33 │ DEBUG    │ AdversarialTrainer             │   Epoch 15 | Batch 42/108 | Loss: 7.3186 (SC: 4.1575, Emo: 0.5384, ID: 6.5566)
2026-04-18 19:05:39 │ DEBUG    │ AdversarialTrainer             │   Epoch 15 | Batch 63/108 | Loss: 8.2332 (SC: 4.1669, Emo: 0.9859, ID: 7.7012)
2026-04-18 19:05:46 │ DEBUG    │ AdversarialTrainer             │   Epoch 15 | Batch 84/108 | Loss: 7.6919 (SC: 4.1782, Emo: 0.4824, ID: 7.5781)
2026-04-18 19:05:52 │ DEBUG    │ AdversarialTrainer             │   Epoch 15 | Batch 105/108 | Loss: 8.6401 (SC: 4.1738, Emo: 1.1694, ID: 8.2422)
2026-04-18 19:05:58 │ INFO     │ AdversarialTrainer             │ ──────────────────────────────────────────────────────────────────────
2026-04-18 19:05:58 │ INFO     │ AdversarialTrainer             │ Epoch 15/150  [38.2s]  │  LR=0.000049  │  λ_GRL=0.4380
2026-04-18 19:05:58 │ INFO     │ AdversarialTrainer             │   Train │ Loss: 8.3480  (SC: 4.1766 × 1.0 + Emo: 1.0046 + 0.40 × ID: 7.9171)
2026-04-18 19:05:58 │ INFO     │ AdversarialTrainer             │   Train │ EmoAcc: 0.2639  │ IDAcc: 0.0324
2026-04-18 19:05:58 │ INFO     │ AdversarialTrainer             │   Val   │ Loss: 8.7228  (SC: 4.1800)  │ EmoAcc: 0.0222  │ IDAcc: 0.0000
2026-04-18 19:05:58 │ INFO     │ AdversarialTrainer             │ ──────────────────────────────────────────────────────────────────────
2026-04-18 19:05:58 │ DEBUG    │ AdversarialTrainer             │ Checkpoint saved: epoch=15 → C:\Users\Addhyan\Desktop\Thesis\Thesis3\Stage4_TransferLearning\checkpoints\phase2_micro\latest_checkpoint.pth
2026-04-18 19:06:05 │ DEBUG    │ AdversarialTrainer             │   Epoch 16 | Batch 21/108 | Loss: 8.6825 (SC: 4.1711, Emo: 2.0051, ID: 6.2656)
2026-04-18 19:06:11 │ DEBUG    │ AdversarialTrainer             │   Epoch 16 | Batch 42/108 | Loss: 8.4604 (SC: 4.1696, Emo: 0.5634, ID: 9.3184)
2026-04-18 19:06:18 │ DEBUG    │ AdversarialTrainer             │   Epoch 16 | Batch 63/108 | Loss: 9.1237 (SC: 4.1894, Emo: 1.6789, ID: 8.1387)
2026-04-18 19:06:24 │ DEBUG    │ AdversarialTrainer             │   Epoch 16 | Batch 84/108 | Loss: 9.3670 (SC: 4.1629, Emo: 1.7049, ID: 8.7480)
2026-04-18 19:06:30 │ DEBUG    │ AdversarialTrainer             │   Epoch 16 | Batch 105/108 | Loss: 10.3691 (SC: 4.1683, Emo: 2.4679, ID: 9.3320)
2026-04-18 19:06:37 │ INFO     │ AdversarialTrainer             │ ──────────────────────────────────────────────────────────────────────
2026-04-18 19:06:37 │ INFO     │ AdversarialTrainer             │ Epoch 16/150  [38.2s]  │  LR=0.000049  │  λ_GRL=0.4648
2026-04-18 19:06:37 │ INFO     │ AdversarialTrainer             │   Train │ Loss: 8.7722  (SC: 4.1751 × 1.0 + Emo: 1.1621 + 0.40 × ID: 8.5875)
2026-04-18 19:06:37 │ INFO     │ AdversarialTrainer             │   Train │ EmoAcc: 0.2130  │ IDAcc: 0.0324
2026-04-18 19:06:37 │ INFO     │ AdversarialTrainer             │   Val   │ Loss: 8.9176  (SC: 4.1809)  │ EmoAcc: 0.0444  │ IDAcc: 0.0000
2026-04-18 19:06:37 │ INFO     │ AdversarialTrainer             │ ──────────────────────────────────────────────────────────────────────
2026-04-18 19:06:37 │ DEBUG    │ AdversarialTrainer             │ Checkpoint saved: epoch=16 → C:\Users\Addhyan\Desktop\Thesis\Thesis3\Stage4_TransferLearning\checkpoints\phase2_micro\latest_checkpoint.pth
2026-04-18 19:06:43 │ DEBUG    │ AdversarialTrainer             │   Epoch 17 | Batch 21/108 | Loss: 9.2623 (SC: 4.1828, Emo: 1.3217, ID: 9.3945)
2026-04-18 19:06:49 │ DEBUG    │ AdversarialTrainer             │   Epoch 17 | Batch 42/108 | Loss: 8.2657 (SC: 4.1835, Emo: 0.6150, ID: 8.6680)
2026-04-18 19:06:56 │ DEBUG    │ AdversarialTrainer             │   Epoch 17 | Batch 63/108 | Loss: 8.6545 (SC: 4.1649, Emo: 0.4428, ID: 10.1172)
2026-04-18 19:07:02 │ DEBUG    │ AdversarialTrainer             │   Epoch 17 | Batch 84/108 | Loss: 8.8781 (SC: 4.1717, Emo: 0.8485, ID: 9.6445)
2026-04-18 19:07:09 │ DEBUG    │ AdversarialTrainer             │   Epoch 17 | Batch 105/108 | Loss: 10.2378 (SC: 4.1588, Emo: 2.3149, ID: 9.4102)
2026-04-18 19:07:15 │ INFO     │ AdversarialTrainer             │ ──────────────────────────────────────────────────────────────────────
2026-04-18 19:07:15 │ INFO     │ AdversarialTrainer             │ Epoch 17/150  [38.2s]  │  LR=0.000049  │  λ_GRL=0.4906
2026-04-18 19:07:15 │ INFO     │ AdversarialTrainer             │   Train │ Loss: 9.0534  (SC: 4.1746 × 1.0 + Emo: 1.2740 + 0.40 × ID: 9.0122)
2026-04-18 19:07:15 │ INFO     │ AdversarialTrainer             │   Train │ EmoAcc: 0.1852  │ IDAcc: 0.0324
2026-04-18 19:07:15 │ INFO     │ AdversarialTrainer             │   Val   │ Loss: 9.0832  (SC: 4.1778)  │ EmoAcc: 0.0111  │ IDAcc: 0.0000
2026-04-18 19:07:15 │ INFO     │ AdversarialTrainer             │ ──────────────────────────────────────────────────────────────────────
2026-04-18 19:07:15 │ DEBUG    │ AdversarialTrainer             │ Checkpoint saved: epoch=17 → C:\Users\Addhyan\Desktop\Thesis\Thesis3\Stage4_TransferLearning\checkpoints\phase2_micro\latest_checkpoint.pth
2026-04-18 19:07:21 │ DEBUG    │ AdversarialTrainer             │   Epoch 18 | Batch 21/108 | Loss: 8.7039 (SC: 4.1909, Emo: 0.5192, ID: 9.9844)
2026-04-18 19:07:28 │ DEBUG    │ AdversarialTrainer             │   Epoch 18 | Batch 42/108 | Loss: 8.6950 (SC: 4.1672, Emo: 1.2817, ID: 8.1152)
2026-04-18 19:07:34 │ DEBUG    │ AdversarialTrainer             │   Epoch 18 | Batch 63/108 | Loss: 8.9454 (SC: 4.1624, Emo: 0.6642, ID: 10.2969)
2026-04-18 19:07:40 │ DEBUG    │ AdversarialTrainer             │   Epoch 18 | Batch 84/108 | Loss: 8.0292 (SC: 4.1800, Emo: 0.1508, ID: 9.2461)
2026-04-18 19:07:47 │ DEBUG    │ AdversarialTrainer             │   Epoch 18 | Batch 105/108 | Loss: 9.1939 (SC: 4.1586, Emo: 0.6275, ID: 11.0195)
2026-04-18 19:07:53 │ INFO     │ AdversarialTrainer             │ ──────────────────────────────────────────────────────────────────────
2026-04-18 19:07:53 │ INFO     │ AdversarialTrainer             │ Epoch 18/150  [38.2s]  │  LR=0.000048  │  λ_GRL=0.5157
2026-04-18 19:07:53 │ INFO     │ AdversarialTrainer             │   Train │ Loss: 9.1004  (SC: 4.1746 × 1.0 + Emo: 1.1522 + 0.40 × ID: 9.4340)
2026-04-18 19:07:53 │ INFO     │ AdversarialTrainer             │   Train │ EmoAcc: 0.2130  │ IDAcc: 0.0324
2026-04-18 19:07:53 │ INFO     │ AdversarialTrainer             │   Val   │ Loss: 8.9527  (SC: 4.1859)  │ EmoAcc: 0.0667  │ IDAcc: 0.0000
2026-04-18 19:07:53 │ INFO     │ AdversarialTrainer             │ ──────────────────────────────────────────────────────────────────────
2026-04-18 19:07:53 │ DEBUG    │ AdversarialTrainer             │ Checkpoint saved: epoch=18 → C:\Users\Addhyan\Desktop\Thesis\Thesis3\Stage4_TransferLearning\checkpoints\phase2_micro\latest_checkpoint.pth
2026-04-18 19:08:00 │ DEBUG    │ AdversarialTrainer             │   Epoch 19 | Batch 21/108 | Loss: 8.1137 (SC: 4.1750, Emo: 0.5059, ID: 8.5820)
2026-04-18 19:08:06 │ DEBUG    │ AdversarialTrainer             │   Epoch 19 | Batch 42/108 | Loss: 8.6794 (SC: 4.1956, Emo: 0.6104, ID: 9.6836)
2026-04-18 19:08:12 │ DEBUG    │ AdversarialTrainer             │   Epoch 19 | Batch 63/108 | Loss: 9.9066 (SC: 4.1771, Emo: 2.1342, ID: 8.9883)
2026-04-18 19:08:19 │ DEBUG    │ AdversarialTrainer             │   Epoch 19 | Batch 84/108 | Loss: 7.3925 (SC: 4.1824, Emo: 1.2444, ID: 4.9144)
2026-04-18 19:08:25 │ DEBUG    │ AdversarialTrainer             │   Epoch 19 | Batch 105/108 | Loss: 9.6417 (SC: 4.1748, Emo: 1.1231, ID: 10.8594)
2026-04-18 19:08:31 │ INFO     │ AdversarialTrainer             │ ──────────────────────────────────────────────────────────────────────
2026-04-18 19:08:31 │ INFO     │ AdversarialTrainer             │ Epoch 19/150  [38.2s]  │  LR=0.000048  │  λ_GRL=0.5399
2026-04-18 19:08:31 │ INFO     │ AdversarialTrainer             │   Train │ Loss: 9.0544  (SC: 4.1779 × 1.0 + Emo: 1.1492 + 0.40 × ID: 9.3183)
2026-04-18 19:08:31 │ INFO     │ AdversarialTrainer             │   Train │ EmoAcc: 0.2870  │ IDAcc: 0.0324
2026-04-18 19:08:31 │ INFO     │ AdversarialTrainer             │   Val   │ Loss: 8.9885  (SC: 4.1846)  │ EmoAcc: 0.0333  │ IDAcc: 0.0000
2026-04-18 19:08:31 │ INFO     │ AdversarialTrainer             │ ──────────────────────────────────────────────────────────────────────
2026-04-18 19:08:31 │ DEBUG    │ AdversarialTrainer             │ Checkpoint saved: epoch=19 → C:\Users\Addhyan\Desktop\Thesis\Thesis3\Stage4_TransferLearning\checkpoints\phase2_micro\latest_checkpoint.pth
2026-04-18 19:08:38 │ DEBUG    │ AdversarialTrainer             │   Epoch 20 | Batch 21/108 | Loss: 9.0536 (SC: 4.1811, Emo: 1.0655, ID: 9.5176)
2026-04-18 19:08:44 │ DEBUG    │ AdversarialTrainer             │   Epoch 20 | Batch 42/108 | Loss: 10.0681 (SC: 4.1558, Emo: 1.8591, ID: 10.1328)
2026-04-18 19:08:51 │ DEBUG    │ AdversarialTrainer             │   Epoch 20 | Batch 63/108 | Loss: 10.7380 (SC: 4.1928, Emo: 2.4405, ID: 10.2617)
2026-04-18 19:08:57 │ DEBUG    │ AdversarialTrainer             │   Epoch 20 | Batch 84/108 | Loss: 9.1444 (SC: 4.1827, Emo: 0.8273, ID: 10.3359)
2026-04-18 19:09:03 │ DEBUG    │ AdversarialTrainer             │   Epoch 20 | Batch 105/108 | Loss: 10.8882 (SC: 4.1847, Emo: 2.6332, ID: 10.1758)
2026-04-18 19:09:10 │ INFO     │ AdversarialTrainer             │ ──────────────────────────────────────────────────────────────────────
2026-04-18 19:09:10 │ INFO     │ AdversarialTrainer             │ Epoch 20/150  [38.2s]  │  LR=0.000048  │  λ_GRL=0.5633
2026-04-18 19:09:10 │ INFO     │ AdversarialTrainer             │   Train │ Loss: 9.1283  (SC: 4.1761 × 1.0 + Emo: 1.2285 + 0.40 × ID: 9.3092)
2026-04-18 19:09:10 │ INFO     │ AdversarialTrainer             │   Train │ EmoAcc: 0.2222  │ IDAcc: 0.0324
2026-04-18 19:09:10 │ INFO     │ AdversarialTrainer             │   Val   │ Loss: 9.0077  (SC: 4.1836)  │ EmoAcc: 0.0222  │ IDAcc: 0.0000
2026-04-18 19:09:10 │ INFO     │ AdversarialTrainer             │ ──────────────────────────────────────────────────────────────────────
2026-04-18 19:09:10 │ DEBUG    │ AdversarialTrainer             │ Checkpoint saved: epoch=20 → C:\Users\Addhyan\Desktop\Thesis\Thesis3\Stage4_TransferLearning\checkpoints\phase2_micro\latest_checkpoint.pth
2026-04-18 19:09:16 │ DEBUG    │ AdversarialTrainer             │   Epoch 21 | Batch 21/108 | Loss: 9.4371 (SC: 4.1746, Emo: 1.0266, ID: 10.5898)
2026-04-18 19:09:22 │ DEBUG    │ AdversarialTrainer             │   Epoch 21 | Batch 42/108 | Loss: 9.7384 (SC: 4.1732, Emo: 1.5527, ID: 10.0312)
2026-04-18 19:09:29 │ DEBUG    │ AdversarialTrainer             │   Epoch 21 | Batch 63/108 | Loss: 9.2240 (SC: 4.1793, Emo: 0.7243, ID: 10.8008)
2026-04-18 19:09:35 │ DEBUG    │ AdversarialTrainer             │   Epoch 21 | Batch 84/108 | Loss: 8.4188 (SC: 4.1587, Emo: 0.0992, ID: 10.4023)
2026-04-18 19:09:41 │ DEBUG    │ AdversarialTrainer             │   Epoch 21 | Batch 105/108 | Loss: 8.7879 (SC: 4.1877, Emo: 0.7049, ID: 9.7383)
2026-04-18 19:09:48 │ INFO     │ AdversarialTrainer             │ ──────────────────────────────────────────────────────────────────────
2026-04-18 19:09:48 │ INFO     │ AdversarialTrainer             │ Epoch 21/150  [38.2s]  │  LR=0.000048  │  λ_GRL=0.5857
2026-04-18 19:09:48 │ INFO     │ AdversarialTrainer             │   Train │ Loss: 9.0786  (SC: 4.1810 × 1.0 + Emo: 1.1424 + 0.40 × ID: 9.3880)
2026-04-18 19:09:48 │ INFO     │ AdversarialTrainer             │   Train │ EmoAcc: 0.2315  │ IDAcc: 0.0324
2026-04-18 19:09:48 │ INFO     │ AdversarialTrainer             │   Val   │ Loss: 8.9333  (SC: 4.1784)  │ EmoAcc: 0.0667  │ IDAcc: 0.0000
2026-04-18 19:09:48 │ INFO     │ AdversarialTrainer             │ ──────────────────────────────────────────────────────────────────────
2026-04-18 19:09:48 │ DEBUG    │ AdversarialTrainer             │ Checkpoint saved: epoch=21 → C:\Users\Addhyan\Desktop\Thesis\Thesis3\Stage4_TransferLearning\checkpoints\phase2_micro\latest_checkpoint.pth
2026-04-18 19:09:54 │ DEBUG    │ AdversarialTrainer             │   Epoch 22 | Batch 21/108 | Loss: 9.1358 (SC: 4.1684, Emo: 0.4018, ID: 11.4141)
2026-04-18 19:10:01 │ DEBUG    │ AdversarialTrainer             │   Epoch 22 | Batch 42/108 | Loss: 7.4323 (SC: 4.1696, Emo: 0.4017, ID: 7.1523)
2026-04-18 19:10:07 │ DEBUG    │ AdversarialTrainer             │   Epoch 22 | Batch 63/108 | Loss: 10.2386 (SC: 4.1847, Emo: 2.1289, ID: 9.8125)
2026-04-18 19:10:13 │ DEBUG    │ AdversarialTrainer             │   Epoch 22 | Batch 84/108 | Loss: 8.5032 (SC: 4.1860, Emo: 0.4641, ID: 9.6328)
2026-04-18 19:10:20 │ DEBUG    │ AdversarialTrainer             │   Epoch 22 | Batch 105/108 | Loss: 8.7851 (SC: 4.1789, Emo: 0.5750, ID: 10.0781)
2026-04-18 19:10:26 │ INFO     │ AdversarialTrainer             │ ──────────────────────────────────────────────────────────────────────
2026-04-18 19:10:26 │ INFO     │ AdversarialTrainer             │ Epoch 22/150  [38.2s]  │  LR=0.000048  │  λ_GRL=0.6073
2026-04-18 19:10:26 │ INFO     │ AdversarialTrainer             │   Train │ Loss: 9.0164  (SC: 4.1769 × 1.0 + Emo: 1.1070 + 0.40 × ID: 9.3312)
2026-04-18 19:10:26 │ INFO     │ AdversarialTrainer             │   Train │ EmoAcc: 0.2731  │ IDAcc: 0.0324
2026-04-18 19:10:26 │ INFO     │ AdversarialTrainer             │   Val   │ Loss: 8.8749  (SC: 4.1856)  │ EmoAcc: 0.0778  │ IDAcc: 0.0000
2026-04-18 19:10:26 │ INFO     │ AdversarialTrainer             │ ──────────────────────────────────────────────────────────────────────
2026-04-18 19:10:26 │ DEBUG    │ AdversarialTrainer             │ Checkpoint saved: epoch=22 → C:\Users\Addhyan\Desktop\Thesis\Thesis3\Stage4_TransferLearning\checkpoints\phase2_micro\latest_checkpoint.pth
2026-04-18 19:10:33 │ DEBUG    │ AdversarialTrainer             │   Epoch 23 | Batch 21/108 | Loss: 9.0625 (SC: 4.1949, Emo: 1.1848, ID: 9.2070)
2026-04-18 19:10:39 │ DEBUG    │ AdversarialTrainer             │   Epoch 23 | Batch 42/108 | Loss: 8.7107 (SC: 4.1667, Emo: 0.5987, ID: 9.8633)
2026-04-18 19:10:45 │ DEBUG    │ AdversarialTrainer             │   Epoch 23 | Batch 63/108 | Loss: 10.4701 (SC: 4.1689, Emo: 2.2247, ID: 10.1914)
2026-04-18 19:10:52 │ DEBUG    │ AdversarialTrainer             │   Epoch 23 | Batch 84/108 | Loss: 9.0449 (SC: 4.1779, Emo: 0.9560, ID: 9.7773)
2026-04-18 19:10:58 │ DEBUG    │ AdversarialTrainer             │   Epoch 23 | Batch 105/108 | Loss: 9.5816 (SC: 4.1807, Emo: 1.0431, ID: 10.8945)
2026-04-18 19:11:04 │ INFO     │ AdversarialTrainer             │ ──────────────────────────────────────────────────────────────────────
2026-04-18 19:11:04 │ INFO     │ AdversarialTrainer             │ Epoch 23/150  [38.2s]  │  LR=0.000047  │  λ_GRL=0.6281
2026-04-18 19:11:04 │ INFO     │ AdversarialTrainer             │   Train │ Loss: 8.9450  (SC: 4.1795 × 1.0 + Emo: 1.0976 + 0.40 × ID: 9.1697)
2026-04-18 19:11:04 │ INFO     │ AdversarialTrainer             │   Train │ EmoAcc: 0.2546  │ IDAcc: 0.0324
2026-04-18 19:11:04 │ INFO     │ AdversarialTrainer             │   Val   │ Loss: 8.8965  (SC: 4.1791)  │ EmoAcc: 0.0556  │ IDAcc: 0.0000
2026-04-18 19:11:04 │ INFO     │ AdversarialTrainer             │ ──────────────────────────────────────────────────────────────────────
2026-04-18 19:11:04 │ DEBUG    │ AdversarialTrainer             │ Checkpoint saved: epoch=23 → C:\Users\Addhyan\Desktop\Thesis\Thesis3\Stage4_TransferLearning\checkpoints\phase2_micro\latest_checkpoint.pth
2026-04-18 19:11:11 │ DEBUG    │ AdversarialTrainer             │   Epoch 24 | Batch 21/108 | Loss: 10.8112 (SC: 4.2017, Emo: 2.9963, ID: 9.0332)
2026-04-18 19:11:17 │ DEBUG    │ AdversarialTrainer             │   Epoch 24 | Batch 42/108 | Loss: 10.9020 (SC: 4.1906, Emo: 2.5153, ID: 10.4902)
2026-04-18 19:11:23 │ DEBUG    │ AdversarialTrainer             │   Epoch 24 | Batch 63/108 | Loss: 8.1009 (SC: 4.1823, Emo: 0.5593, ID: 8.3984)
2026-04-18 19:11:30 │ DEBUG    │ AdversarialTrainer             │   Epoch 24 | Batch 84/108 | Loss: 6.2865 (SC: 4.1833, Emo: 0.8276, ID: 3.1890)
2026-04-18 19:11:36 │ DEBUG    │ AdversarialTrainer             │   Epoch 24 | Batch 105/108 | Loss: 8.9906 (SC: 4.1970, Emo: 1.5858, ID: 8.0195)
2026-04-18 19:11:43 │ INFO     │ AdversarialTrainer             │ ──────────────────────────────────────────────────────────────────────
2026-04-18 19:11:43 │ INFO     │ AdversarialTrainer             │ Epoch 24/150  [38.2s]  │  LR=0.000047  │  λ_GRL=0.6480
2026-04-18 19:11:43 │ INFO     │ AdversarialTrainer             │   Train │ Loss: 8.9543  (SC: 4.1793 × 1.0 + Emo: 1.2502 + 0.40 × ID: 8.8121)
2026-04-18 19:11:43 │ INFO     │ AdversarialTrainer             │   Train │ EmoAcc: 0.2083  │ IDAcc: 0.0324
2026-04-18 19:11:43 │ INFO     │ AdversarialTrainer             │   Val   │ Loss: 8.9277  (SC: 4.1761)  │ EmoAcc: 0.0667  │ IDAcc: 0.0000
2026-04-18 19:11:43 │ INFO     │ AdversarialTrainer             │ ──────────────────────────────────────────────────────────────────────
2026-04-18 19:11:43 │ DEBUG    │ AdversarialTrainer             │ Checkpoint saved: epoch=24 → C:\Users\Addhyan\Desktop\Thesis\Thesis3\Stage4_TransferLearning\checkpoints\phase2_micro\latest_checkpoint.pth
2026-04-18 19:11:49 │ DEBUG    │ AdversarialTrainer             │   Epoch 25 | Batch 21/108 | Loss: 8.7757 (SC: 4.1784, Emo: 0.9068, ID: 9.2266)
2026-04-18 19:11:55 │ DEBUG    │ AdversarialTrainer             │   Epoch 25 | Batch 42/108 | Loss: 8.6948 (SC: 4.1653, Emo: 0.6389, ID: 9.7266)
2026-04-18 19:12:02 │ DEBUG    │ AdversarialTrainer             │   Epoch 25 | Batch 63/108 | Loss: 8.6427 (SC: 4.1599, Emo: 1.3672, ID: 7.7891)
2026-04-18 19:12:08 │ DEBUG    │ AdversarialTrainer             │   Epoch 25 | Batch 84/108 | Loss: 8.8412 (SC: 4.1662, Emo: 1.0156, ID: 9.1484)
2026-04-18 19:12:14 │ DEBUG    │ AdversarialTrainer             │   Epoch 25 | Batch 105/108 | Loss: 9.2624 (SC: 4.1885, Emo: 0.7427, ID: 10.8281)
2026-04-18 19:12:21 │ INFO     │ AdversarialTrainer             │ ──────────────────────────────────────────────────────────────────────
2026-04-18 19:12:21 │ INFO     │ AdversarialTrainer             │ Epoch 25/150  [38.2s]  │  LR=0.000047  │  λ_GRL=0.6670
2026-04-18 19:12:21 │ INFO     │ AdversarialTrainer             │   Train │ Loss: 8.8089  (SC: 4.1794 × 1.0 + Emo: 1.1432 + 0.40 × ID: 8.7158)
2026-04-18 19:12:21 │ INFO     │ AdversarialTrainer             │   Train │ EmoAcc: 0.2546  │ IDAcc: 0.0324
2026-04-18 19:12:21 │ INFO     │ AdversarialTrainer             │   Val   │ Loss: 8.8844  (SC: 4.1774)  │ EmoAcc: 0.0333  │ IDAcc: 0.0000
2026-04-18 19:12:21 │ INFO     │ AdversarialTrainer             │ ──────────────────────────────────────────────────────────────────────
2026-04-18 19:12:21 │ DEBUG    │ AdversarialTrainer             │ Checkpoint saved: epoch=25 → C:\Users\Addhyan\Desktop\Thesis\Thesis3\Stage4_TransferLearning\checkpoints\phase2_micro\latest_checkpoint.pth
2026-04-18 19:12:27 │ DEBUG    │ AdversarialTrainer             │   Epoch 26 | Batch 21/108 | Loss: 7.9207 (SC: 4.1682, Emo: 0.3908, ID: 8.4043)
2026-04-18 19:12:34 │ DEBUG    │ AdversarialTrainer             │   Epoch 26 | Batch 42/108 | Loss: 8.5608 (SC: 4.1670, Emo: 0.3829, ID: 10.0273)
2026-04-18 19:12:40 │ DEBUG    │ AdversarialTrainer             │   Epoch 26 | Batch 63/108 | Loss: 9.6780 (SC: 4.1906, Emo: 1.4827, ID: 10.0117)
2026-04-18 19:12:46 │ DEBUG    │ AdversarialTrainer             │   Epoch 26 | Batch 84/108 | Loss: 8.5444 (SC: 4.1773, Emo: 1.1272, ID: 8.0996)
2026-04-18 19:12:53 │ DEBUG    │ AdversarialTrainer             │   Epoch 26 | Batch 105/108 | Loss: 9.5508 (SC: 4.1904, Emo: 1.6369, ID: 9.3086)
2026-04-18 19:12:59 │ INFO     │ AdversarialTrainer             │ ──────────────────────────────────────────────────────────────────────
2026-04-18 19:12:59 │ INFO     │ AdversarialTrainer             │ Epoch 26/150  [38.2s]  │  LR=0.000047  │  λ_GRL=0.6852
2026-04-18 19:12:59 │ INFO     │ AdversarialTrainer             │   Train │ Loss: 8.8108  (SC: 4.1770 × 1.0 + Emo: 1.1546 + 0.40 × ID: 8.6980)
2026-04-18 19:12:59 │ INFO     │ AdversarialTrainer             │   Train │ EmoAcc: 0.2315  │ IDAcc: 0.0324
2026-04-18 19:12:59 │ INFO     │ AdversarialTrainer             │   Val   │ Loss: 8.6257  (SC: 4.1794)  │ EmoAcc: 0.2333  │ IDAcc: 0.0000
2026-04-18 19:12:59 │ INFO     │ AdversarialTrainer             │ ──────────────────────────────────────────────────────────────────────
2026-04-18 19:12:59 │ DEBUG    │ AdversarialTrainer             │ Checkpoint saved: epoch=26 → C:\Users\Addhyan\Desktop\Thesis\Thesis3\Stage4_TransferLearning\checkpoints\phase2_micro\latest_checkpoint.pth
2026-04-18 19:13:05 │ DEBUG    │ AdversarialTrainer             │   Epoch 27 | Batch 21/108 | Loss: 6.2546 (SC: 4.1927, Emo: 0.8895, ID: 2.9312)
2026-04-18 19:13:12 │ DEBUG    │ AdversarialTrainer             │   Epoch 27 | Batch 42/108 | Loss: 7.5099 (SC: 4.1850, Emo: 0.2374, ID: 7.7188)
2026-04-18 19:13:18 │ DEBUG    │ AdversarialTrainer             │   Epoch 27 | Batch 63/108 | Loss: 8.3269 (SC: 4.1788, Emo: 0.9277, ID: 8.0508)
2026-04-18 19:13:24 │ DEBUG    │ AdversarialTrainer             │   Epoch 27 | Batch 84/108 | Loss: 8.9601 (SC: 4.1802, Emo: 0.9346, ID: 9.6133)
2026-04-18 19:13:31 │ DEBUG    │ AdversarialTrainer             │   Epoch 27 | Batch 105/108 | Loss: 10.4761 (SC: 4.2115, Emo: 2.0005, ID: 10.6602)
2026-04-18 19:13:37 │ INFO     │ AdversarialTrainer             │ ──────────────────────────────────────────────────────────────────────
2026-04-18 19:13:37 │ INFO     │ AdversarialTrainer             │ Epoch 27/150  [38.2s]  │  LR=0.000046  │  λ_GRL=0.7026
2026-04-18 19:13:37 │ INFO     │ AdversarialTrainer             │   Train │ Loss: 8.6258  (SC: 4.1798 × 1.0 + Emo: 1.1108 + 0.40 × ID: 8.3379)
2026-04-18 19:13:37 │ INFO     │ AdversarialTrainer             │   Train │ EmoAcc: 0.2130  │ IDAcc: 0.0324
2026-04-18 19:13:37 │ INFO     │ AdversarialTrainer             │   Val   │ Loss: 8.6955  (SC: 4.1731)  │ EmoAcc: 0.0667  │ IDAcc: 0.0000
2026-04-18 19:13:37 │ INFO     │ AdversarialTrainer             │ ──────────────────────────────────────────────────────────────────────
2026-04-18 19:13:37 │ DEBUG    │ AdversarialTrainer             │ Checkpoint saved: epoch=27 → C:\Users\Addhyan\Desktop\Thesis\Thesis3\Stage4_TransferLearning\checkpoints\phase2_micro\latest_checkpoint.pth
2026-04-18 19:13:44 │ DEBUG    │ AdversarialTrainer             │   Epoch 28 | Batch 21/108 | Loss: 8.5192 (SC: 4.1842, Emo: 0.5663, ID: 9.4219)
2026-04-18 19:13:50 │ DEBUG    │ AdversarialTrainer             │   Epoch 28 | Batch 42/108 | Loss: 8.0330 (SC: 4.1557, Emo: 0.6836, ID: 7.9844)
2026-04-18 19:13:56 │ DEBUG    │ AdversarialTrainer             │   Epoch 28 | Batch 63/108 | Loss: 8.9499 (SC: 4.1774, Emo: 1.2413, ID: 8.8281)
2026-04-18 19:14:03 │ DEBUG    │ AdversarialTrainer             │   Epoch 28 | Batch 84/108 | Loss: 9.4070 (SC: 4.1691, Emo: 2.1755, ID: 7.6562)
2026-04-18 19:14:09 │ DEBUG    │ AdversarialTrainer             │   Epoch 28 | Batch 105/108 | Loss: 8.0697 (SC: 4.1825, Emo: 0.4208, ID: 8.6660)
2026-04-18 19:14:15 │ INFO     │ AdversarialTrainer             │ ──────────────────────────────────────────────────────────────────────
2026-04-18 19:14:15 │ INFO     │ AdversarialTrainer             │ Epoch 28/150  [38.2s]  │  LR=0.000046  │  λ_GRL=0.7192
2026-04-18 19:14:15 │ INFO     │ AdversarialTrainer             │   Train │ Loss: 8.6457  (SC: 4.1767 × 1.0 + Emo: 1.1763 + 0.40 × ID: 8.2319)
2026-04-18 19:14:15 │ INFO     │ AdversarialTrainer             │   Train │ EmoAcc: 0.2176  │ IDAcc: 0.0324
2026-04-18 19:14:15 │ INFO     │ AdversarialTrainer             │   Val   │ Loss: 8.6012  (SC: 4.1763)  │ EmoAcc: 0.0889  │ IDAcc: 0.0000
2026-04-18 19:14:15 │ INFO     │ AdversarialTrainer             │ ──────────────────────────────────────────────────────────────────────
2026-04-18 19:14:15 │ DEBUG    │ AdversarialTrainer             │ Checkpoint saved: epoch=28 → C:\Users\Addhyan\Desktop\Thesis\Thesis3\Stage4_TransferLearning\checkpoints\phase2_micro\latest_checkpoint.pth
2026-04-18 19:14:22 │ DEBUG    │ AdversarialTrainer             │   Epoch 29 | Batch 21/108 | Loss: 9.5446 (SC: 4.1711, Emo: 1.4485, ID: 9.8125)
2026-04-18 19:14:28 │ DEBUG    │ AdversarialTrainer             │   Epoch 29 | Batch 42/108 | Loss: 9.2752 (SC: 4.1924, Emo: 1.7179, ID: 8.4121)
2026-04-18 19:14:35 │ DEBUG    │ AdversarialTrainer             │   Epoch 29 | Batch 63/108 | Loss: 8.2045 (SC: 4.1720, Emo: 0.6091, ID: 8.5586)
2026-04-18 19:14:41 │ DEBUG    │ AdversarialTrainer             │   Epoch 29 | Batch 84/108 | Loss: 9.0357 (SC: 4.1947, Emo: 2.2684, ID: 6.4316)
2026-04-18 19:14:47 │ DEBUG    │ AdversarialTrainer             │   Epoch 29 | Batch 105/108 | Loss: 7.9958 (SC: 4.1763, Emo: 0.7141, ID: 7.7637)
2026-04-18 19:14:54 │ INFO     │ AdversarialTrainer             │ ──────────────────────────────────────────────────────────────────────
2026-04-18 19:14:54 │ INFO     │ AdversarialTrainer             │ Epoch 29/150  [38.2s]  │  LR=0.000046  │  λ_GRL=0.7350
2026-04-18 19:14:54 │ INFO     │ AdversarialTrainer             │   Train │ Loss: 8.6020  (SC: 4.1765 × 1.0 + Emo: 1.2022 + 0.40 × ID: 8.0582)
2026-04-18 19:14:54 │ INFO     │ AdversarialTrainer             │   Train │ EmoAcc: 0.2130  │ IDAcc: 0.0324
2026-04-18 19:14:54 │ INFO     │ AdversarialTrainer             │   Val   │ Loss: 8.7249  (SC: 4.1804)  │ EmoAcc: 0.0556  │ IDAcc: 0.0000
2026-04-18 19:14:54 │ INFO     │ AdversarialTrainer             │ ──────────────────────────────────────────────────────────────────────
2026-04-18 19:14:54 │ DEBUG    │ AdversarialTrainer             │ Checkpoint saved: epoch=29 → C:\Users\Addhyan\Desktop\Thesis\Thesis3\Stage4_TransferLearning\checkpoints\phase2_micro\latest_checkpoint.pth
2026-04-18 19:15:00 │ DEBUG    │ AdversarialTrainer             │   Epoch 30 | Batch 21/108 | Loss: 9.4896 (SC: 4.1689, Emo: 1.6363, ID: 9.2109)
2026-04-18 19:15:06 │ DEBUG    │ AdversarialTrainer             │   Epoch 30 | Batch 42/108 | Loss: 8.0246 (SC: 4.1767, Emo: 0.8041, ID: 7.6094)
2026-04-18 19:15:13 │ DEBUG    │ AdversarialTrainer             │   Epoch 30 | Batch 63/108 | Loss: 7.3399 (SC: 4.1727, Emo: 0.5164, ID: 6.6270)
2026-04-18 19:15:19 │ DEBUG    │ AdversarialTrainer             │   Epoch 30 | Batch 84/108 | Loss: 8.2421 (SC: 4.1891, Emo: 0.2624, ID: 9.4766)
2026-04-18 19:15:26 │ DEBUG    │ AdversarialTrainer             │   Epoch 30 | Batch 105/108 | Loss: 8.0132 (SC: 4.1938, Emo: 1.1155, ID: 6.7598)
2026-04-18 19:15:32 │ INFO     │ AdversarialTrainer             │ ──────────────────────────────────────────────────────────────────────
2026-04-18 19:15:32 │ INFO     │ AdversarialTrainer             │ Epoch 30/150  [38.2s]  │  LR=0.000046  │  λ_GRL=0.7501
2026-04-18 19:15:32 │ INFO     │ AdversarialTrainer             │   Train │ Loss: 8.5138  (SC: 4.1778 × 1.0 + Emo: 1.1708 + 0.40 × ID: 7.9129)
2026-04-18 19:15:32 │ INFO     │ AdversarialTrainer             │   Train │ EmoAcc: 0.2361  │ IDAcc: 0.0324
2026-04-18 19:15:32 │ INFO     │ AdversarialTrainer             │   Val   │ Loss: 8.6065  (SC: 4.1767)  │ EmoAcc: 0.0778  │ IDAcc: 0.0000
2026-04-18 19:15:32 │ INFO     │ AdversarialTrainer             │ ──────────────────────────────────────────────────────────────────────
2026-04-18 19:15:32 │ DEBUG    │ AdversarialTrainer             │ Checkpoint saved: epoch=30 → C:\Users\Addhyan\Desktop\Thesis\Thesis3\Stage4_TransferLearning\checkpoints\phase2_micro\latest_checkpoint.pth
2026-04-18 19:15:38 │ DEBUG    │ AdversarialTrainer             │   Epoch 31 | Batch 21/108 | Loss: 9.0652 (SC: 4.1636, Emo: 1.8640, ID: 7.5938)
2026-04-18 19:15:45 │ DEBUG    │ AdversarialTrainer             │   Epoch 31 | Batch 42/108 | Loss: 8.4458 (SC: 4.1754, Emo: 0.5579, ID: 9.2812)
2026-04-18 19:15:51 │ DEBUG    │ AdversarialTrainer             │   Epoch 31 | Batch 63/108 | Loss: 8.9720 (SC: 4.1759, Emo: 1.2259, ID: 8.9258)
2026-04-18 19:15:57 │ DEBUG    │ AdversarialTrainer             │   Epoch 31 | Batch 84/108 | Loss: 7.9112 (SC: 4.1775, Emo: 0.5891, ID: 7.8613)
2026-04-18 19:16:04 │ DEBUG    │ AdversarialTrainer             │   Epoch 31 | Batch 105/108 | Loss: 8.5186 (SC: 4.1817, Emo: 1.2956, ID: 7.6035)
2026-04-18 19:16:10 │ INFO     │ AdversarialTrainer             │ ──────────────────────────────────────────────────────────────────────
2026-04-18 19:16:10 │ INFO     │ AdversarialTrainer             │ Epoch 31/150  [38.2s]  │  LR=0.000045  │  λ_GRL=0.7644
2026-04-18 19:16:10 │ INFO     │ AdversarialTrainer             │   Train │ Loss: 8.5162  (SC: 4.1753 × 1.0 + Emo: 1.2011 + 0.40 × ID: 7.8494)
2026-04-18 19:16:10 │ INFO     │ AdversarialTrainer             │   Train │ EmoAcc: 0.2037  │ IDAcc: 0.0324
2026-04-18 19:16:10 │ INFO     │ AdversarialTrainer             │   Val   │ Loss: 8.5476  (SC: 4.1780)  │ EmoAcc: 0.0778  │ IDAcc: 0.0000
2026-04-18 19:16:10 │ INFO     │ AdversarialTrainer             │ ──────────────────────────────────────────────────────────────────────
2026-04-18 19:16:10 │ DEBUG    │ AdversarialTrainer             │ Checkpoint saved: epoch=31 → C:\Users\Addhyan\Desktop\Thesis\Thesis3\Stage4_TransferLearning\checkpoints\phase2_micro\latest_checkpoint.pth
2026-04-18 19:16:17 │ DEBUG    │ AdversarialTrainer             │   Epoch 32 | Batch 21/108 | Loss: 7.5759 (SC: 4.1721, Emo: 0.5522, ID: 7.1289)
2026-04-18 19:16:23 │ DEBUG    │ AdversarialTrainer             │   Epoch 32 | Batch 42/108 | Loss: 7.8512 (SC: 4.1692, Emo: 0.5508, ID: 7.8281)
2026-04-18 19:16:29 │ DEBUG    │ AdversarialTrainer             │   Epoch 32 | Batch 63/108 | Loss: 8.4734 (SC: 4.1764, Emo: 1.1157, ID: 7.9531)
2026-04-18 19:16:36 │ DEBUG    │ AdversarialTrainer             │   Epoch 32 | Batch 84/108 | Loss: 8.3221 (SC: 4.1665, Emo: 1.1407, ID: 7.5371)
2026-04-18 19:16:42 │ DEBUG    │ AdversarialTrainer             │   Epoch 32 | Batch 105/108 | Loss: 9.3175 (SC: 4.1917, Emo: 2.3219, ID: 7.0098)
2026-04-18 19:16:48 │ INFO     │ AdversarialTrainer             │ ──────────────────────────────────────────────────────────────────────
2026-04-18 19:16:48 │ INFO     │ AdversarialTrainer             │ Epoch 32/150  [38.2s]  │  LR=0.000045  │  λ_GRL=0.7780
2026-04-18 19:16:48 │ INFO     │ AdversarialTrainer             │   Train │ Loss: 8.2714  (SC: 4.1750 × 1.0 + Emo: 1.1073 + 0.40 × ID: 7.4726)
2026-04-18 19:16:48 │ INFO     │ AdversarialTrainer             │   Train │ EmoAcc: 0.2454  │ IDAcc: 0.0324
2026-04-18 19:16:48 │ INFO     │ AdversarialTrainer             │   Val   │ Loss: 8.5711  (SC: 4.1786)  │ EmoAcc: 0.0556  │ IDAcc: 0.0000
2026-04-18 19:16:48 │ INFO     │ AdversarialTrainer             │ ──────────────────────────────────────────────────────────────────────
2026-04-18 19:16:48 │ DEBUG    │ AdversarialTrainer             │ Checkpoint saved: epoch=32 → C:\Users\Addhyan\Desktop\Thesis\Thesis3\Stage4_TransferLearning\checkpoints\phase2_micro\latest_checkpoint.pth
2026-04-18 19:16:55 │ DEBUG    │ AdversarialTrainer             │   Epoch 33 | Batch 21/108 | Loss: 8.3181 (SC: 4.1886, Emo: 1.1388, ID: 7.4766)
2026-04-18 19:17:01 │ DEBUG    │ AdversarialTrainer             │   Epoch 33 | Batch 42/108 | Loss: 8.8780 (SC: 4.1729, Emo: 1.3731, ID: 8.3301)
2026-04-18 19:17:08 │ DEBUG    │ AdversarialTrainer             │   Epoch 33 | Batch 63/108 | Loss: 5.6784 (SC: 4.1645, Emo: 0.4563, ID: 2.6442)
2026-04-18 19:17:14 │ DEBUG    │ AdversarialTrainer             │   Epoch 33 | Batch 84/108 | Loss: 6.8735 (SC: 4.1769, Emo: 0.3404, ID: 5.8906)
2026-04-18 19:17:20 │ DEBUG    │ AdversarialTrainer             │   Epoch 33 | Batch 105/108 | Loss: 8.5291 (SC: 4.1756, Emo: 1.4886, ID: 7.1621)
2026-04-18 19:17:27 │ INFO     │ AdversarialTrainer             │ ──────────────────────────────────────────────────────────────────────
2026-04-18 19:17:27 │ INFO     │ AdversarialTrainer             │ Epoch 33/150  [38.2s]  │  LR=0.000045  │  λ_GRL=0.7909
2026-04-18 19:17:27 │ INFO     │ AdversarialTrainer             │   Train │ Loss: 8.3381  (SC: 4.1760 × 1.0 + Emo: 1.1597 + 0.40 × ID: 7.5061)
2026-04-18 19:17:27 │ INFO     │ AdversarialTrainer             │   Train │ EmoAcc: 0.2407  │ IDAcc: 0.0324
2026-04-18 19:17:27 │ INFO     │ AdversarialTrainer             │   Val   │ Loss: 8.5717  (SC: 4.1785)  │ EmoAcc: 0.0556  │ IDAcc: 0.0000
2026-04-18 19:17:27 │ INFO     │ AdversarialTrainer             │ ──────────────────────────────────────────────────────────────────────
2026-04-18 19:17:27 │ DEBUG    │ AdversarialTrainer             │ Checkpoint saved: epoch=33 → C:\Users\Addhyan\Desktop\Thesis\Thesis3\Stage4_TransferLearning\checkpoints\phase2_micro\latest_checkpoint.pth
2026-04-18 19:17:33 │ DEBUG    │ AdversarialTrainer             │   Epoch 34 | Batch 21/108 | Loss: 9.2046 (SC: 4.1636, Emo: 1.7183, ID: 8.3066)
2026-04-18 19:17:39 │ DEBUG    │ AdversarialTrainer             │   Epoch 34 | Batch 42/108 | Loss: 8.5903 (SC: 4.1715, Emo: 1.4689, ID: 7.3750)
2026-04-18 19:17:46 │ DEBUG    │ AdversarialTrainer             │   Epoch 34 | Batch 63/108 | Loss: 7.5917 (SC: 4.1755, Emo: 0.6959, ID: 6.8008)
2026-04-18 19:17:52 │ DEBUG    │ AdversarialTrainer             │   Epoch 34 | Batch 84/108 | Loss: 8.3571 (SC: 4.2092, Emo: 1.1142, ID: 7.5840)
2026-04-18 19:17:59 │ DEBUG    │ AdversarialTrainer             │   Epoch 34 | Batch 105/108 | Loss: 7.5068 (SC: 4.1850, Emo: 0.3390, ID: 7.4570)
2026-04-18 19:18:05 │ INFO     │ AdversarialTrainer             │ ──────────────────────────────────────────────────────────────────────
2026-04-18 19:18:05 │ INFO     │ AdversarialTrainer             │ Epoch 34/150  [38.2s]  │  LR=0.000044  │  λ_GRL=0.8031
2026-04-18 19:18:05 │ INFO     │ AdversarialTrainer             │   Train │ Loss: 8.3258  (SC: 4.1761 × 1.0 + Emo: 1.1799 + 0.40 × ID: 7.4245)
2026-04-18 19:18:05 │ INFO     │ AdversarialTrainer             │   Train │ EmoAcc: 0.2315  │ IDAcc: 0.0324
2026-04-18 19:18:05 │ INFO     │ AdversarialTrainer             │   Val   │ Loss: 8.5231  (SC: 4.1763)  │ EmoAcc: 0.0556  │ IDAcc: 0.0000
2026-04-18 19:18:05 │ INFO     │ AdversarialTrainer             │ ──────────────────────────────────────────────────────────────────────
2026-04-18 19:18:05 │ DEBUG    │ AdversarialTrainer             │ Checkpoint saved: epoch=34 → C:\Users\Addhyan\Desktop\Thesis\Thesis3\Stage4_TransferLearning\checkpoints\phase2_micro\latest_checkpoint.pth
2026-04-18 19:18:11 │ DEBUG    │ AdversarialTrainer             │   Epoch 35 | Batch 21/108 | Loss: 7.4725 (SC: 4.1802, Emo: 0.9212, ID: 5.9277)
2026-04-18 19:18:18 │ DEBUG    │ AdversarialTrainer             │   Epoch 35 | Batch 42/108 | Loss: 7.9259 (SC: 4.1805, Emo: 1.2211, ID: 6.3105)
2026-04-18 19:18:24 │ DEBUG    │ AdversarialTrainer             │   Epoch 35 | Batch 63/108 | Loss: 8.7818 (SC: 4.1706, Emo: 1.3306, ID: 8.2012)
2026-04-18 19:18:30 │ DEBUG    │ AdversarialTrainer             │   Epoch 35 | Batch 84/108 | Loss: 8.5010 (SC: 4.1755, Emo: 0.8833, ID: 8.6055)
2026-04-18 19:18:37 │ DEBUG    │ AdversarialTrainer             │   Epoch 35 | Batch 105/108 | Loss: 9.9810 (SC: 4.1851, Emo: 3.5631, ID: 5.5820)
2026-04-18 19:18:43 │ INFO     │ AdversarialTrainer             │ ──────────────────────────────────────────────────────────────────────
2026-04-18 19:18:43 │ INFO     │ AdversarialTrainer             │ Epoch 35/150  [38.2s]  │  LR=0.000044  │  λ_GRL=0.8147
2026-04-18 19:18:43 │ INFO     │ AdversarialTrainer             │   Train │ Loss: 8.2031  (SC: 4.1763 × 1.0 + Emo: 1.1298 + 0.40 × ID: 7.2425)
2026-04-18 19:18:43 │ INFO     │ AdversarialTrainer             │   Train │ EmoAcc: 0.2315  │ IDAcc: 0.0324
2026-04-18 19:18:43 │ INFO     │ AdversarialTrainer             │   Val   │ Loss: 8.4714  (SC: 4.1767)  │ EmoAcc: 0.0444  │ IDAcc: 0.0000
2026-04-18 19:18:43 │ INFO     │ AdversarialTrainer             │ ──────────────────────────────────────────────────────────────────────
2026-04-18 19:18:43 │ DEBUG    │ AdversarialTrainer             │ Checkpoint saved: epoch=35 → C:\Users\Addhyan\Desktop\Thesis\Thesis3\Stage4_TransferLearning\checkpoints\phase2_micro\latest_checkpoint.pth
2026-04-18 19:18:50 │ DEBUG    │ AdversarialTrainer             │   Epoch 36 | Batch 21/108 | Loss: 8.3399 (SC: 4.1781, Emo: 0.9867, ID: 7.9375)
2026-04-18 19:18:56 │ DEBUG    │ AdversarialTrainer             │   Epoch 36 | Batch 42/108 | Loss: 8.2868 (SC: 4.1667, Emo: 0.6482, ID: 8.6797)
2026-04-18 19:19:02 │ DEBUG    │ AdversarialTrainer             │   Epoch 36 | Batch 63/108 | Loss: 8.0552 (SC: 4.1661, Emo: 0.6695, ID: 8.0488)
2026-04-18 19:19:09 │ DEBUG    │ AdversarialTrainer             │   Epoch 36 | Batch 84/108 | Loss: 6.8380 (SC: 4.1705, Emo: 1.3346, ID: 3.3325)
2026-04-18 19:19:15 │ DEBUG    │ AdversarialTrainer             │   Epoch 36 | Batch 105/108 | Loss: 7.4281 (SC: 4.1725, Emo: 0.6439, ID: 6.5293)
2026-04-18 19:19:21 │ INFO     │ AdversarialTrainer             │ ──────────────────────────────────────────────────────────────────────
2026-04-18 19:19:21 │ INFO     │ AdversarialTrainer             │ Epoch 36/150  [38.2s]  │  LR=0.000044  │  λ_GRL=0.8257
2026-04-18 19:19:21 │ INFO     │ AdversarialTrainer             │   Train │ Loss: 8.2631  (SC: 4.1747 × 1.0 + Emo: 1.2565 + 0.40 × ID: 7.0799)
2026-04-18 19:19:21 │ INFO     │ AdversarialTrainer             │   Train │ EmoAcc: 0.1620  │ IDAcc: 0.0324
2026-04-18 19:19:21 │ INFO     │ AdversarialTrainer             │   Val   │ Loss: 8.4011  (SC: 4.1747)  │ EmoAcc: 0.0556  │ IDAcc: 0.0000
2026-04-18 19:19:21 │ INFO     │ AdversarialTrainer             │ ──────────────────────────────────────────────────────────────────────
2026-04-18 19:19:21 │ DEBUG    │ AdversarialTrainer             │ Checkpoint saved: epoch=36 → C:\Users\Addhyan\Desktop\Thesis\Thesis3\Stage4_TransferLearning\checkpoints\phase2_micro\latest_checkpoint.pth
2026-04-18 19:19:28 │ DEBUG    │ AdversarialTrainer             │   Epoch 37 | Batch 21/108 | Loss: 8.5657 (SC: 4.1731, Emo: 1.2184, ID: 7.9355)
2026-04-18 19:19:34 │ DEBUG    │ AdversarialTrainer             │   Epoch 37 | Batch 42/108 | Loss: 5.2793 (SC: 4.1697, Emo: 0.2703, ID: 2.0981)
2026-04-18 19:19:41 │ DEBUG    │ AdversarialTrainer             │   Epoch 37 | Batch 63/108 | Loss: 8.7166 (SC: 4.1737, Emo: 1.4593, ID: 7.7090)
2026-04-18 19:19:47 │ DEBUG    │ AdversarialTrainer             │   Epoch 37 | Batch 84/108 | Loss: 8.8765 (SC: 4.1867, Emo: 1.6617, ID: 7.5703)
2026-04-18 19:19:53 │ DEBUG    │ AdversarialTrainer             │   Epoch 37 | Batch 105/108 | Loss: 9.3207 (SC: 4.1741, Emo: 2.0286, ID: 7.7949)
2026-04-18 19:20:00 │ INFO     │ AdversarialTrainer             │ ──────────────────────────────────────────────────────────────────────
2026-04-18 19:20:00 │ INFO     │ AdversarialTrainer             │ Epoch 37/150  [38.2s]  │  LR=0.000043  │  λ_GRL=0.8361
2026-04-18 19:20:00 │ INFO     │ AdversarialTrainer             │   Train │ Loss: 8.1066  (SC: 4.1750 × 1.0 + Emo: 1.1172 + 0.40 × ID: 7.0358)
2026-04-18 19:20:00 │ INFO     │ AdversarialTrainer             │   Train │ EmoAcc: 0.2361  │ IDAcc: 0.0324
2026-04-18 19:20:00 │ INFO     │ AdversarialTrainer             │   Val   │ Loss: 8.3156  (SC: 4.1759)  │ EmoAcc: 0.0778  │ IDAcc: 0.0000
2026-04-18 19:20:00 │ INFO     │ AdversarialTrainer             │ ──────────────────────────────────────────────────────────────────────
2026-04-18 19:20:00 │ DEBUG    │ AdversarialTrainer             │ Checkpoint saved: epoch=37 → C:\Users\Addhyan\Desktop\Thesis\Thesis3\Stage4_TransferLearning\checkpoints\phase2_micro\latest_checkpoint.pth
2026-04-18 19:20:06 │ DEBUG    │ AdversarialTrainer             │   Epoch 38 | Batch 21/108 | Loss: 7.6418 (SC: 4.1803, Emo: 1.0912, ID: 5.9258)
2026-04-18 19:20:12 │ DEBUG    │ AdversarialTrainer             │   Epoch 38 | Batch 42/108 | Loss: 8.7581 (SC: 4.1661, Emo: 2.0389, ID: 6.3828)
2026-04-18 19:20:19 │ DEBUG    │ AdversarialTrainer             │   Epoch 38 | Batch 63/108 | Loss: 10.4476 (SC: 4.1835, Emo: 2.6540, ID: 9.0254)
2026-04-18 19:20:25 │ DEBUG    │ AdversarialTrainer             │   Epoch 38 | Batch 84/108 | Loss: 7.8511 (SC: 4.1838, Emo: 0.6189, ID: 7.6211)
2026-04-18 19:20:32 │ DEBUG    │ AdversarialTrainer             │   Epoch 38 | Batch 105/108 | Loss: 7.8147 (SC: 4.1717, Emo: 0.6298, ID: 7.5332)
2026-04-18 19:20:38 │ INFO     │ AdversarialTrainer             │ ──────────────────────────────────────────────────────────────────────
2026-04-18 19:20:38 │ INFO     │ AdversarialTrainer             │ Epoch 38/150  [38.2s]  │  LR=0.000043  │  λ_GRL=0.8459
2026-04-18 19:20:38 │ INFO     │ AdversarialTrainer             │   Train │ Loss: 8.1439  (SC: 4.1759 × 1.0 + Emo: 1.2287 + 0.40 × ID: 6.8482)
2026-04-18 19:20:38 │ INFO     │ AdversarialTrainer             │   Train │ EmoAcc: 0.2037  │ IDAcc: 0.0324
2026-04-18 19:20:38 │ INFO     │ AdversarialTrainer             │   Val   │ Loss: 8.2997  (SC: 4.1782)  │ EmoAcc: 0.0667  │ IDAcc: 0.0000
2026-04-18 19:20:38 │ INFO     │ AdversarialTrainer             │ ──────────────────────────────────────────────────────────────────────
2026-04-18 19:20:38 │ DEBUG    │ AdversarialTrainer             │ Checkpoint saved: epoch=38 → C:\Users\Addhyan\Desktop\Thesis\Thesis3\Stage4_TransferLearning\checkpoints\phase2_micro\latest_checkpoint.pth
2026-04-18 19:20:44 │ DEBUG    │ AdversarialTrainer             │   Epoch 39 | Batch 21/108 | Loss: 7.4766 (SC: 4.1732, Emo: 0.8361, ID: 6.1680)
2026-04-18 19:20:51 │ DEBUG    │ AdversarialTrainer             │   Epoch 39 | Batch 42/108 | Loss: 7.7561 (SC: 4.1711, Emo: 1.1577, ID: 6.0684)
2026-04-18 19:20:57 │ DEBUG    │ AdversarialTrainer             │   Epoch 39 | Batch 63/108 | Loss: 7.4315 (SC: 4.1716, Emo: 0.6099, ID: 6.6250)
2026-04-18 19:21:03 │ DEBUG    │ AdversarialTrainer             │   Epoch 39 | Batch 84/108 | Loss: 9.5460 (SC: 4.1748, Emo: 2.3290, ID: 7.6055)
2026-04-18 19:21:10 │ DEBUG    │ AdversarialTrainer             │   Epoch 39 | Batch 105/108 | Loss: 7.4900 (SC: 4.1735, Emo: 0.7266, ID: 6.4746)
2026-04-18 19:21:16 │ INFO     │ AdversarialTrainer             │ ──────────────────────────────────────────────────────────────────────
2026-04-18 19:21:16 │ INFO     │ AdversarialTrainer             │ Epoch 39/150  [38.2s]  │  LR=0.000043  │  λ_GRL=0.8552
2026-04-18 19:21:16 │ INFO     │ AdversarialTrainer             │   Train │ Loss: 7.9653  (SC: 4.1752 × 1.0 + Emo: 1.1521 + 0.40 × ID: 6.5949)
2026-04-18 19:21:16 │ INFO     │ AdversarialTrainer             │   Train │ EmoAcc: 0.2083  │ IDAcc: 0.0324
2026-04-18 19:21:16 │ INFO     │ AdversarialTrainer             │   Val   │ Loss: 8.3548  (SC: 4.1768)  │ EmoAcc: 0.0444  │ IDAcc: 0.0000
2026-04-18 19:21:16 │ INFO     │ AdversarialTrainer             │ ──────────────────────────────────────────────────────────────────────
2026-04-18 19:21:16 │ DEBUG    │ AdversarialTrainer             │ Checkpoint saved: epoch=39 → C:\Users\Addhyan\Desktop\Thesis\Thesis3\Stage4_TransferLearning\checkpoints\phase2_micro\latest_checkpoint.pth
2026-04-18 19:21:23 │ DEBUG    │ AdversarialTrainer             │   Epoch 40 | Batch 21/108 | Loss: 7.6763 (SC: 4.1743, Emo: 0.6012, ID: 7.2520)
2026-04-18 19:21:29 │ DEBUG    │ AdversarialTrainer             │   Epoch 40 | Batch 42/108 | Loss: 10.6187 (SC: 4.1829, Emo: 4.0694, ID: 5.9160)
2026-04-18 19:21:35 │ DEBUG    │ AdversarialTrainer             │   Epoch 40 | Batch 63/108 | Loss: 8.0500 (SC: 4.1913, Emo: 1.6274, ID: 5.5781)
2026-04-18 19:21:42 │ DEBUG    │ AdversarialTrainer             │   Epoch 40 | Batch 84/108 | Loss: 6.0720 (SC: 4.1691, Emo: 0.2488, ID: 4.1353)
2026-04-18 19:21:48 │ DEBUG    │ AdversarialTrainer             │   Epoch 40 | Batch 105/108 | Loss: 7.1167 (SC: 4.1755, Emo: 0.6952, ID: 5.6152)
2026-04-18 19:21:54 │ INFO     │ AdversarialTrainer             │ ──────────────────────────────────────────────────────────────────────
2026-04-18 19:21:54 │ INFO     │ AdversarialTrainer             │ Epoch 40/150  [38.3s]  │  LR=0.000042  │  λ_GRL=0.8640
2026-04-18 19:21:54 │ INFO     │ AdversarialTrainer             │   Train │ Loss: 7.8880  (SC: 4.1763 × 1.0 + Emo: 1.0772 + 0.40 × ID: 6.5864)
2026-04-18 19:21:54 │ INFO     │ AdversarialTrainer             │   Train │ EmoAcc: 0.2685  │ IDAcc: 0.0324
2026-04-18 19:21:54 │ INFO     │ AdversarialTrainer             │   Val   │ Loss: 8.2424  (SC: 4.1768)  │ EmoAcc: 0.0778  │ IDAcc: 0.0000
2026-04-18 19:21:54 │ INFO     │ AdversarialTrainer             │ ──────────────────────────────────────────────────────────────────────
2026-04-18 19:21:55 │ DEBUG    │ AdversarialTrainer             │ Checkpoint saved: epoch=40 → C:\Users\Addhyan\Desktop\Thesis\Thesis3\Stage4_TransferLearning\checkpoints\phase2_micro\latest_checkpoint.pth
2026-04-18 19:22:01 │ DEBUG    │ AdversarialTrainer             │   Epoch 41 | Batch 21/108 | Loss: 7.6872 (SC: 4.1726, Emo: 1.1951, ID: 5.7988)
2026-04-18 19:22:07 │ DEBUG    │ AdversarialTrainer             │   Epoch 41 | Batch 42/108 | Loss: 7.8343 (SC: 4.1831, Emo: 0.6762, ID: 7.4375)
2026-04-18 19:22:14 │ DEBUG    │ AdversarialTrainer             │   Epoch 41 | Batch 63/108 | Loss: 8.7190 (SC: 4.1945, Emo: 1.4479, ID: 7.6914)
2026-04-18 19:22:20 │ DEBUG    │ AdversarialTrainer             │   Epoch 41 | Batch 84/108 | Loss: 6.9808 (SC: 4.1790, Emo: 0.6885, ID: 5.2832)
2026-04-18 19:22:26 │ DEBUG    │ AdversarialTrainer             │   Epoch 41 | Batch 105/108 | Loss: 7.6421 (SC: 4.1726, Emo: 1.2202, ID: 5.6230)
2026-04-18 19:22:33 │ INFO     │ AdversarialTrainer             │ ──────────────────────────────────────────────────────────────────────
2026-04-18 19:22:33 │ INFO     │ AdversarialTrainer             │ Epoch 41/150  [38.2s]  │  LR=0.000042  │  λ_GRL=0.8722
2026-04-18 19:22:33 │ INFO     │ AdversarialTrainer             │   Train │ Loss: 7.8313  (SC: 4.1764 × 1.0 + Emo: 1.1179 + 0.40 × ID: 6.3424)
2026-04-18 19:22:33 │ INFO     │ AdversarialTrainer             │   Train │ EmoAcc: 0.2130  │ IDAcc: 0.0324
2026-04-18 19:22:33 │ INFO     │ AdversarialTrainer             │   Val   │ Loss: 8.2440  (SC: 4.1778)  │ EmoAcc: 0.0556  │ IDAcc: 0.0000
2026-04-18 19:22:33 │ INFO     │ AdversarialTrainer             │ ──────────────────────────────────────────────────────────────────────
2026-04-18 19:22:33 │ DEBUG    │ AdversarialTrainer             │ Checkpoint saved: epoch=41 → C:\Users\Addhyan\Desktop\Thesis\Thesis3\Stage4_TransferLearning\checkpoints\phase2_micro\latest_checkpoint.pth
2026-04-18 19:22:39 │ DEBUG    │ AdversarialTrainer             │   Epoch 42 | Batch 21/108 | Loss: 9.5337 (SC: 4.1816, Emo: 2.4466, ID: 7.2637)
2026-04-18 19:22:45 │ DEBUG    │ AdversarialTrainer             │   Epoch 42 | Batch 42/108 | Loss: 8.1557 (SC: 4.1788, Emo: 0.8683, ID: 7.7715)
2026-04-18 19:22:52 │ DEBUG    │ AdversarialTrainer             │   Epoch 42 | Batch 63/108 | Loss: 7.0929 (SC: 4.1797, Emo: 0.3335, ID: 6.4492)
2026-04-18 19:22:58 │ DEBUG    │ AdversarialTrainer             │   Epoch 42 | Batch 84/108 | Loss: 7.3058 (SC: 4.1704, Emo: 0.9885, ID: 5.3672)
2026-04-18 19:23:05 │ DEBUG    │ AdversarialTrainer             │   Epoch 42 | Batch 105/108 | Loss: 7.5831 (SC: 4.1773, Emo: 0.6199, ID: 6.9648)
2026-04-18 19:23:11 │ INFO     │ AdversarialTrainer             │ ──────────────────────────────────────────────────────────────────────
2026-04-18 19:23:11 │ INFO     │ AdversarialTrainer             │ Epoch 42/150  [38.1s]  │  LR=0.000041  │  λ_GRL=0.8800
2026-04-18 19:23:11 │ INFO     │ AdversarialTrainer             │   Train │ Loss: 7.9402  (SC: 4.1755 × 1.0 + Emo: 1.2524 + 0.40 × ID: 6.2808)
2026-04-18 19:23:11 │ INFO     │ AdversarialTrainer             │   Train │ EmoAcc: 0.1528  │ IDAcc: 0.0324
2026-04-18 19:23:11 │ INFO     │ AdversarialTrainer             │   Val   │ Loss: 8.2700  (SC: 4.1759)  │ EmoAcc: 0.0444  │ IDAcc: 0.0000
2026-04-18 19:23:11 │ INFO     │ AdversarialTrainer             │ ──────────────────────────────────────────────────────────────────────
2026-04-18 19:23:11 │ DEBUG    │ AdversarialTrainer             │ Checkpoint saved: epoch=42 → C:\Users\Addhyan\Desktop\Thesis\Thesis3\Stage4_TransferLearning\checkpoints\phase2_micro\latest_checkpoint.pth
2026-04-18 19:23:17 │ DEBUG    │ AdversarialTrainer             │   Epoch 43 | Batch 21/108 | Loss: 8.0615 (SC: 4.1938, Emo: 1.8342, ID: 5.0840)
2026-04-18 19:23:24 │ DEBUG    │ AdversarialTrainer             │   Epoch 43 | Batch 42/108 | Loss: 6.4602 (SC: 4.1797, Emo: 0.5891, ID: 4.2285)
2026-04-18 19:23:30 │ DEBUG    │ AdversarialTrainer             │   Epoch 43 | Batch 63/108 | Loss: 9.8940 (SC: 4.1857, Emo: 2.5536, ID: 7.8867)
2026-04-18 19:23:36 │ DEBUG    │ AdversarialTrainer             │   Epoch 43 | Batch 84/108 | Loss: 8.1922 (SC: 4.1776, Emo: 1.4068, ID: 6.5195)
2026-04-18 19:23:43 │ DEBUG    │ AdversarialTrainer             │   Epoch 43 | Batch 105/108 | Loss: 6.8420 (SC: 4.1711, Emo: 0.0888, ID: 6.4551)
2026-04-18 19:23:49 │ INFO     │ AdversarialTrainer             │ ──────────────────────────────────────────────────────────────────────
2026-04-18 19:23:49 │ INFO     │ AdversarialTrainer             │ Epoch 43/150  [38.1s]  │  LR=0.000041  │  λ_GRL=0.8874
2026-04-18 19:23:49 │ INFO     │ AdversarialTrainer             │   Train │ Loss: 7.8302  (SC: 4.1757 × 1.0 + Emo: 1.1579 + 0.40 × ID: 6.2415)
2026-04-18 19:23:49 │ INFO     │ AdversarialTrainer             │   Train │ EmoAcc: 0.2176  │ IDAcc: 0.0324
2026-04-18 19:23:49 │ INFO     │ AdversarialTrainer             │   Val   │ Loss: 8.1157  (SC: 4.1755)  │ EmoAcc: 0.1333  │ IDAcc: 0.0000
2026-04-18 19:23:49 │ INFO     │ AdversarialTrainer             │ ──────────────────────────────────────────────────────────────────────
2026-04-18 19:23:49 │ DEBUG    │ AdversarialTrainer             │ Checkpoint saved: epoch=43 → C:\Users\Addhyan\Desktop\Thesis\Thesis3\Stage4_TransferLearning\checkpoints\phase2_micro\latest_checkpoint.pth
2026-04-18 19:23:55 │ DEBUG    │ AdversarialTrainer             │   Epoch 44 | Batch 21/108 | Loss: 8.6923 (SC: 4.1777, Emo: 1.9639, ID: 6.3770)
2026-04-18 19:24:02 │ DEBUG    │ AdversarialTrainer             │   Epoch 44 | Batch 42/108 | Loss: 8.1682 (SC: 4.1767, Emo: 1.2290, ID: 6.9062)
2026-04-18 19:24:08 │ DEBUG    │ AdversarialTrainer             │   Epoch 44 | Batch 63/108 | Loss: 7.5684 (SC: 4.1693, Emo: 1.3241, ID: 5.1875)
2026-04-18 19:24:14 │ DEBUG    │ AdversarialTrainer             │   Epoch 44 | Batch 84/108 | Loss: 7.6952 (SC: 4.1788, Emo: 1.4594, ID: 5.1426)
2026-04-18 19:24:21 │ DEBUG    │ AdversarialTrainer             │   Epoch 44 | Batch 105/108 | Loss: 7.9292 (SC: 4.1695, Emo: 1.3871, ID: 5.9316)
2026-04-18 19:24:27 │ INFO     │ AdversarialTrainer             │ ──────────────────────────────────────────────────────────────────────
2026-04-18 19:24:27 │ INFO     │ AdversarialTrainer             │ Epoch 44/150  [38.2s]  │  LR=0.000041  │  λ_GRL=0.8943
2026-04-18 19:24:27 │ INFO     │ AdversarialTrainer             │   Train │ Loss: 7.7670  (SC: 4.1755 × 1.0 + Emo: 1.1852 + 0.40 × ID: 6.0159)
2026-04-18 19:24:27 │ INFO     │ AdversarialTrainer             │   Train │ EmoAcc: 0.2685  │ IDAcc: 0.0324
2026-04-18 19:24:27 │ INFO     │ AdversarialTrainer             │   Val   │ Loss: 8.2029  (SC: 4.1754)  │ EmoAcc: 0.0444  │ IDAcc: 0.0000
2026-04-18 19:24:27 │ INFO     │ AdversarialTrainer             │ ──────────────────────────────────────────────────────────────────────
2026-04-18 19:24:27 │ DEBUG    │ AdversarialTrainer             │ Checkpoint saved: epoch=44 → C:\Users\Addhyan\Desktop\Thesis\Thesis3\Stage4_TransferLearning\checkpoints\phase2_micro\latest_checkpoint.pth
2026-04-18 19:24:34 │ DEBUG    │ AdversarialTrainer             │   Epoch 45 | Batch 21/108 | Loss: 7.9301 (SC: 4.1713, Emo: 1.2650, ID: 6.2344)
2026-04-18 19:24:40 │ DEBUG    │ AdversarialTrainer             │   Epoch 45 | Batch 42/108 | Loss: 7.5558 (SC: 4.1804, Emo: 0.8168, ID: 6.3965)
2026-04-18 19:24:46 │ DEBUG    │ AdversarialTrainer             │   Epoch 45 | Batch 63/108 | Loss: 8.0108 (SC: 4.1716, Emo: 1.3814, ID: 6.1445)
2026-04-18 19:24:53 │ DEBUG    │ AdversarialTrainer             │   Epoch 45 | Batch 84/108 | Loss: 7.6201 (SC: 4.1777, Emo: 0.7970, ID: 6.6133)
2026-04-18 19:24:59 │ DEBUG    │ AdversarialTrainer             │   Epoch 45 | Batch 105/108 | Loss: 7.1285 (SC: 4.1740, Emo: 0.5474, ID: 6.0176)
2026-04-18 19:25:06 │ INFO     │ AdversarialTrainer             │ ──────────────────────────────────────────────────────────────────────
2026-04-18 19:25:06 │ INFO     │ AdversarialTrainer             │ Epoch 45/150  [38.3s]  │  LR=0.000040  │  λ_GRL=0.9008
2026-04-18 19:25:06 │ INFO     │ AdversarialTrainer             │   Train │ Loss: 7.6732  (SC: 4.1760 × 1.0 + Emo: 1.1157 + 0.40 × ID: 5.9537)
2026-04-18 19:25:06 │ INFO     │ AdversarialTrainer             │   Train │ EmoAcc: 0.2407  │ IDAcc: 0.0324
2026-04-18 19:25:06 │ INFO     │ AdversarialTrainer             │   Val   │ Loss: 8.1475  (SC: 4.1737)  │ EmoAcc: 0.0556  │ IDAcc: 0.0000
2026-04-18 19:25:06 │ INFO     │ AdversarialTrainer             │ ──────────────────────────────────────────────────────────────────────
2026-04-18 19:25:06 │ DEBUG    │ AdversarialTrainer             │ Checkpoint saved: epoch=45 → C:\Users\Addhyan\Desktop\Thesis\Thesis3\Stage4_TransferLearning\checkpoints\phase2_micro\latest_checkpoint.pth
2026-04-18 19:25:12 │ DEBUG    │ AdversarialTrainer             │   Epoch 46 | Batch 21/108 | Loss: 6.7017 (SC: 4.1732, Emo: 1.2293, ID: 3.2477)
2026-04-18 19:25:18 │ DEBUG    │ AdversarialTrainer             │   Epoch 46 | Batch 42/108 | Loss: 7.5927 (SC: 4.1821, Emo: 0.7669, ID: 6.6094)
2026-04-18 19:25:25 │ DEBUG    │ AdversarialTrainer             │   Epoch 46 | Batch 63/108 | Loss: 6.0564 (SC: 4.1842, Emo: 0.3464, ID: 3.8145)
2026-04-18 19:25:31 │ DEBUG    │ AdversarialTrainer             │   Epoch 46 | Batch 84/108 | Loss: 6.4938 (SC: 4.1850, Emo: 0.4290, ID: 4.6992)
2026-04-18 19:25:37 │ DEBUG    │ AdversarialTrainer             │   Epoch 46 | Batch 105/108 | Loss: 9.0685 (SC: 4.1732, Emo: 2.0414, ID: 7.1348)
2026-04-18 19:25:44 │ INFO     │ AdversarialTrainer             │ ──────────────────────────────────────────────────────────────────────
2026-04-18 19:25:44 │ INFO     │ AdversarialTrainer             │ Epoch 46/150  [38.2s]  │  LR=0.000040  │  λ_GRL=0.9070
2026-04-18 19:25:44 │ INFO     │ AdversarialTrainer             │   Train │ Loss: 7.6423  (SC: 4.1754 × 1.0 + Emo: 1.0741 + 0.40 × ID: 5.9820)
2026-04-18 19:25:44 │ INFO     │ AdversarialTrainer             │   Train │ EmoAcc: 0.2824  │ IDAcc: 0.0324
2026-04-18 19:25:44 │ INFO     │ AdversarialTrainer             │   Val   │ Loss: 8.0228  (SC: 4.1748)  │ EmoAcc: 0.0778  │ IDAcc: 0.0000
2026-04-18 19:25:44 │ INFO     │ AdversarialTrainer             │ ──────────────────────────────────────────────────────────────────────
2026-04-18 19:25:44 │ DEBUG    │ AdversarialTrainer             │ Checkpoint saved: epoch=46 → C:\Users\Addhyan\Desktop\Thesis\Thesis3\Stage4_TransferLearning\checkpoints\phase2_micro\latest_checkpoint.pth
2026-04-18 19:25:50 │ DEBUG    │ AdversarialTrainer             │   Epoch 47 | Batch 21/108 | Loss: 6.4778 (SC: 4.1784, Emo: 1.0415, ID: 3.1448)
2026-04-18 19:25:57 │ DEBUG    │ AdversarialTrainer             │   Epoch 47 | Batch 42/108 | Loss: 9.0321 (SC: 4.1863, Emo: 1.9403, ID: 7.2637)
2026-04-18 19:26:03 │ DEBUG    │ AdversarialTrainer             │   Epoch 47 | Batch 63/108 | Loss: 8.7216 (SC: 4.1667, Emo: 1.4533, ID: 7.7539)
2026-04-18 19:26:09 │ DEBUG    │ AdversarialTrainer             │   Epoch 47 | Batch 84/108 | Loss: 6.0671 (SC: 4.1757, Emo: 0.5188, ID: 3.4318)
2026-04-18 19:26:16 │ DEBUG    │ AdversarialTrainer             │   Epoch 47 | Batch 105/108 | Loss: 6.9230 (SC: 4.1826, Emo: 0.8700, ID: 4.6758)
2026-04-18 19:26:22 │ INFO     │ AdversarialTrainer             │ ──────────────────────────────────────────────────────────────────────
2026-04-18 19:26:22 │ INFO     │ AdversarialTrainer             │ Epoch 47/150  [38.2s]  │  LR=0.000039  │  λ_GRL=0.9127
2026-04-18 19:26:22 │ INFO     │ AdversarialTrainer             │   Train │ Loss: 7.6146  (SC: 4.1764 × 1.0 + Emo: 1.1168 + 0.40 × ID: 5.8035)
2026-04-18 19:26:22 │ INFO     │ AdversarialTrainer             │   Train │ EmoAcc: 0.2176  │ IDAcc: 0.0324
2026-04-18 19:26:22 │ INFO     │ AdversarialTrainer             │   Val   │ Loss: 8.1443  (SC: 4.1753)  │ EmoAcc: 0.0778  │ IDAcc: 0.0000
2026-04-18 19:26:22 │ INFO     │ AdversarialTrainer             │ ──────────────────────────────────────────────────────────────────────
2026-04-18 19:26:22 │ DEBUG    │ AdversarialTrainer             │ Checkpoint saved: epoch=47 → C:\Users\Addhyan\Desktop\Thesis\Thesis3\Stage4_TransferLearning\checkpoints\phase2_micro\latest_checkpoint.pth
2026-04-18 19:26:28 │ DEBUG    │ AdversarialTrainer             │   Epoch 48 | Batch 21/108 | Loss: 6.2738 (SC: 4.1726, Emo: 0.7324, ID: 3.4221)
2026-04-18 19:26:35 │ DEBUG    │ AdversarialTrainer             │   Epoch 48 | Batch 42/108 | Loss: 7.2336 (SC: 4.1789, Emo: 0.6257, ID: 6.0723)
2026-04-18 19:26:41 │ DEBUG    │ AdversarialTrainer             │   Epoch 48 | Batch 63/108 | Loss: 8.5939 (SC: 4.1863, Emo: 1.7834, ID: 6.5605)
2026-04-18 19:26:47 │ DEBUG    │ AdversarialTrainer             │   Epoch 48 | Batch 84/108 | Loss: 7.5582 (SC: 4.1853, Emo: 0.8433, ID: 6.3242)
2026-04-18 19:26:54 │ DEBUG    │ AdversarialTrainer             │   Epoch 48 | Batch 105/108 | Loss: 7.8368 (SC: 4.1809, Emo: 0.9622, ID: 6.7344)
2026-04-18 19:27:00 │ INFO     │ AdversarialTrainer             │ ──────────────────────────────────────────────────────────────────────
2026-04-18 19:27:00 │ INFO     │ AdversarialTrainer             │ Epoch 48/150  [38.2s]  │  LR=0.000039  │  λ_GRL=0.9182
2026-04-18 19:27:00 │ INFO     │ AdversarialTrainer             │   Train │ Loss: 7.5328  (SC: 4.1748 × 1.0 + Emo: 1.0707 + 0.40 × ID: 5.7182)
2026-04-18 19:27:00 │ INFO     │ AdversarialTrainer             │   Train │ EmoAcc: 0.2315  │ IDAcc: 0.0324
2026-04-18 19:27:00 │ INFO     │ AdversarialTrainer             │   Val   │ Loss: 8.0676  (SC: 4.1773)  │ EmoAcc: 0.0778  │ IDAcc: 0.0000
2026-04-18 19:27:00 │ INFO     │ AdversarialTrainer             │ ──────────────────────────────────────────────────────────────────────
2026-04-18 19:27:00 │ DEBUG    │ AdversarialTrainer             │ Checkpoint saved: epoch=48 → C:\Users\Addhyan\Desktop\Thesis\Thesis3\Stage4_TransferLearning\checkpoints\phase2_micro\latest_checkpoint.pth
2026-04-18 19:27:07 │ DEBUG    │ AdversarialTrainer             │   Epoch 49 | Batch 21/108 | Loss: 6.7599 (SC: 4.1764, Emo: 0.5460, ID: 5.0938)
2026-04-18 19:27:13 │ DEBUG    │ AdversarialTrainer             │   Epoch 49 | Batch 42/108 | Loss: 8.8222 (SC: 4.1716, Emo: 2.4194, ID: 5.5781)
2026-04-18 19:27:19 │ DEBUG    │ AdversarialTrainer             │   Epoch 49 | Batch 63/108 | Loss: 6.2643 (SC: 4.1736, Emo: 0.4866, ID: 4.0101)
2026-04-18 19:27:26 │ DEBUG    │ AdversarialTrainer             │   Epoch 49 | Batch 84/108 | Loss: 7.3298 (SC: 4.1799, Emo: 0.8780, ID: 5.6797)
2026-04-18 19:27:32 │ DEBUG    │ AdversarialTrainer             │   Epoch 49 | Batch 105/108 | Loss: 6.6404 (SC: 4.1797, Emo: 0.5286, ID: 4.8301)
2026-04-18 19:27:38 │ INFO     │ AdversarialTrainer             │ ──────────────────────────────────────────────────────────────────────
2026-04-18 19:27:38 │ INFO     │ AdversarialTrainer             │ Epoch 49/150  [38.2s]  │  LR=0.000038  │  λ_GRL=0.9233
2026-04-18 19:27:38 │ INFO     │ AdversarialTrainer             │   Train │ Loss: 7.5690  (SC: 4.1751 × 1.0 + Emo: 1.1765 + 0.40 × ID: 5.5436)
2026-04-18 19:27:38 │ INFO     │ AdversarialTrainer             │   Train │ EmoAcc: 0.2500  │ IDAcc: 0.0324
2026-04-18 19:27:38 │ INFO     │ AdversarialTrainer             │   Val   │ Loss: 8.0785  (SC: 4.1741)  │ EmoAcc: 0.1000  │ IDAcc: 0.0000
2026-04-18 19:27:38 │ INFO     │ AdversarialTrainer             │ ──────────────────────────────────────────────────────────────────────
2026-04-18 19:27:38 │ DEBUG    │ AdversarialTrainer             │ Checkpoint saved: epoch=49 → C:\Users\Addhyan\Desktop\Thesis\Thesis3\Stage4_TransferLearning\checkpoints\phase2_micro\latest_checkpoint.pth
2026-04-18 19:27:45 │ DEBUG    │ AdversarialTrainer             │   Epoch 50 | Batch 21/108 | Loss: 7.6529 (SC: 4.1827, Emo: 0.7866, ID: 6.7090)
2026-04-18 19:27:51 │ DEBUG    │ AdversarialTrainer             │   Epoch 50 | Batch 42/108 | Loss: 8.1637 (SC: 4.1568, Emo: 1.4186, ID: 6.4707)
2026-04-18 19:27:58 │ DEBUG    │ AdversarialTrainer             │   Epoch 50 | Batch 63/108 | Loss: 9.8192 (SC: 4.1654, Emo: 2.7570, ID: 7.2422)
2026-04-18 19:28:04 │ DEBUG    │ AdversarialTrainer             │   Epoch 50 | Batch 84/108 | Loss: 6.1503 (SC: 4.1759, Emo: 0.6779, ID: 3.2412)
2026-04-18 19:28:10 │ DEBUG    │ AdversarialTrainer             │   Epoch 50 | Batch 105/108 | Loss: 6.4658 (SC: 4.1776, Emo: 0.5280, ID: 4.4004)
2026-04-18 19:28:17 │ INFO     │ AdversarialTrainer             │ ──────────────────────────────────────────────────────────────────────
2026-04-18 19:28:17 │ INFO     │ AdversarialTrainer             │ Epoch 50/150  [38.1s]  │  LR=0.000038  │  λ_GRL=0.9281
2026-04-18 19:28:17 │ INFO     │ AdversarialTrainer             │   Train │ Loss: 7.3872  (SC: 4.1750 × 1.0 + Emo: 1.0087 + 0.40 × ID: 5.5085)
2026-04-18 19:28:17 │ INFO     │ AdversarialTrainer             │   Train │ EmoAcc: 0.3102  │ IDAcc: 0.0324
2026-04-18 19:28:17 │ INFO     │ AdversarialTrainer             │   Val   │ Loss: 7.9853  (SC: 4.1770)  │ EmoAcc: 0.1000  │ IDAcc: 0.0000
2026-04-18 19:28:17 │ INFO     │ AdversarialTrainer             │ ──────────────────────────────────────────────────────────────────────
2026-04-18 19:28:17 │ DEBUG    │ AdversarialTrainer             │ Checkpoint saved: epoch=50 → C:\Users\Addhyan\Desktop\Thesis\Thesis3\Stage4_TransferLearning\checkpoints\phase2_micro\latest_checkpoint.pth
2026-04-18 19:28:23 │ DEBUG    │ AdversarialTrainer             │   Epoch 51 | Batch 21/108 | Loss: 6.8388 (SC: 4.1665, Emo: 0.6504, ID: 5.0547)
2026-04-18 19:28:29 │ DEBUG    │ AdversarialTrainer             │   Epoch 51 | Batch 42/108 | Loss: 6.3771 (SC: 4.1702, Emo: 0.7720, ID: 3.5873)
2026-04-18 19:28:36 │ DEBUG    │ AdversarialTrainer             │   Epoch 51 | Batch 63/108 | Loss: 7.7124 (SC: 4.1801, Emo: 0.9190, ID: 6.5332)
2026-04-18 19:28:42 │ DEBUG    │ AdversarialTrainer             │   Epoch 51 | Batch 84/108 | Loss: 8.2965 (SC: 4.1787, Emo: 2.0412, ID: 5.1914)
2026-04-18 19:28:49 │ DEBUG    │ AdversarialTrainer             │   Epoch 51 | Batch 105/108 | Loss: 7.0969 (SC: 4.1654, Emo: 0.8198, ID: 5.2793)
2026-04-18 19:28:55 │ INFO     │ AdversarialTrainer             │ ──────────────────────────────────────────────────────────────────────
2026-04-18 19:28:55 │ INFO     │ AdversarialTrainer             │ Epoch 51/150  [38.3s]  │  LR=0.000038  │  λ_GRL=0.9326
2026-04-18 19:28:55 │ INFO     │ AdversarialTrainer             │   Train │ Loss: 7.4933  (SC: 4.1759 × 1.0 + Emo: 1.1558 + 0.40 × ID: 5.4041)
2026-04-18 19:28:55 │ INFO     │ AdversarialTrainer             │   Train │ EmoAcc: 0.2454  │ IDAcc: 0.0324
2026-04-18 19:28:55 │ INFO     │ AdversarialTrainer             │   Val   │ Loss: 8.0434  (SC: 4.1764)  │ EmoAcc: 0.0778  │ IDAcc: 0.0000
2026-04-18 19:28:55 │ INFO     │ AdversarialTrainer             │ ──────────────────────────────────────────────────────────────────────
2026-04-18 19:28:55 │ DEBUG    │ AdversarialTrainer             │ Checkpoint saved: epoch=51 → C:\Users\Addhyan\Desktop\Thesis\Thesis3\Stage4_TransferLearning\checkpoints\phase2_micro\latest_checkpoint.pth
2026-04-18 19:29:01 │ DEBUG    │ AdversarialTrainer             │   Epoch 52 | Batch 21/108 | Loss: 7.2145 (SC: 4.1701, Emo: 1.0702, ID: 4.9355)
2026-04-18 19:29:08 │ DEBUG    │ AdversarialTrainer             │   Epoch 52 | Batch 42/108 | Loss: 6.4433 (SC: 4.1769, Emo: 0.6832, ID: 3.9580)
2026-04-18 19:29:14 │ DEBUG    │ AdversarialTrainer             │   Epoch 52 | Batch 63/108 | Loss: 7.2461 (SC: 4.1783, Emo: 0.6615, ID: 6.0156)
2026-04-18 19:29:20 │ DEBUG    │ AdversarialTrainer             │   Epoch 52 | Batch 84/108 | Loss: 8.3073 (SC: 4.1743, Emo: 1.8439, ID: 5.7227)
2026-04-18 19:29:27 │ DEBUG    │ AdversarialTrainer             │   Epoch 52 | Batch 105/108 | Loss: 6.2592 (SC: 4.1763, Emo: 0.7926, ID: 3.2256)
2026-04-18 19:29:33 │ INFO     │ AdversarialTrainer             │ ──────────────────────────────────────────────────────────────────────
2026-04-18 19:29:33 │ INFO     │ AdversarialTrainer             │ Epoch 52/150  [38.2s]  │  LR=0.000037  │  λ_GRL=0.9368
2026-04-18 19:29:33 │ INFO     │ AdversarialTrainer             │   Train │ Loss: 7.4050  (SC: 4.1749 × 1.0 + Emo: 1.0968 + 0.40 × ID: 5.3333)
2026-04-18 19:29:33 │ INFO     │ AdversarialTrainer             │   Train │ EmoAcc: 0.2407  │ IDAcc: 0.0324
2026-04-18 19:29:33 │ INFO     │ AdversarialTrainer             │   Val   │ Loss: 7.9894  (SC: 4.1763)  │ EmoAcc: 0.0778  │ IDAcc: 0.0000
2026-04-18 19:29:33 │ INFO     │ AdversarialTrainer             │ ──────────────────────────────────────────────────────────────────────
2026-04-18 19:29:33 │ DEBUG    │ AdversarialTrainer             │ Checkpoint saved: epoch=52 → C:\Users\Addhyan\Desktop\Thesis\Thesis3\Stage4_TransferLearning\checkpoints\phase2_micro\latest_checkpoint.pth
2026-04-18 19:29:40 │ DEBUG    │ AdversarialTrainer             │   Epoch 53 | Batch 21/108 | Loss: 8.0611 (SC: 4.1729, Emo: 1.7702, ID: 5.2949)
2026-04-18 19:29:46 │ DEBUG    │ AdversarialTrainer             │   Epoch 53 | Batch 42/108 | Loss: 9.6289 (SC: 4.1710, Emo: 3.1774, ID: 5.7012)
2026-04-18 19:29:52 │ DEBUG    │ AdversarialTrainer             │   Epoch 53 | Batch 63/108 | Loss: 6.2332 (SC: 4.1773, Emo: 1.2524, ID: 2.0088)
2026-04-18 19:29:59 │ DEBUG    │ AdversarialTrainer             │   Epoch 53 | Batch 84/108 | Loss: 6.1838 (SC: 4.1719, Emo: 0.3228, ID: 4.2227)
2026-04-18 19:30:05 │ DEBUG    │ AdversarialTrainer             │   Epoch 53 | Batch 105/108 | Loss: 7.2238 (SC: 4.1734, Emo: 0.8316, ID: 5.5469)
2026-04-18 19:30:11 │ INFO     │ AdversarialTrainer             │ ──────────────────────────────────────────────────────────────────────
2026-04-18 19:30:11 │ INFO     │ AdversarialTrainer             │ Epoch 53/150  [38.2s]  │  LR=0.000037  │  λ_GRL=0.9408
2026-04-18 19:30:11 │ INFO     │ AdversarialTrainer             │   Train │ Loss: 7.3707  (SC: 4.1748 × 1.0 + Emo: 1.1186 + 0.40 × ID: 5.1935)
2026-04-18 19:30:11 │ INFO     │ AdversarialTrainer             │   Train │ EmoAcc: 0.2593  │ IDAcc: 0.0324
2026-04-18 19:30:11 │ INFO     │ AdversarialTrainer             │   Val   │ Loss: 7.9535  (SC: 4.1763)  │ EmoAcc: 0.1111  │ IDAcc: 0.0000
2026-04-18 19:30:11 │ INFO     │ AdversarialTrainer             │ ──────────────────────────────────────────────────────────────────────
2026-04-18 19:30:11 │ DEBUG    │ AdversarialTrainer             │ Checkpoint saved: epoch=53 → C:\Users\Addhyan\Desktop\Thesis\Thesis3\Stage4_TransferLearning\checkpoints\phase2_micro\latest_checkpoint.pth
2026-04-18 19:30:18 │ DEBUG    │ AdversarialTrainer             │   Epoch 54 | Batch 21/108 | Loss: 6.8398 (SC: 4.1762, Emo: 0.6088, ID: 5.1367)
2026-04-18 19:30:24 │ DEBUG    │ AdversarialTrainer             │   Epoch 54 | Batch 42/108 | Loss: 6.6643 (SC: 4.1816, Emo: 0.6303, ID: 4.6309)
2026-04-18 19:30:30 │ DEBUG    │ AdversarialTrainer             │   Epoch 54 | Batch 63/108 | Loss: 6.6377 (SC: 4.1803, Emo: 1.1536, ID: 3.2596)
2026-04-18 19:30:37 │ DEBUG    │ AdversarialTrainer             │   Epoch 54 | Batch 84/108 | Loss: 7.3793 (SC: 4.1737, Emo: 1.1126, ID: 5.2324)
2026-04-18 19:30:43 │ DEBUG    │ AdversarialTrainer             │   Epoch 54 | Batch 105/108 | Loss: 8.3384 (SC: 4.1752, Emo: 1.5515, ID: 6.5293)
2026-04-18 19:30:50 │ INFO     │ AdversarialTrainer             │ ──────────────────────────────────────────────────────────────────────
2026-04-18 19:30:50 │ INFO     │ AdversarialTrainer             │ Epoch 54/150  [38.2s]  │  LR=0.000036  │  λ_GRL=0.9445
2026-04-18 19:30:50 │ INFO     │ AdversarialTrainer             │   Train │ Loss: 7.2915  (SC: 4.1758 × 1.0 + Emo: 1.0716 + 0.40 × ID: 5.1103)
2026-04-18 19:30:50 │ INFO     │ AdversarialTrainer             │   Train │ EmoAcc: 0.2546  │ IDAcc: 0.0324
2026-04-18 19:30:50 │ INFO     │ AdversarialTrainer             │   Val   │ Loss: 7.9873  (SC: 4.1739)  │ EmoAcc: 0.1222  │ IDAcc: 0.0000
2026-04-18 19:30:50 │ INFO     │ AdversarialTrainer             │ ──────────────────────────────────────────────────────────────────────
2026-04-18 19:30:50 │ DEBUG    │ AdversarialTrainer             │ Checkpoint saved: epoch=54 → C:\Users\Addhyan\Desktop\Thesis\Thesis3\Stage4_TransferLearning\checkpoints\phase2_micro\latest_checkpoint.pth
2026-04-18 19:30:56 │ DEBUG    │ AdversarialTrainer             │   Epoch 55 | Batch 21/108 | Loss: 7.0523 (SC: 4.1746, Emo: 0.6902, ID: 5.4688)
2026-04-18 19:31:02 │ DEBUG    │ AdversarialTrainer             │   Epoch 55 | Batch 42/108 | Loss: 6.8826 (SC: 4.1806, Emo: 0.5176, ID: 5.4609)
2026-04-18 19:31:09 │ DEBUG    │ AdversarialTrainer             │   Epoch 55 | Batch 63/108 | Loss: 6.9054 (SC: 4.1766, Emo: 0.7311, ID: 4.9941)
2026-04-18 19:31:15 │ DEBUG    │ AdversarialTrainer             │   Epoch 55 | Batch 84/108 | Loss: 6.2978 (SC: 4.1742, Emo: 0.2283, ID: 4.7383)
2026-04-18 19:31:21 │ DEBUG    │ AdversarialTrainer             │   Epoch 55 | Batch 105/108 | Loss: 7.0313 (SC: 4.1713, Emo: 0.7538, ID: 5.2656)
2026-04-18 19:31:28 │ INFO     │ AdversarialTrainer             │ ──────────────────────────────────────────────────────────────────────
2026-04-18 19:31:28 │ INFO     │ AdversarialTrainer             │ Epoch 55/150  [38.1s]  │  LR=0.000036  │  λ_GRL=0.9480
2026-04-18 19:31:28 │ INFO     │ AdversarialTrainer             │   Train │ Loss: 7.3482  (SC: 4.1749 × 1.0 + Emo: 1.1222 + 0.40 × ID: 5.1279)
2026-04-18 19:31:28 │ INFO     │ AdversarialTrainer             │   Train │ EmoAcc: 0.2222  │ IDAcc: 0.0324
2026-04-18 19:31:28 │ INFO     │ AdversarialTrainer             │   Val   │ Loss: 8.0347  (SC: 4.1764)  │ EmoAcc: 0.0444  │ IDAcc: 0.0000
2026-04-18 19:31:28 │ INFO     │ AdversarialTrainer             │ ──────────────────────────────────────────────────────────────────────
2026-04-18 19:31:28 │ DEBUG    │ AdversarialTrainer             │ Checkpoint saved: epoch=55 → C:\Users\Addhyan\Desktop\Thesis\Thesis3\Stage4_TransferLearning\checkpoints\phase2_micro\latest_checkpoint.pth
2026-04-18 19:31:34 │ DEBUG    │ AdversarialTrainer             │   Epoch 56 | Batch 21/108 | Loss: 7.5112 (SC: 4.1755, Emo: 1.8154, ID: 3.8008)
2026-04-18 19:31:41 │ DEBUG    │ AdversarialTrainer             │   Epoch 56 | Batch 42/108 | Loss: 7.5414 (SC: 4.1727, Emo: 0.5921, ID: 6.9414)
2026-04-18 19:31:47 │ DEBUG    │ AdversarialTrainer             │   Epoch 56 | Batch 63/108 | Loss: 6.1634 (SC: 4.1760, Emo: 0.0960, ID: 4.7285)
2026-04-18 19:31:53 │ DEBUG    │ AdversarialTrainer             │   Epoch 56 | Batch 84/108 | Loss: 7.4025 (SC: 4.1764, Emo: 1.1480, ID: 5.1953)
2026-04-18 19:32:00 │ DEBUG    │ AdversarialTrainer             │   Epoch 56 | Batch 105/108 | Loss: 7.3784 (SC: 4.1712, Emo: 1.1876, ID: 5.0488)
2026-04-18 19:32:06 │ INFO     │ AdversarialTrainer             │ ──────────────────────────────────────────────────────────────────────
2026-04-18 19:32:06 │ INFO     │ AdversarialTrainer             │ Epoch 56/150  [38.2s]  │  LR=0.000035  │  λ_GRL=0.9513
2026-04-18 19:32:06 │ INFO     │ AdversarialTrainer             │   Train │ Loss: 7.2888  (SC: 4.1748 × 1.0 + Emo: 1.1094 + 0.40 × ID: 5.0114)
2026-04-18 19:32:06 │ INFO     │ AdversarialTrainer             │   Train │ EmoAcc: 0.3009  │ IDAcc: 0.0324
2026-04-18 19:32:06 │ INFO     │ AdversarialTrainer             │   Val   │ Loss: 7.9900  (SC: 4.1767)  │ EmoAcc: 0.0556  │ IDAcc: 0.0000
2026-04-18 19:32:06 │ INFO     │ AdversarialTrainer             │ ──────────────────────────────────────────────────────────────────────
2026-04-18 19:32:06 │ DEBUG    │ AdversarialTrainer             │ Checkpoint saved: epoch=56 → C:\Users\Addhyan\Desktop\Thesis\Thesis3\Stage4_TransferLearning\checkpoints\phase2_micro\latest_checkpoint.pth
2026-04-18 19:32:12 │ DEBUG    │ AdversarialTrainer             │   Epoch 57 | Batch 21/108 | Loss: 8.9017 (SC: 4.1687, Emo: 2.3837, ID: 5.8730)
2026-04-18 19:32:19 │ DEBUG    │ AdversarialTrainer             │   Epoch 57 | Batch 42/108 | Loss: 8.0250 (SC: 4.1696, Emo: 1.6992, ID: 5.3906)
2026-04-18 19:32:25 │ DEBUG    │ AdversarialTrainer             │   Epoch 57 | Batch 63/108 | Loss: 7.3901 (SC: 4.1986, Emo: 0.9462, ID: 5.6133)
2026-04-18 19:32:31 │ DEBUG    │ AdversarialTrainer             │   Epoch 57 | Batch 84/108 | Loss: 6.4381 (SC: 4.1678, Emo: 0.5789, ID: 4.2285)
2026-04-18 19:32:38 │ DEBUG    │ AdversarialTrainer             │   Epoch 57 | Batch 105/108 | Loss: 7.5121 (SC: 4.1758, Emo: 0.8324, ID: 6.2598)
2026-04-18 19:32:44 │ INFO     │ AdversarialTrainer             │ ──────────────────────────────────────────────────────────────────────
2026-04-18 19:32:44 │ INFO     │ AdversarialTrainer             │ Epoch 57/150  [38.2s]  │  LR=0.000035  │  λ_GRL=0.9544
2026-04-18 19:32:44 │ INFO     │ AdversarialTrainer             │   Train │ Loss: 7.2664  (SC: 4.1752 × 1.0 + Emo: 1.0865 + 0.40 × ID: 5.0117)
2026-04-18 19:32:44 │ INFO     │ AdversarialTrainer             │   Train │ EmoAcc: 0.2454  │ IDAcc: 0.0324
2026-04-18 19:32:44 │ INFO     │ AdversarialTrainer             │   Val   │ Loss: 7.9173  (SC: 4.1762)  │ EmoAcc: 0.0889  │ IDAcc: 0.0000
2026-04-18 19:32:44 │ INFO     │ AdversarialTrainer             │ ──────────────────────────────────────────────────────────────────────
2026-04-18 19:32:44 │ DEBUG    │ AdversarialTrainer             │ Checkpoint saved: epoch=57 → C:\Users\Addhyan\Desktop\Thesis\Thesis3\Stage4_TransferLearning\checkpoints\phase2_micro\latest_checkpoint.pth
2026-04-18 19:32:51 │ DEBUG    │ AdversarialTrainer             │   Epoch 58 | Batch 21/108 | Loss: 8.0577 (SC: 4.1677, Emo: 2.0275, ID: 4.6562)
2026-04-18 19:32:57 │ DEBUG    │ AdversarialTrainer             │   Epoch 58 | Batch 42/108 | Loss: 8.9458 (SC: 4.1826, Emo: 3.3300, ID: 3.5830)
2026-04-18 19:33:03 │ DEBUG    │ AdversarialTrainer             │   Epoch 58 | Batch 63/108 | Loss: 7.4887 (SC: 4.1693, Emo: 0.9553, ID: 5.9102)
2026-04-18 19:33:10 │ DEBUG    │ AdversarialTrainer             │   Epoch 58 | Batch 84/108 | Loss: 7.2717 (SC: 4.1846, Emo: 1.3402, ID: 4.3672)
2026-04-18 19:33:16 │ DEBUG    │ AdversarialTrainer             │   Epoch 58 | Batch 105/108 | Loss: 6.2064 (SC: 4.1712, Emo: 0.3024, ID: 4.3320)
2026-04-18 19:33:22 │ INFO     │ AdversarialTrainer             │ ──────────────────────────────────────────────────────────────────────
2026-04-18 19:33:22 │ INFO     │ AdversarialTrainer             │ Epoch 58/150  [38.2s]  │  LR=0.000034  │  λ_GRL=0.9573
2026-04-18 19:33:22 │ INFO     │ AdversarialTrainer             │   Train │ Loss: 7.2235  (SC: 4.1756 × 1.0 + Emo: 1.0982 + 0.40 × ID: 4.8744)
2026-04-18 19:33:22 │ INFO     │ AdversarialTrainer             │   Train │ EmoAcc: 0.2407  │ IDAcc: 0.0324
2026-04-18 19:33:22 │ INFO     │ AdversarialTrainer             │   Val   │ Loss: 7.9446  (SC: 4.1745)  │ EmoAcc: 0.0778  │ IDAcc: 0.0000
2026-04-18 19:33:22 │ INFO     │ AdversarialTrainer             │ ──────────────────────────────────────────────────────────────────────
2026-04-18 19:33:22 │ DEBUG    │ AdversarialTrainer             │ Checkpoint saved: epoch=58 → C:\Users\Addhyan\Desktop\Thesis\Thesis3\Stage4_TransferLearning\checkpoints\phase2_micro\latest_checkpoint.pth
2026-04-18 19:33:29 │ DEBUG    │ AdversarialTrainer             │   Epoch 59 | Batch 21/108 | Loss: 6.5395 (SC: 4.1717, Emo: 1.0938, ID: 3.1848)
2026-04-18 19:33:35 │ DEBUG    │ AdversarialTrainer             │   Epoch 59 | Batch 42/108 | Loss: 8.1703 (SC: 4.1667, Emo: 1.9290, ID: 5.1865)
2026-04-18 19:33:42 │ DEBUG    │ AdversarialTrainer             │   Epoch 59 | Batch 63/108 | Loss: 6.7864 (SC: 4.1670, Emo: 0.7170, ID: 4.7559)
2026-04-18 19:33:48 │ DEBUG    │ AdversarialTrainer             │   Epoch 59 | Batch 84/108 | Loss: 6.1488 (SC: 4.1732, Emo: 0.5947, ID: 3.4521)
2026-04-18 19:33:54 │ DEBUG    │ AdversarialTrainer             │   Epoch 59 | Batch 105/108 | Loss: 6.4043 (SC: 4.1788, Emo: 0.3770, ID: 4.6211)
2026-04-18 19:34:01 │ INFO     │ AdversarialTrainer             │ ──────────────────────────────────────────────────────────────────────
2026-04-18 19:34:01 │ INFO     │ AdversarialTrainer             │ Epoch 59/150  [38.2s]  │  LR=0.000034  │  λ_GRL=0.9600
2026-04-18 19:34:01 │ INFO     │ AdversarialTrainer             │   Train │ Loss: 7.2338  (SC: 4.1752 × 1.0 + Emo: 1.1018 + 0.40 × ID: 4.8919)
2026-04-18 19:34:01 │ INFO     │ AdversarialTrainer             │   Train │ EmoAcc: 0.2176  │ IDAcc: 0.0324
2026-04-18 19:34:01 │ INFO     │ AdversarialTrainer             │   Val   │ Loss: 7.9273  (SC: 4.1747)  │ EmoAcc: 0.0778  │ IDAcc: 0.0000
2026-04-18 19:34:01 │ INFO     │ AdversarialTrainer             │ ──────────────────────────────────────────────────────────────────────
2026-04-18 19:34:01 │ DEBUG    │ AdversarialTrainer             │ Checkpoint saved: epoch=59 → C:\Users\Addhyan\Desktop\Thesis\Thesis3\Stage4_TransferLearning\checkpoints\phase2_micro\latest_checkpoint.pth
2026-04-18 19:34:07 │ DEBUG    │ AdversarialTrainer             │   Epoch 60 | Batch 21/108 | Loss: 6.3592 (SC: 4.1749, Emo: 0.4101, ID: 4.4355)
2026-04-18 19:34:13 │ DEBUG    │ AdversarialTrainer             │   Epoch 60 | Batch 42/108 | Loss: 7.3251 (SC: 4.1690, Emo: 1.5562, ID: 4.0000)
2026-04-18 19:34:20 │ DEBUG    │ AdversarialTrainer             │   Epoch 60 | Batch 63/108 | Loss: 7.5187 (SC: 4.1808, Emo: 1.2113, ID: 5.3164)
2026-04-18 19:34:26 │ DEBUG    │ AdversarialTrainer             │   Epoch 60 | Batch 84/108 | Loss: 6.7972 (SC: 4.1723, Emo: 1.0206, ID: 4.0107)
2026-04-18 19:34:33 │ DEBUG    │ AdversarialTrainer             │   Epoch 60 | Batch 105/108 | Loss: 6.5961 (SC: 4.1854, Emo: 0.9111, ID: 3.7490)
2026-04-18 19:34:39 │ INFO     │ AdversarialTrainer             │ ──────────────────────────────────────────────────────────────────────
2026-04-18 19:34:39 │ INFO     │ AdversarialTrainer             │ Epoch 60/150  [38.2s]  │  LR=0.000033  │  λ_GRL=0.9626
2026-04-18 19:34:39 │ INFO     │ AdversarialTrainer             │   Train │ Loss: 7.2404  (SC: 4.1760 × 1.0 + Emo: 1.0890 + 0.40 × ID: 4.9385)
2026-04-18 19:34:39 │ INFO     │ AdversarialTrainer             │   Train │ EmoAcc: 0.2361  │ IDAcc: 0.0324
2026-04-18 19:34:39 │ INFO     │ AdversarialTrainer             │   Val   │ Loss: 7.9950  (SC: 4.1767)  │ EmoAcc: 0.0556  │ IDAcc: 0.0000
2026-04-18 19:34:39 │ INFO     │ AdversarialTrainer             │ ──────────────────────────────────────────────────────────────────────
2026-04-18 19:34:39 │ DEBUG    │ AdversarialTrainer             │ Checkpoint saved: epoch=60 → C:\Users\Addhyan\Desktop\Thesis\Thesis3\Stage4_TransferLearning\checkpoints\phase2_micro\latest_checkpoint.pth
2026-04-18 19:34:45 │ DEBUG    │ AdversarialTrainer             │   Epoch 61 | Batch 21/108 | Loss: 7.7832 (SC: 4.1744, Emo: 1.6915, ID: 4.7930)
2026-04-18 19:34:52 │ DEBUG    │ AdversarialTrainer             │   Epoch 61 | Batch 42/108 | Loss: 6.1908 (SC: 4.1687, Emo: 0.5275, ID: 3.7363)
2026-04-18 19:34:58 │ DEBUG    │ AdversarialTrainer             │   Epoch 61 | Batch 63/108 | Loss: 9.0268 (SC: 4.1796, Emo: 2.9871, ID: 4.6504)
2026-04-18 19:35:05 │ DEBUG    │ AdversarialTrainer             │   Epoch 61 | Batch 84/108 | Loss: 8.5371 (SC: 4.1765, Emo: 2.3017, ID: 5.1475)
2026-04-18 19:35:12 │ DEBUG    │ AdversarialTrainer             │   Epoch 61 | Batch 105/108 | Loss: 7.1208 (SC: 4.1746, Emo: 0.3423, ID: 6.5098)
2026-04-18 19:35:20 │ INFO     │ AdversarialTrainer             │ ──────────────────────────────────────────────────────────────────────
2026-04-18 19:35:20 │ INFO     │ AdversarialTrainer             │ Epoch 61/150  [41.0s]  │  LR=0.000033  │  λ_GRL=0.9650
2026-04-18 19:35:20 │ INFO     │ AdversarialTrainer             │   Train │ Loss: 7.1201  (SC: 4.1748 × 1.0 + Emo: 1.0361 + 0.40 × ID: 4.7731)
2026-04-18 19:35:20 │ INFO     │ AdversarialTrainer             │   Train │ EmoAcc: 0.2731  │ IDAcc: 0.0324
2026-04-18 19:35:20 │ INFO     │ AdversarialTrainer             │   Val   │ Loss: 7.9079  (SC: 4.1779)  │ EmoAcc: 0.0667  │ IDAcc: 0.0000
2026-04-18 19:35:20 │ INFO     │ AdversarialTrainer             │ ──────────────────────────────────────────────────────────────────────
2026-04-18 19:35:20 │ DEBUG    │ AdversarialTrainer             │ Checkpoint saved: epoch=61 → C:\Users\Addhyan\Desktop\Thesis\Thesis3\Stage4_TransferLearning\checkpoints\phase2_micro\latest_checkpoint.pth
2026-04-18 19:35:28 │ DEBUG    │ AdversarialTrainer             │   Epoch 62 | Batch 21/108 | Loss: 6.5192 (SC: 4.1796, Emo: 0.4197, ID: 4.7998)
2026-04-18 19:35:35 │ DEBUG    │ AdversarialTrainer             │   Epoch 62 | Batch 42/108 | Loss: 7.9665 (SC: 4.1710, Emo: 2.9337, ID: 2.1544)
2026-04-18 19:35:42 │ DEBUG    │ AdversarialTrainer             │   Epoch 62 | Batch 63/108 | Loss: 6.4491 (SC: 4.1712, Emo: 0.8159, ID: 3.6550)
2026-04-18 19:35:50 │ DEBUG    │ AdversarialTrainer             │   Epoch 62 | Batch 84/108 | Loss: 7.1335 (SC: 4.1625, Emo: 0.9467, ID: 5.0605)
2026-04-18 19:35:57 │ DEBUG    │ AdversarialTrainer             │   Epoch 62 | Batch 105/108 | Loss: 8.1447 (SC: 4.1699, Emo: 2.3233, ID: 4.1289)
2026-04-18 19:36:17 │ DEBUG    │ MERDataset                     │ Logger 'MERDataset' initialised.  Console=INFO  File=DEBUG  → C:\Users\Addhyan\Desktop\Thesis\Thesis3\Stage4_TransferLearning\logs\stage3_training.log
2026-04-18 19:36:17 │ INFO     │ MERDataset                     │ ======================================================================
2026-04-18 19:36:17 │ INFO     │ MERDataset                     │   MERDataset Initialization
2026-04-18 19:36:17 │ INFO     │ MERDataset                     │ ======================================================================
2026-04-18 19:36:17 │ INFO     │ MERDataset                     │ CSV path        : C:\Users\Addhyan\Desktop\Thesis\Thesis3\Processed_Data\master_thesis_labels.csv
2026-04-18 19:36:17 │ INFO     │ MERDataset                     │ Tensor dir      : C:\Users\Addhyan\Desktop\Thesis\Thesis3\Processed_Data\tensors
2026-04-18 19:36:17 │ INFO     │ MERDataset                     │ Expression filter: micro-expression
2026-04-18 19:36:17 │ INFO     │ MERDataset                     │ Emotion mapping : {'Negative': 0, 'Positive': 1, 'Surprise': 2, 'Others': 3}
2026-04-18 19:36:17 │ INFO     │ MERDataset                     │ Loaded CSV: 612 rows × 15 columns
2026-04-18 19:36:17 │ INFO     │ MERDataset                     │ Expression filter 'micro-expression': 612 → 312 rows (dropped 300)
2026-04-18 19:36:17 │ INFO     │ MERDataset                     │ Subject ID mapping: 26 unique subjects → [0, 25]
2026-04-18 19:36:17 │ INFO     │ MERDataset                     │ Tensor matching results:
2026-04-18 19:36:17 │ INFO     │ MERDataset                     │   Matched  : 306
2026-04-18 19:36:17 │ INFO     │ MERDataset                     │   Missing  : 6 (no .npy file on disk)
2026-04-18 19:36:17 │ INFO     │ MERDataset                     │   Unknown  : 0 (emotion not in map)
2026-04-18 19:36:17 │ INFO     │ MERDataset                     │ Emotion class distribution:
2026-04-18 19:36:17 │ INFO     │ MERDataset                     │   Negative     (label=0) : 125 samples
2026-04-18 19:36:17 │ INFO     │ MERDataset                     │   Others       (label=3) : 102 samples
2026-04-18 19:36:17 │ INFO     │ MERDataset                     │   Positive     (label=1) : 45 samples
2026-04-18 19:36:17 │ INFO     │ MERDataset                     │   Surprise     (label=2) : 34 samples
2026-04-18 19:36:17 │ INFO     │ MERDataset                     │ Subject distribution (top 10):
2026-04-18 19:36:17 │ INFO     │ MERDataset                     │   Subject  17 → mapped_id=16 : 36 samples
2026-04-18 19:36:17 │ INFO     │ MERDataset                     │   Subject   2 → mapped_id=1 : 21 samples
2026-04-18 19:36:17 │ INFO     │ MERDataset                     │   Subject  11 → mapped_id=10 : 20 samples
2026-04-18 19:36:17 │ INFO     │ MERDataset                     │   Subject   5 → mapped_id=4 : 19 samples
2026-04-18 19:36:17 │ INFO     │ MERDataset                     │   Subject   9 → mapped_id=8 : 18 samples
2026-04-18 19:36:17 │ INFO     │ MERDataset                     │   Subject  26 → mapped_id=25 : 17 samples
2026-04-18 19:36:17 │ INFO     │ MERDataset                     │   Subject  19 → mapped_id=18 : 16 samples
2026-04-18 19:36:17 │ INFO     │ MERDataset                     │   Subject  10 → mapped_id=9 : 14 samples
2026-04-18 19:36:17 │ INFO     │ MERDataset                     │   Subject  12 → mapped_id=11 : 13 samples
2026-04-18 19:36:17 │ INFO     │ MERDataset                     │   Subject  20 → mapped_id=19 : 13 samples
2026-04-18 19:36:17 │ INFO     │ MERDataset                     │ ──────────────────────────────────────────────────────────────────────
2026-04-18 19:36:17 │ INFO     │ MERDataset                     │   Dataset Ready: 306 samples | 4 classes | 26 subjects
2026-04-18 19:36:17 │ INFO     │ MERDataset                     │ ──────────────────────────────────────────────────────────────────────
2026-04-18 19:36:17 │ INFO     │ MERDataset                     │ ──────────────────────────────────────────────────────────────────────
2026-04-18 19:36:17 │ INFO     │ MERDataset                     │   Subject-Disjoint Split (seed=42)
2026-04-18 19:36:17 │ INFO     │ MERDataset                     │ ──────────────────────────────────────────────────────────────────────
2026-04-18 19:36:17 │ INFO     │ MERDataset                     │   Total subjects: 26 → Train: 21 subjects (216 samples) | Val: 5 subjects (90 samples)
2026-04-18 19:36:17 │ INFO     │ MERDataset                     │   Val subjects  : [10, 13, 17, 20, 26]
2026-04-18 19:36:17 │ INFO     │ MERDataset                     │   Train subjects: [1, 2, 3, 4, 5, 6, 7, 8, 9, 11, 12, 14, 15, 16, 18, 19, 21, 22, 23, 24, 25]
2026-04-18 19:36:17 │ INFO     │ MERDataset                     │   ✓ Zero subject overlap verified.
2026-04-18 19:36:17 │ INFO     │ MERDataset                     │ ──────────────────────────────────────────────────────────────────────
2026-04-18 19:36:17 │ INFO     │ MERDataset                     │ Class weights (inverse freq): {'Negative': '0.6120', 'Positive': '1.7000', 'Surprise': '2.2500', 'Others': '0.7500'}
2026-04-18 19:36:18 │ DEBUG    │ AdversarialTrainer             │ Logger 'AdversarialTrainer' initialised.  Console=INFO  File=DEBUG  → C:\Users\Addhyan\Desktop\Thesis\Thesis3\Stage4_TransferLearning\logs\stage3_training.log
2026-04-18 19:36:18 │ INFO     │ AdversarialTrainer             │ ======================================================================
2026-04-18 19:36:18 │ INFO     │ AdversarialTrainer             │   AdversarialTrainer Configuration (SupCon)
2026-04-18 19:36:18 │ INFO     │ AdversarialTrainer             │ ======================================================================
2026-04-18 19:36:18 │ INFO     │ AdversarialTrainer             │ Device              : cuda
2026-04-18 19:36:18 │ INFO     │ AdversarialTrainer             │ Epochs              : 150
2026-04-18 19:36:18 │ INFO     │ AdversarialTrainer             │ Identity loss weight: 0.1000
2026-04-18 19:36:18 │ INFO     │ AdversarialTrainer             │ SupCon loss weight  : 1.0000
2026-04-18 19:36:18 │ INFO     │ AdversarialTrainer             │ GRL gamma           : 10.00
2026-04-18 19:36:18 │ INFO     │ AdversarialTrainer             │ Accumulation steps  : 4
2026-04-18 19:36:18 │ INFO     │ AdversarialTrainer             │ AMP enabled         : True
2026-04-18 19:36:18 │ INFO     │ AdversarialTrainer             │ Gradient clip norm  : 1.0
2026-04-18 19:36:18 │ INFO     │ AdversarialTrainer             │ Checkpoint dir      : C:\Users\Addhyan\Desktop\Thesis\Thesis3\Stage4_TransferLearning\checkpoints\phase2_micro
2026-04-18 19:36:18 │ INFO     │ AdversarialTrainer             │ Train batches       : 108
2026-04-18 19:36:18 │ INFO     │ AdversarialTrainer             │ Val batches         : 45
2026-04-18 19:36:18 │ INFO     │ AdversarialTrainer             │ ======================================================================
2026-04-18 19:36:18 │ INFO     │ AdversarialTrainer             │   RESUMING from checkpoint: C:\Users\Addhyan\Desktop\Thesis\Thesis3\Stage4_TransferLearning\checkpoints\phase2_micro\latest_checkpoint.pth
2026-04-18 19:36:18 │ INFO     │ AdversarialTrainer             │ ======================================================================
2026-04-18 19:36:19 │ INFO     │ AdversarialTrainer             │   Model state restored.
2026-04-18 19:36:19 │ INFO     │ AdversarialTrainer             │   Optimizer state restored.
2026-04-18 19:36:19 │ INFO     │ AdversarialTrainer             │   Scheduler state restored.
2026-04-18 19:36:19 │ INFO     │ AdversarialTrainer             │   AMP scaler state restored.
2026-04-18 19:36:19 │ INFO     │ AdversarialTrainer             │   Resuming from epoch 62 (best_val_acc=0.2778)
2026-04-18 19:36:19 │ INFO     │ AdversarialTrainer             │ ======================================================================
2026-04-18 19:36:19 │ INFO     │ AdversarialTrainer             │   Training Start — Epoch 62/150
2026-04-18 19:36:19 │ INFO     │ AdversarialTrainer             │ ======================================================================
2026-04-18 19:36:26 │ DEBUG    │ AdversarialTrainer             │   Epoch 62 | Batch 21/108 | Loss: 4.6271 (SC: 3.7082, Emo: 0.4666, ID: 4.5225)
2026-04-18 19:36:34 │ DEBUG    │ AdversarialTrainer             │   Epoch 62 | Batch 42/108 | Loss: 6.5281 (SC: 4.1702, Emo: 2.0699, ID: 2.8807)
2026-04-18 19:36:41 │ DEBUG    │ AdversarialTrainer             │   Epoch 62 | Batch 63/108 | Loss: 5.8996 (SC: 4.1686, Emo: 1.1448, ID: 5.8613)
2026-04-18 19:36:49 │ DEBUG    │ AdversarialTrainer             │   Epoch 62 | Batch 84/108 | Loss: 6.5613 (SC: 4.1673, Emo: 1.9698, ID: 4.2422)
2026-04-18 19:38:29 │ DEBUG    │ MERDataset                     │ Logger 'MERDataset' initialised.  Console=INFO  File=DEBUG  → C:\Users\Addhyan\Desktop\Thesis\Thesis3\Stage4_TransferLearning\logs\stage3_training.log
2026-04-18 19:38:29 │ INFO     │ MERDataset                     │ ======================================================================
2026-04-18 19:38:29 │ INFO     │ MERDataset                     │   MERDataset Initialization
2026-04-18 19:38:29 │ INFO     │ MERDataset                     │ ======================================================================
2026-04-18 19:38:29 │ INFO     │ MERDataset                     │ CSV path        : C:\Users\Addhyan\Desktop\Thesis\Thesis3\Processed_Data\master_thesis_labels.csv
2026-04-18 19:38:29 │ INFO     │ MERDataset                     │ Tensor dir      : C:\Users\Addhyan\Desktop\Thesis\Thesis3\Processed_Data\tensors
2026-04-18 19:38:29 │ INFO     │ MERDataset                     │ Expression filter: micro-expression
2026-04-18 19:38:29 │ INFO     │ MERDataset                     │ Emotion mapping : {'Negative': 0, 'Positive': 1, 'Surprise': 2, 'Others': 3}
2026-04-18 19:38:29 │ INFO     │ MERDataset                     │ Loaded CSV: 612 rows × 15 columns
2026-04-18 19:38:29 │ INFO     │ MERDataset                     │ Expression filter 'micro-expression': 612 → 312 rows (dropped 300)
2026-04-18 19:38:29 │ INFO     │ MERDataset                     │ Subject ID mapping: 26 unique subjects → [0, 25]
2026-04-18 19:38:29 │ INFO     │ MERDataset                     │ Tensor matching results:
2026-04-18 19:38:29 │ INFO     │ MERDataset                     │   Matched  : 306
2026-04-18 19:38:29 │ INFO     │ MERDataset                     │   Missing  : 6 (no .npy file on disk)
2026-04-18 19:38:29 │ INFO     │ MERDataset                     │   Unknown  : 0 (emotion not in map)
2026-04-18 19:38:29 │ INFO     │ MERDataset                     │ Emotion class distribution:
2026-04-18 19:38:29 │ INFO     │ MERDataset                     │   Negative     (label=0) : 125 samples
2026-04-18 19:38:29 │ INFO     │ MERDataset                     │   Others       (label=3) : 102 samples
2026-04-18 19:38:29 │ INFO     │ MERDataset                     │   Positive     (label=1) : 45 samples
2026-04-18 19:38:29 │ INFO     │ MERDataset                     │   Surprise     (label=2) : 34 samples
2026-04-18 19:38:29 │ INFO     │ MERDataset                     │ Subject distribution (top 10):
2026-04-18 19:38:29 │ INFO     │ MERDataset                     │   Subject  17 → mapped_id=16 : 36 samples
2026-04-18 19:38:29 │ INFO     │ MERDataset                     │   Subject   2 → mapped_id=1 : 21 samples
2026-04-18 19:38:29 │ INFO     │ MERDataset                     │   Subject  11 → mapped_id=10 : 20 samples
2026-04-18 19:38:29 │ INFO     │ MERDataset                     │   Subject   5 → mapped_id=4 : 19 samples
2026-04-18 19:38:29 │ INFO     │ MERDataset                     │   Subject   9 → mapped_id=8 : 18 samples
2026-04-18 19:38:29 │ INFO     │ MERDataset                     │   Subject  26 → mapped_id=25 : 17 samples
2026-04-18 19:38:29 │ INFO     │ MERDataset                     │   Subject  19 → mapped_id=18 : 16 samples
2026-04-18 19:38:29 │ INFO     │ MERDataset                     │   Subject  10 → mapped_id=9 : 14 samples
2026-04-18 19:38:29 │ INFO     │ MERDataset                     │   Subject  12 → mapped_id=11 : 13 samples
2026-04-18 19:38:29 │ INFO     │ MERDataset                     │   Subject  20 → mapped_id=19 : 13 samples
2026-04-18 19:38:29 │ INFO     │ MERDataset                     │ ──────────────────────────────────────────────────────────────────────
2026-04-18 19:38:29 │ INFO     │ MERDataset                     │   Dataset Ready: 306 samples | 4 classes | 26 subjects
2026-04-18 19:38:29 │ INFO     │ MERDataset                     │ ──────────────────────────────────────────────────────────────────────
2026-04-18 19:38:29 │ INFO     │ MERDataset                     │ ──────────────────────────────────────────────────────────────────────
2026-04-18 19:38:29 │ INFO     │ MERDataset                     │   Subject-Disjoint Split (seed=42)
2026-04-18 19:38:29 │ INFO     │ MERDataset                     │ ──────────────────────────────────────────────────────────────────────
2026-04-18 19:38:29 │ INFO     │ MERDataset                     │   Total subjects: 26 → Train: 21 subjects (216 samples) | Val: 5 subjects (90 samples)
2026-04-18 19:38:29 │ INFO     │ MERDataset                     │   Val subjects  : [10, 13, 17, 20, 26]
2026-04-18 19:38:29 │ INFO     │ MERDataset                     │   Train subjects: [1, 2, 3, 4, 5, 6, 7, 8, 9, 11, 12, 14, 15, 16, 18, 19, 21, 22, 23, 24, 25]
2026-04-18 19:38:29 │ INFO     │ MERDataset                     │   ✓ Zero subject overlap verified.
2026-04-18 19:38:29 │ INFO     │ MERDataset                     │ ──────────────────────────────────────────────────────────────────────
2026-04-18 19:38:29 │ INFO     │ MERDataset                     │ Class weights (inverse freq): {'Negative': '0.6120', 'Positive': '1.7000', 'Surprise': '2.2500', 'Others': '0.7500'}
2026-04-18 19:38:30 │ DEBUG    │ AdversarialTrainer             │ Logger 'AdversarialTrainer' initialised.  Console=INFO  File=DEBUG  → C:\Users\Addhyan\Desktop\Thesis\Thesis3\Stage4_TransferLearning\logs\stage3_training.log
2026-04-18 19:38:30 │ INFO     │ AdversarialTrainer             │ ======================================================================
2026-04-18 19:38:30 │ INFO     │ AdversarialTrainer             │   AdversarialTrainer Configuration (SupCon)
2026-04-18 19:38:30 │ INFO     │ AdversarialTrainer             │ ======================================================================
2026-04-18 19:38:30 │ INFO     │ AdversarialTrainer             │ Device              : cuda
2026-04-18 19:38:30 │ INFO     │ AdversarialTrainer             │ Epochs              : 150
2026-04-18 19:38:30 │ INFO     │ AdversarialTrainer             │ Identity loss weight: 0.1000
2026-04-18 19:38:30 │ INFO     │ AdversarialTrainer             │ SupCon loss weight  : 1.0000
2026-04-18 19:38:30 │ INFO     │ AdversarialTrainer             │ GRL gamma           : 10.00
2026-04-18 19:38:30 │ INFO     │ AdversarialTrainer             │ Accumulation steps  : 4
2026-04-18 19:38:30 │ INFO     │ AdversarialTrainer             │ AMP enabled         : True
2026-04-18 19:38:30 │ INFO     │ AdversarialTrainer             │ Gradient clip norm  : 1.0
2026-04-18 19:38:30 │ INFO     │ AdversarialTrainer             │ Checkpoint dir      : C:\Users\Addhyan\Desktop\Thesis\Thesis3\Stage4_TransferLearning\checkpoints\phase2_micro
2026-04-18 19:38:30 │ INFO     │ AdversarialTrainer             │ Train batches       : 108
2026-04-18 19:38:30 │ INFO     │ AdversarialTrainer             │ Val batches         : 45
2026-04-18 19:38:30 │ INFO     │ AdversarialTrainer             │ No checkpoint found — starting fresh training.
2026-04-18 19:38:30 │ INFO     │ AdversarialTrainer             │ ======================================================================
2026-04-18 19:38:30 │ INFO     │ AdversarialTrainer             │   Training Start — Epoch 1/150
2026-04-18 19:38:30 │ INFO     │ AdversarialTrainer             │ ======================================================================
2026-04-18 19:38:38 │ DEBUG    │ AdversarialTrainer             │   Epoch 1 | Batch 21/108 | Loss: 4.7811 (SC: 3.7000, Emo: 0.6338, ID: 4.4736)
2026-04-18 19:38:44 │ DEBUG    │ AdversarialTrainer             │   Epoch 1 | Batch 42/108 | Loss: 5.5228 (SC: 4.1822, Emo: 0.7882, ID: 5.5234)
2026-04-18 19:38:50 │ DEBUG    │ AdversarialTrainer             │   Epoch 1 | Batch 63/108 | Loss: 5.3934 (SC: 4.1846, Emo: 0.7675, ID: 4.4121)
2026-04-18 19:38:57 │ DEBUG    │ AdversarialTrainer             │   Epoch 1 | Batch 84/108 | Loss: 7.6863 (SC: 4.1769, Emo: 3.0635, ID: 4.4590)
2026-04-18 19:39:03 │ DEBUG    │ AdversarialTrainer             │   Epoch 1 | Batch 105/108 | Loss: 5.7384 (SC: 4.1749, Emo: 1.2905, ID: 2.7305)
2026-04-18 19:39:09 │ INFO     │ AdversarialTrainer             │ ──────────────────────────────────────────────────────────────────────
2026-04-18 19:39:09 │ INFO     │ AdversarialTrainer             │ Epoch 1/150  [38.9s]  │  LR=0.000010  │  λ_GRL=0.0000
2026-04-18 19:39:09 │ INFO     │ AdversarialTrainer             │   Train │ Loss: 5.4733  (SC: 3.8811 × 1.0 + Emo: 1.1671 + 0.10 × ID: 4.2500)
2026-04-18 19:39:09 │ INFO     │ AdversarialTrainer             │   Train │ EmoAcc: 0.2037  │ IDAcc: 0.0324
2026-04-18 19:39:09 │ INFO     │ AdversarialTrainer             │   Val   │ Loss: 5.4103  (SC: 4.1790)  │ EmoAcc: 0.2667  │ IDAcc: 0.0000
2026-04-18 19:39:09 │ INFO     │ AdversarialTrainer             │ ──────────────────────────────────────────────────────────────────────
2026-04-18 19:39:09 │ DEBUG    │ AdversarialTrainer             │ Checkpoint saved: epoch=1 → C:\Users\Addhyan\Desktop\Thesis\Thesis3\Stage4_TransferLearning\checkpoints\phase2_micro\latest_checkpoint.pth
2026-04-18 19:39:09 │ INFO     │ AdversarialTrainer             │ ★ New best model saved: epoch=1, val_acc=0.2667 → C:\Users\Addhyan\Desktop\Thesis\Thesis3\Stage4_TransferLearning\checkpoints\phase2_micro\best_model.pth
2026-04-18 19:39:16 │ DEBUG    │ AdversarialTrainer             │   Epoch 2 | Batch 21/108 | Loss: 5.1990 (SC: 4.1912, Emo: 0.8178, ID: 1.9004)
2026-04-18 19:39:22 │ DEBUG    │ AdversarialTrainer             │   Epoch 2 | Batch 42/108 | Loss: 5.2514 (SC: 4.1591, Emo: 0.4740, ID: 6.1836)
2026-04-18 19:39:28 │ DEBUG    │ AdversarialTrainer             │   Epoch 2 | Batch 63/108 | Loss: 5.5325 (SC: 4.1694, Emo: 0.6295, ID: 7.3359)
2026-04-18 19:39:35 │ DEBUG    │ AdversarialTrainer             │   Epoch 2 | Batch 84/108 | Loss: 8.1530 (SC: 4.1546, Emo: 3.6389, ID: 3.5952)
2026-04-18 19:39:41 │ DEBUG    │ AdversarialTrainer             │   Epoch 2 | Batch 105/108 | Loss: 5.0110 (SC: 4.1723, Emo: 0.3600, ID: 4.7861)
2026-04-18 19:39:47 │ INFO     │ AdversarialTrainer             │ ──────────────────────────────────────────────────────────────────────
2026-04-18 19:39:47 │ INFO     │ AdversarialTrainer             │ Epoch 2/150  [38.0s]  │  LR=0.000010  │  λ_GRL=0.0335
2026-04-18 19:39:47 │ INFO     │ AdversarialTrainer             │   Train │ Loss: 5.6826  (SC: 4.1756 × 1.0 + Emo: 1.0763 + 0.10 × ID: 4.3071)
2026-04-18 19:39:47 │ INFO     │ AdversarialTrainer             │   Train │ EmoAcc: 0.2130  │ IDAcc: 0.0509
2026-04-18 19:39:47 │ INFO     │ AdversarialTrainer             │   Val   │ Loss: 5.3593  (SC: 4.1767)  │ EmoAcc: 0.2333  │ IDAcc: 0.0000
2026-04-18 19:39:47 │ INFO     │ AdversarialTrainer             │ ──────────────────────────────────────────────────────────────────────
2026-04-18 19:39:47 │ DEBUG    │ AdversarialTrainer             │ Checkpoint saved: epoch=2 → C:\Users\Addhyan\Desktop\Thesis\Thesis3\Stage4_TransferLearning\checkpoints\phase2_micro\latest_checkpoint.pth
2026-04-18 19:39:54 │ DEBUG    │ AdversarialTrainer             │   Epoch 3 | Batch 21/108 | Loss: 5.0008 (SC: 4.1813, Emo: 0.5930, ID: 2.2656)
2026-04-18 19:40:00 │ DEBUG    │ AdversarialTrainer             │   Epoch 3 | Batch 42/108 | Loss: 5.5464 (SC: 4.1666, Emo: 0.9615, ID: 4.1826)
2026-04-18 19:40:07 │ DEBUG    │ AdversarialTrainer             │   Epoch 3 | Batch 63/108 | Loss: 5.6351 (SC: 4.1723, Emo: 1.0864, ID: 3.7637)
2026-04-18 19:40:13 │ DEBUG    │ AdversarialTrainer             │   Epoch 3 | Batch 84/108 | Loss: 5.7157 (SC: 4.1757, Emo: 1.0029, ID: 5.3711)
2026-04-18 19:40:19 │ DEBUG    │ AdversarialTrainer             │   Epoch 3 | Batch 105/108 | Loss: 5.7583 (SC: 4.1867, Emo: 1.0647, ID: 5.0684)
2026-04-18 19:40:27 │ INFO     │ AdversarialTrainer             │ ──────────────────────────────────────────────────────────────────────
2026-04-18 19:40:27 │ INFO     │ AdversarialTrainer             │ Epoch 3/150  [39.5s]  │  LR=0.000010  │  λ_GRL=0.0670
2026-04-18 19:40:27 │ INFO     │ AdversarialTrainer             │   Train │ Loss: 5.6315  (SC: 4.1769 × 1.0 + Emo: 1.0235 + 0.10 × ID: 4.3117)
2026-04-18 19:40:27 │ INFO     │ AdversarialTrainer             │   Train │ EmoAcc: 0.2083  │ IDAcc: 0.0324
2026-04-18 19:40:27 │ INFO     │ AdversarialTrainer             │   Val   │ Loss: 5.3591  (SC: 4.1774)  │ EmoAcc: 0.1444  │ IDAcc: 0.0000
2026-04-18 19:40:27 │ INFO     │ AdversarialTrainer             │ ──────────────────────────────────────────────────────────────────────
2026-04-18 19:40:27 │ DEBUG    │ AdversarialTrainer             │ Checkpoint saved: epoch=3 → C:\Users\Addhyan\Desktop\Thesis\Thesis3\Stage4_TransferLearning\checkpoints\phase2_micro\latest_checkpoint.pth
2026-04-18 19:40:35 │ DEBUG    │ AdversarialTrainer             │   Epoch 4 | Batch 21/108 | Loss: 5.7097 (SC: 4.1707, Emo: 1.1775, ID: 3.6143)
2026-04-18 19:40:42 │ DEBUG    │ AdversarialTrainer             │   Epoch 4 | Batch 42/108 | Loss: 5.5497 (SC: 4.1659, Emo: 0.9830, ID: 4.0068)
2026-04-18 19:40:49 │ DEBUG    │ AdversarialTrainer             │   Epoch 4 | Batch 63/108 | Loss: 7.6902 (SC: 4.1742, Emo: 3.1969, ID: 3.1914)
2026-04-18 19:40:57 │ DEBUG    │ AdversarialTrainer             │   Epoch 4 | Batch 84/108 | Loss: 5.3532 (SC: 4.1674, Emo: 0.7659, ID: 4.1982)
2026-04-18 19:41:03 │ DEBUG    │ AdversarialTrainer             │   Epoch 4 | Batch 105/108 | Loss: 5.0431 (SC: 4.1781, Emo: 0.4659, ID: 3.9902)
2026-04-18 19:41:10 │ INFO     │ AdversarialTrainer             │ ──────────────────────────────────────────────────────────────────────
2026-04-18 19:41:10 │ INFO     │ AdversarialTrainer             │ Epoch 4/150  [42.7s]  │  LR=0.000010  │  λ_GRL=0.1003
2026-04-18 19:41:10 │ INFO     │ AdversarialTrainer             │   Train │ Loss: 5.6702  (SC: 4.1757 × 1.0 + Emo: 1.0608 + 0.10 × ID: 4.3376)
2026-04-18 19:41:10 │ INFO     │ AdversarialTrainer             │   Train │ EmoAcc: 0.2130  │ IDAcc: 0.0370
2026-04-18 19:41:10 │ INFO     │ AdversarialTrainer             │   Val   │ Loss: 5.3539  (SC: 4.1771)  │ EmoAcc: 0.0667  │ IDAcc: 0.0000
2026-04-18 19:41:10 │ INFO     │ AdversarialTrainer             │ ──────────────────────────────────────────────────────────────────────
2026-04-18 19:41:10 │ DEBUG    │ AdversarialTrainer             │ Checkpoint saved: epoch=4 → C:\Users\Addhyan\Desktop\Thesis\Thesis3\Stage4_TransferLearning\checkpoints\phase2_micro\latest_checkpoint.pth
2026-04-18 19:41:16 │ DEBUG    │ AdversarialTrainer             │   Epoch 5 | Batch 21/108 | Loss: 5.1353 (SC: 4.1856, Emo: 0.6239, ID: 3.2571)
2026-04-18 19:41:22 │ DEBUG    │ AdversarialTrainer             │   Epoch 5 | Batch 42/108 | Loss: 6.3220 (SC: 4.1599, Emo: 1.7823, ID: 3.7988)
2026-04-18 19:41:29 │ DEBUG    │ AdversarialTrainer             │   Epoch 5 | Batch 63/108 | Loss: 5.8312 (SC: 4.1742, Emo: 1.1363, ID: 5.2070)
2026-04-18 19:41:35 │ DEBUG    │ AdversarialTrainer             │   Epoch 5 | Batch 84/108 | Loss: 5.5286 (SC: 4.1740, Emo: 0.8091, ID: 5.4551)
2026-04-18 19:41:41 │ DEBUG    │ AdversarialTrainer             │   Epoch 5 | Batch 105/108 | Loss: 5.4782 (SC: 4.1772, Emo: 0.7159, ID: 5.8516)
2026-04-18 19:41:48 │ INFO     │ AdversarialTrainer             │ ──────────────────────────────────────────────────────────────────────
2026-04-18 19:41:48 │ INFO     │ AdversarialTrainer             │ Epoch 5/150  [38.1s]  │  LR=0.000010  │  λ_GRL=0.1334
2026-04-18 19:41:48 │ INFO     │ AdversarialTrainer             │   Train │ Loss: 5.5784  (SC: 4.1756 × 1.0 + Emo: 0.9728 + 0.10 × ID: 4.2999)
2026-04-18 19:41:48 │ INFO     │ AdversarialTrainer             │   Train │ EmoAcc: 0.2778  │ IDAcc: 0.0463
2026-04-18 19:41:48 │ INFO     │ AdversarialTrainer             │   Val   │ Loss: 5.3703  (SC: 4.1784)  │ EmoAcc: 0.0444  │ IDAcc: 0.0000
2026-04-18 19:41:48 │ INFO     │ AdversarialTrainer             │ ──────────────────────────────────────────────────────────────────────
2026-04-18 19:41:48 │ DEBUG    │ AdversarialTrainer             │ Checkpoint saved: epoch=5 → C:\Users\Addhyan\Desktop\Thesis\Thesis3\Stage4_TransferLearning\checkpoints\phase2_micro\latest_checkpoint.pth
2026-04-18 19:41:54 │ DEBUG    │ AdversarialTrainer             │   Epoch 6 | Batch 21/108 | Loss: 5.1481 (SC: 4.1655, Emo: 0.5196, ID: 4.6289)
2026-04-18 19:42:00 │ DEBUG    │ AdversarialTrainer             │   Epoch 6 | Batch 42/108 | Loss: 5.4299 (SC: 4.1588, Emo: 0.8823, ID: 3.8877)
2026-04-18 19:42:07 │ DEBUG    │ AdversarialTrainer             │   Epoch 6 | Batch 63/108 | Loss: 5.2849 (SC: 4.1771, Emo: 0.7322, ID: 3.7559)
2026-04-18 19:42:13 │ DEBUG    │ AdversarialTrainer             │   Epoch 6 | Batch 84/108 | Loss: 5.8938 (SC: 4.1874, Emo: 1.4416, ID: 2.6479)
2026-04-18 19:42:20 │ DEBUG    │ AdversarialTrainer             │   Epoch 6 | Batch 105/108 | Loss: 5.4677 (SC: 4.1884, Emo: 0.7672, ID: 5.1211)
2026-04-18 19:42:26 │ INFO     │ AdversarialTrainer             │ ──────────────────────────────────────────────────────────────────────
2026-04-18 19:42:26 │ INFO     │ AdversarialTrainer             │ Epoch 6/150  [38.1s]  │  LR=0.000010  │  λ_GRL=0.1662
2026-04-18 19:42:26 │ INFO     │ AdversarialTrainer             │   Train │ Loss: 5.5633  (SC: 4.1760 × 1.0 + Emo: 0.9606 + 0.10 × ID: 4.2680)
2026-04-18 19:42:26 │ INFO     │ AdversarialTrainer             │   Train │ EmoAcc: 0.2361  │ IDAcc: 0.0556
2026-04-18 19:42:26 │ INFO     │ AdversarialTrainer             │   Val   │ Loss: 5.3532  (SC: 4.1767)  │ EmoAcc: 0.0333  │ IDAcc: 0.0000
2026-04-18 19:42:26 │ INFO     │ AdversarialTrainer             │ ──────────────────────────────────────────────────────────────────────
2026-04-18 19:42:26 │ DEBUG    │ AdversarialTrainer             │ Checkpoint saved: epoch=6 → C:\Users\Addhyan\Desktop\Thesis\Thesis3\Stage4_TransferLearning\checkpoints\phase2_micro\latest_checkpoint.pth
2026-04-18 19:42:32 │ DEBUG    │ AdversarialTrainer             │   Epoch 7 | Batch 21/108 | Loss: 5.0286 (SC: 4.1752, Emo: 0.5501, ID: 3.0332)
2026-04-18 19:42:39 │ DEBUG    │ AdversarialTrainer             │   Epoch 7 | Batch 42/108 | Loss: 5.7452 (SC: 4.1662, Emo: 1.0345, ID: 5.4443)
2026-04-18 19:42:45 │ DEBUG    │ AdversarialTrainer             │   Epoch 7 | Batch 63/108 | Loss: 5.1992 (SC: 4.1859, Emo: 0.4676, ID: 5.4570)
2026-04-18 19:42:51 │ DEBUG    │ AdversarialTrainer             │   Epoch 7 | Batch 84/108 | Loss: 5.0434 (SC: 4.1716, Emo: 0.4786, ID: 3.9326)
2026-04-18 19:42:58 │ DEBUG    │ AdversarialTrainer             │   Epoch 7 | Batch 105/108 | Loss: 5.3627 (SC: 4.1782, Emo: 0.7448, ID: 4.3975)
2026-04-18 19:43:04 │ INFO     │ AdversarialTrainer             │ ──────────────────────────────────────────────────────────────────────
2026-04-18 19:43:04 │ INFO     │ AdversarialTrainer             │ Epoch 7/150  [38.1s]  │  LR=0.000010  │  λ_GRL=0.1987
2026-04-18 19:43:04 │ INFO     │ AdversarialTrainer             │   Train │ Loss: 5.6313  (SC: 4.1782 × 1.0 + Emo: 1.0165 + 0.10 × ID: 4.3654)
2026-04-18 19:43:04 │ INFO     │ AdversarialTrainer             │   Train │ EmoAcc: 0.2037  │ IDAcc: 0.0231
2026-04-18 19:43:04 │ INFO     │ AdversarialTrainer             │   Val   │ Loss: 5.3251  (SC: 4.1760)  │ EmoAcc: 0.0778  │ IDAcc: 0.0000
2026-04-18 19:43:04 │ INFO     │ AdversarialTrainer             │ ──────────────────────────────────────────────────────────────────────
2026-04-18 19:43:04 │ DEBUG    │ AdversarialTrainer             │ Checkpoint saved: epoch=7 → C:\Users\Addhyan\Desktop\Thesis\Thesis3\Stage4_TransferLearning\checkpoints\phase2_micro\latest_checkpoint.pth
2026-04-18 19:43:10 │ DEBUG    │ AdversarialTrainer             │   Epoch 8 | Batch 21/108 | Loss: 5.2283 (SC: 4.1760, Emo: 0.7205, ID: 3.3184)
2026-04-18 19:43:17 │ DEBUG    │ AdversarialTrainer             │   Epoch 8 | Batch 42/108 | Loss: 6.2826 (SC: 4.1635, Emo: 1.7851, ID: 3.3398)
2026-04-18 19:43:23 │ DEBUG    │ AdversarialTrainer             │   Epoch 8 | Batch 63/108 | Loss: 6.5493 (SC: 4.1851, Emo: 1.9744, ID: 3.8984)
2026-04-18 19:43:29 │ DEBUG    │ AdversarialTrainer             │   Epoch 8 | Batch 84/108 | Loss: 6.1023 (SC: 4.1715, Emo: 1.6345, ID: 2.9634)
2026-04-18 19:43:36 │ DEBUG    │ AdversarialTrainer             │   Epoch 8 | Batch 105/108 | Loss: 6.0709 (SC: 4.1869, Emo: 1.5457, ID: 3.3823)
2026-04-18 19:43:42 │ INFO     │ AdversarialTrainer             │ ──────────────────────────────────────────────────────────────────────
2026-04-18 19:43:42 │ INFO     │ AdversarialTrainer             │ Epoch 8/150  [38.1s]  │  LR=0.000010  │  λ_GRL=0.2307
2026-04-18 19:43:42 │ INFO     │ AdversarialTrainer             │   Train │ Loss: 5.5891  (SC: 4.1740 × 1.0 + Emo: 0.9951 + 0.10 × ID: 4.2005)
2026-04-18 19:43:42 │ INFO     │ AdversarialTrainer             │   Train │ EmoAcc: 0.2593  │ IDAcc: 0.0556
2026-04-18 19:43:42 │ INFO     │ AdversarialTrainer             │   Val   │ Loss: 5.3400  (SC: 4.1759)  │ EmoAcc: 0.1000  │ IDAcc: 0.0000
2026-04-18 19:43:42 │ INFO     │ AdversarialTrainer             │ ──────────────────────────────────────────────────────────────────────
2026-04-18 19:43:42 │ DEBUG    │ AdversarialTrainer             │ Checkpoint saved: epoch=8 → C:\Users\Addhyan\Desktop\Thesis\Thesis3\Stage4_TransferLearning\checkpoints\phase2_micro\latest_checkpoint.pth
2026-04-18 19:43:48 │ DEBUG    │ AdversarialTrainer             │   Epoch 9 | Batch 21/108 | Loss: 6.8896 (SC: 4.1462, Emo: 2.2856, ID: 4.5781)
2026-04-18 19:43:55 │ DEBUG    │ AdversarialTrainer             │   Epoch 9 | Batch 42/108 | Loss: 5.4648 (SC: 4.1674, Emo: 0.7132, ID: 5.8418)
2026-04-18 19:44:01 │ DEBUG    │ AdversarialTrainer             │   Epoch 9 | Batch 63/108 | Loss: 5.2290 (SC: 4.1790, Emo: 0.5927, ID: 4.5732)
2026-04-18 19:44:08 │ DEBUG    │ AdversarialTrainer             │   Epoch 9 | Batch 84/108 | Loss: 5.2206 (SC: 4.1849, Emo: 0.6182, ID: 4.1748)
2026-04-18 19:44:14 │ DEBUG    │ AdversarialTrainer             │   Epoch 9 | Batch 105/108 | Loss: 5.0506 (SC: 4.1858, Emo: 0.3942, ID: 4.7051)
2026-04-18 19:44:20 │ INFO     │ AdversarialTrainer             │ ──────────────────────────────────────────────────────────────────────
2026-04-18 19:44:20 │ INFO     │ AdversarialTrainer             │ Epoch 9/150  [38.1s]  │  LR=0.000010  │  λ_GRL=0.2622
2026-04-18 19:44:20 │ INFO     │ AdversarialTrainer             │   Train │ Loss: 5.6095  (SC: 4.1754 × 1.0 + Emo: 1.0049 + 0.10 × ID: 4.2914)
2026-04-18 19:44:20 │ INFO     │ AdversarialTrainer             │   Train │ EmoAcc: 0.2176  │ IDAcc: 0.0370
2026-04-18 19:44:20 │ INFO     │ AdversarialTrainer             │   Val   │ Loss: 5.3673  (SC: 4.1761)  │ EmoAcc: 0.0222  │ IDAcc: 0.0000
2026-04-18 19:44:20 │ INFO     │ AdversarialTrainer             │ ──────────────────────────────────────────────────────────────────────
2026-04-18 19:44:20 │ DEBUG    │ AdversarialTrainer             │ Checkpoint saved: epoch=9 → C:\Users\Addhyan\Desktop\Thesis\Thesis3\Stage4_TransferLearning\checkpoints\phase2_micro\latest_checkpoint.pth
2026-04-18 19:44:27 │ DEBUG    │ AdversarialTrainer             │   Epoch 10 | Batch 21/108 | Loss: 5.2851 (SC: 4.1784, Emo: 0.6084, ID: 4.9824)
2026-04-18 19:44:33 │ DEBUG    │ AdversarialTrainer             │   Epoch 10 | Batch 42/108 | Loss: 5.0827 (SC: 4.1797, Emo: 0.5122, ID: 3.9092)
2026-04-18 19:44:39 │ DEBUG    │ AdversarialTrainer             │   Epoch 10 | Batch 63/108 | Loss: 5.5491 (SC: 4.1720, Emo: 0.8959, ID: 4.8125)
2026-04-18 19:44:46 │ DEBUG    │ AdversarialTrainer             │   Epoch 10 | Batch 84/108 | Loss: 5.2115 (SC: 4.1748, Emo: 0.7407, ID: 2.9595)
2026-04-18 19:44:54 │ DEBUG    │ AdversarialTrainer             │   Epoch 10 | Batch 105/108 | Loss: 4.9718 (SC: 4.1685, Emo: 0.3685, ID: 4.3467)
2026-04-18 19:45:02 │ INFO     │ AdversarialTrainer             │ ──────────────────────────────────────────────────────────────────────
2026-04-18 19:45:02 │ INFO     │ AdversarialTrainer             │ Epoch 10/150  [41.5s]  │  LR=0.000010  │  λ_GRL=0.2932
2026-04-18 19:45:02 │ INFO     │ AdversarialTrainer             │   Train │ Loss: 5.5999  (SC: 4.1776 × 1.0 + Emo: 0.9996 + 0.10 × ID: 4.2278)
2026-04-18 19:45:02 │ INFO     │ AdversarialTrainer             │   Train │ EmoAcc: 0.2454  │ IDAcc: 0.0509
2026-04-18 19:45:02 │ INFO     │ AdversarialTrainer             │   Val   │ Loss: 5.3353  (SC: 4.1780)  │ EmoAcc: 0.0556  │ IDAcc: 0.0000
2026-04-18 19:45:02 │ INFO     │ AdversarialTrainer             │ ──────────────────────────────────────────────────────────────────────
2026-04-18 19:45:02 │ DEBUG    │ AdversarialTrainer             │ Checkpoint saved: epoch=10 → C:\Users\Addhyan\Desktop\Thesis\Thesis3\Stage4_TransferLearning\checkpoints\phase2_micro\latest_checkpoint.pth
2026-04-18 19:45:09 │ DEBUG    │ AdversarialTrainer             │   Epoch 11 | Batch 21/108 | Loss: 5.1739 (SC: 4.1796, Emo: 0.4583, ID: 5.3594)
2026-04-18 19:45:17 │ DEBUG    │ AdversarialTrainer             │   Epoch 11 | Batch 42/108 | Loss: 5.9154 (SC: 4.1782, Emo: 1.1518, ID: 5.8535)
2026-04-18 19:45:24 │ DEBUG    │ AdversarialTrainer             │   Epoch 11 | Batch 63/108 | Loss: 5.5201 (SC: 4.1851, Emo: 1.1149, ID: 2.2012)
2026-04-18 19:45:31 │ DEBUG    │ AdversarialTrainer             │   Epoch 11 | Batch 84/108 | Loss: 6.0335 (SC: 4.1863, Emo: 1.2184, ID: 6.2871)
2026-04-18 19:45:39 │ DEBUG    │ AdversarialTrainer             │   Epoch 11 | Batch 105/108 | Loss: 5.1134 (SC: 4.1769, Emo: 0.4837, ID: 4.5273)
2026-04-18 19:45:45 │ INFO     │ AdversarialTrainer             │ ──────────────────────────────────────────────────────────────────────
2026-04-18 19:45:45 │ INFO     │ AdversarialTrainer             │ Epoch 11/150  [43.4s]  │  LR=0.000010  │  λ_GRL=0.3235
2026-04-18 19:45:45 │ INFO     │ AdversarialTrainer             │   Train │ Loss: 5.6218  (SC: 4.1761 × 1.0 + Emo: 1.0139 + 0.10 × ID: 4.3173)
2026-04-18 19:45:45 │ INFO     │ AdversarialTrainer             │   Train │ EmoAcc: 0.2500  │ IDAcc: 0.0370
2026-04-18 19:45:45 │ INFO     │ AdversarialTrainer             │   Val   │ Loss: 5.3259  (SC: 4.1788)  │ EmoAcc: 0.1000  │ IDAcc: 0.0000
2026-04-18 19:45:45 │ INFO     │ AdversarialTrainer             │ ──────────────────────────────────────────────────────────────────────
2026-04-18 19:45:45 │ DEBUG    │ AdversarialTrainer             │ Checkpoint saved: epoch=11 → C:\Users\Addhyan\Desktop\Thesis\Thesis3\Stage4_TransferLearning\checkpoints\phase2_micro\latest_checkpoint.pth
2026-04-18 19:45:52 │ DEBUG    │ AdversarialTrainer             │   Epoch 12 | Batch 21/108 | Loss: 5.0866 (SC: 4.1622, Emo: 0.4217, ID: 5.0273)
2026-04-18 19:45:58 │ DEBUG    │ AdversarialTrainer             │   Epoch 12 | Batch 42/108 | Loss: 6.3732 (SC: 4.1627, Emo: 1.7193, ID: 4.9121)
2026-04-18 19:46:04 │ DEBUG    │ AdversarialTrainer             │   Epoch 12 | Batch 63/108 | Loss: 5.9968 (SC: 4.1594, Emo: 1.4007, ID: 4.3672)
2026-04-18 19:46:11 │ DEBUG    │ AdversarialTrainer             │   Epoch 12 | Batch 84/108 | Loss: 6.0181 (SC: 4.1724, Emo: 1.2767, ID: 5.6895)
2026-04-18 19:46:17 │ DEBUG    │ AdversarialTrainer             │   Epoch 12 | Batch 105/108 | Loss: 5.3082 (SC: 4.1755, Emo: 0.7562, ID: 3.7656)
2026-04-18 19:46:23 │ INFO     │ AdversarialTrainer             │ ──────────────────────────────────────────────────────────────────────
2026-04-18 19:46:23 │ INFO     │ AdversarialTrainer             │ Epoch 12/150  [38.0s]  │  LR=0.000010  │  λ_GRL=0.3532
2026-04-18 19:46:23 │ INFO     │ AdversarialTrainer             │   Train │ Loss: 5.5563  (SC: 4.1776 × 1.0 + Emo: 0.9529 + 0.10 × ID: 4.2573)
2026-04-18 19:46:23 │ INFO     │ AdversarialTrainer             │   Train │ EmoAcc: 0.2361  │ IDAcc: 0.0556
2026-04-18 19:46:23 │ INFO     │ AdversarialTrainer             │   Val   │ Loss: 5.3344  (SC: 4.1770)  │ EmoAcc: 0.0556  │ IDAcc: 0.0000
2026-04-18 19:46:23 │ INFO     │ AdversarialTrainer             │ ──────────────────────────────────────────────────────────────────────
2026-04-18 19:46:23 │ DEBUG    │ AdversarialTrainer             │ Checkpoint saved: epoch=12 → C:\Users\Addhyan\Desktop\Thesis\Thesis3\Stage4_TransferLearning\checkpoints\phase2_micro\latest_checkpoint.pth
2026-04-18 19:46:30 │ DEBUG    │ AdversarialTrainer             │   Epoch 13 | Batch 21/108 | Loss: 6.8296 (SC: 4.1850, Emo: 2.3271, ID: 3.1738)
2026-04-18 19:46:36 │ DEBUG    │ AdversarialTrainer             │   Epoch 13 | Batch 42/108 | Loss: 5.0718 (SC: 4.1749, Emo: 0.4937, ID: 4.0322)
2026-04-18 19:46:42 │ DEBUG    │ AdversarialTrainer             │   Epoch 13 | Batch 63/108 | Loss: 5.9921 (SC: 4.1679, Emo: 1.3247, ID: 4.9941)
2026-04-18 19:46:49 │ DEBUG    │ AdversarialTrainer             │   Epoch 13 | Batch 84/108 | Loss: 5.0739 (SC: 4.1810, Emo: 0.6068, ID: 2.8608)
2026-04-18 19:46:55 │ DEBUG    │ AdversarialTrainer             │   Epoch 13 | Batch 105/108 | Loss: 5.3397 (SC: 4.1643, Emo: 0.7497, ID: 4.2559)
2026-04-18 19:47:02 │ INFO     │ AdversarialTrainer             │ ──────────────────────────────────────────────────────────────────────
2026-04-18 19:47:02 │ INFO     │ AdversarialTrainer             │ Epoch 13/150  [38.1s]  │  LR=0.000010  │  λ_GRL=0.3822
2026-04-18 19:47:02 │ INFO     │ AdversarialTrainer             │   Train │ Loss: 5.5801  (SC: 4.1756 × 1.0 + Emo: 0.9913 + 0.10 × ID: 4.1318)
2026-04-18 19:47:02 │ INFO     │ AdversarialTrainer             │   Train │ EmoAcc: 0.2315  │ IDAcc: 0.0370
2026-04-18 19:47:02 │ INFO     │ AdversarialTrainer             │   Val   │ Loss: 5.3296  (SC: 4.1759)  │ EmoAcc: 0.0667  │ IDAcc: 0.0000
2026-04-18 19:47:02 │ INFO     │ AdversarialTrainer             │ ──────────────────────────────────────────────────────────────────────
2026-04-18 19:47:02 │ DEBUG    │ AdversarialTrainer             │ Checkpoint saved: epoch=13 → C:\Users\Addhyan\Desktop\Thesis\Thesis3\Stage4_TransferLearning\checkpoints\phase2_micro\latest_checkpoint.pth
2026-04-18 19:47:08 │ DEBUG    │ AdversarialTrainer             │   Epoch 14 | Batch 21/108 | Loss: 5.0188 (SC: 4.1667, Emo: 0.4991, ID: 3.5293)
2026-04-18 19:47:14 │ DEBUG    │ AdversarialTrainer             │   Epoch 14 | Batch 42/108 | Loss: 5.0741 (SC: 4.1905, Emo: 0.3394, ID: 5.4414)
2026-04-18 19:47:21 │ DEBUG    │ AdversarialTrainer             │   Epoch 14 | Batch 63/108 | Loss: 5.1806 (SC: 4.1811, Emo: 0.6836, ID: 3.1592)
2026-04-18 19:47:27 │ DEBUG    │ AdversarialTrainer             │   Epoch 14 | Batch 84/108 | Loss: 6.0977 (SC: 4.1801, Emo: 1.4776, ID: 4.3994)
2026-04-18 19:47:33 │ DEBUG    │ AdversarialTrainer             │   Epoch 14 | Batch 105/108 | Loss: 5.5259 (SC: 4.1708, Emo: 1.0058, ID: 3.4922)
2026-04-18 19:47:40 │ INFO     │ AdversarialTrainer             │ ──────────────────────────────────────────────────────────────────────
2026-04-18 19:47:40 │ INFO     │ AdversarialTrainer             │ Epoch 14/150  [38.1s]  │  LR=0.000010  │  λ_GRL=0.4105
2026-04-18 19:47:40 │ INFO     │ AdversarialTrainer             │   Train │ Loss: 5.5559  (SC: 4.1777 × 1.0 + Emo: 0.9498 + 0.10 × ID: 4.2831)
2026-04-18 19:47:40 │ INFO     │ AdversarialTrainer             │   Train │ EmoAcc: 0.1898  │ IDAcc: 0.0556
2026-04-18 19:47:40 │ INFO     │ AdversarialTrainer             │   Val   │ Loss: 5.3362  (SC: 4.1763)  │ EmoAcc: 0.0444  │ IDAcc: 0.0000
2026-04-18 19:47:40 │ INFO     │ AdversarialTrainer             │ ──────────────────────────────────────────────────────────────────────
2026-04-18 19:47:40 │ DEBUG    │ AdversarialTrainer             │ Checkpoint saved: epoch=14 → C:\Users\Addhyan\Desktop\Thesis\Thesis3\Stage4_TransferLearning\checkpoints\phase2_micro\latest_checkpoint.pth
2026-04-18 19:47:46 │ DEBUG    │ AdversarialTrainer             │   Epoch 15 | Batch 21/108 | Loss: 5.7706 (SC: 4.1683, Emo: 1.3070, ID: 2.9521)
2026-04-18 19:47:52 │ DEBUG    │ AdversarialTrainer             │   Epoch 15 | Batch 42/108 | Loss: 5.8321 (SC: 4.1742, Emo: 1.2686, ID: 3.8926)
2026-04-18 19:47:59 │ DEBUG    │ AdversarialTrainer             │   Epoch 15 | Batch 63/108 | Loss: 5.5201 (SC: 4.1797, Emo: 0.8747, ID: 4.6572)
2026-04-18 19:48:05 │ DEBUG    │ AdversarialTrainer             │   Epoch 15 | Batch 84/108 | Loss: 5.4050 (SC: 4.1828, Emo: 0.8277, ID: 3.9453)
2026-04-18 19:48:11 │ DEBUG    │ AdversarialTrainer             │   Epoch 15 | Batch 105/108 | Loss: 5.8046 (SC: 4.1703, Emo: 1.2706, ID: 3.6367)
2026-04-18 19:48:18 │ INFO     │ AdversarialTrainer             │ ──────────────────────────────────────────────────────────────────────
2026-04-18 19:48:18 │ INFO     │ AdversarialTrainer             │ Epoch 15/150  [38.0s]  │  LR=0.000010  │  λ_GRL=0.4380
2026-04-18 19:48:18 │ INFO     │ AdversarialTrainer             │   Train │ Loss: 5.6015  (SC: 4.1771 × 1.0 + Emo: 1.0105 + 0.10 × ID: 4.1386)
2026-04-18 19:48:18 │ INFO     │ AdversarialTrainer             │   Train │ EmoAcc: 0.2407  │ IDAcc: 0.0556
2026-04-18 19:48:18 │ INFO     │ AdversarialTrainer             │   Val   │ Loss: 5.3388  (SC: 4.1761)  │ EmoAcc: 0.0556  │ IDAcc: 0.0000
2026-04-18 19:48:18 │ INFO     │ AdversarialTrainer             │ ──────────────────────────────────────────────────────────────────────
2026-04-18 19:48:18 │ DEBUG    │ AdversarialTrainer             │ Checkpoint saved: epoch=15 → C:\Users\Addhyan\Desktop\Thesis\Thesis3\Stage4_TransferLearning\checkpoints\phase2_micro\latest_checkpoint.pth
2026-04-18 19:48:24 │ DEBUG    │ AdversarialTrainer             │   Epoch 16 | Batch 21/108 | Loss: 6.4660 (SC: 4.1721, Emo: 1.7406, ID: 5.5332)
2026-04-18 19:48:30 │ DEBUG    │ AdversarialTrainer             │   Epoch 16 | Batch 42/108 | Loss: 4.8886 (SC: 4.1700, Emo: 0.3286, ID: 3.8994)
2026-04-18 19:48:37 │ DEBUG    │ AdversarialTrainer             │   Epoch 16 | Batch 63/108 | Loss: 6.6136 (SC: 4.1687, Emo: 2.0150, ID: 4.2979)
2026-04-18 19:48:43 │ DEBUG    │ AdversarialTrainer             │   Epoch 16 | Batch 84/108 | Loss: 4.8735 (SC: 4.1887, Emo: 0.4223, ID: 2.6260)
2026-04-18 19:48:49 │ DEBUG    │ AdversarialTrainer             │   Epoch 16 | Batch 105/108 | Loss: 5.5175 (SC: 4.1860, Emo: 0.9473, ID: 3.8418)
2026-04-18 19:48:56 │ INFO     │ AdversarialTrainer             │ ──────────────────────────────────────────────────────────────────────
2026-04-18 19:48:56 │ INFO     │ AdversarialTrainer             │ Epoch 16/150  [38.1s]  │  LR=0.000010  │  λ_GRL=0.4648
2026-04-18 19:48:56 │ INFO     │ AdversarialTrainer             │   Train │ Loss: 5.5288  (SC: 4.1760 × 1.0 + Emo: 0.9262 + 0.10 × ID: 4.2665)
2026-04-18 19:48:56 │ INFO     │ AdversarialTrainer             │   Train │ EmoAcc: 0.2917  │ IDAcc: 0.0231
2026-04-18 19:48:56 │ INFO     │ AdversarialTrainer             │   Val   │ Loss: 5.3367  (SC: 4.1783)  │ EmoAcc: 0.0444  │ IDAcc: 0.0000
2026-04-18 19:48:56 │ INFO     │ AdversarialTrainer             │ ──────────────────────────────────────────────────────────────────────
2026-04-18 19:48:56 │ DEBUG    │ AdversarialTrainer             │ Checkpoint saved: epoch=16 → C:\Users\Addhyan\Desktop\Thesis\Thesis3\Stage4_TransferLearning\checkpoints\phase2_micro\latest_checkpoint.pth
2026-04-18 19:49:02 │ DEBUG    │ AdversarialTrainer             │   Epoch 17 | Batch 21/108 | Loss: 7.3760 (SC: 4.1955, Emo: 2.8319, ID: 3.4863)
2026-04-18 19:49:09 │ DEBUG    │ AdversarialTrainer             │   Epoch 17 | Batch 42/108 | Loss: 4.9908 (SC: 4.1787, Emo: 0.4011, ID: 4.1094)
2026-04-18 19:49:15 │ DEBUG    │ AdversarialTrainer             │   Epoch 17 | Batch 63/108 | Loss: 5.9467 (SC: 4.1447, Emo: 1.3028, ID: 4.9922)
2026-04-18 19:49:21 │ DEBUG    │ AdversarialTrainer             │   Epoch 17 | Batch 84/108 | Loss: 6.0428 (SC: 4.1733, Emo: 1.4859, ID: 3.8369)
2026-04-18 19:49:28 │ DEBUG    │ AdversarialTrainer             │   Epoch 17 | Batch 105/108 | Loss: 5.6396 (SC: 4.1653, Emo: 1.0057, ID: 4.6855)
2026-04-18 19:49:34 │ INFO     │ AdversarialTrainer             │ ──────────────────────────────────────────────────────────────────────
2026-04-18 19:49:34 │ INFO     │ AdversarialTrainer             │ Epoch 17/150  [38.1s]  │  LR=0.000010  │  λ_GRL=0.4906
2026-04-18 19:49:34 │ INFO     │ AdversarialTrainer             │   Train │ Loss: 5.6174  (SC: 4.1752 × 1.0 + Emo: 1.0247 + 0.10 × ID: 4.1746)
2026-04-18 19:49:34 │ INFO     │ AdversarialTrainer             │   Train │ EmoAcc: 0.2130  │ IDAcc: 0.0648
2026-04-18 19:49:34 │ INFO     │ AdversarialTrainer             │   Val   │ Loss: 5.3183  (SC: 4.1768)  │ EmoAcc: 0.0556  │ IDAcc: 0.0000
2026-04-18 19:49:34 │ INFO     │ AdversarialTrainer             │ ──────────────────────────────────────────────────────────────────────
2026-04-18 19:49:34 │ DEBUG    │ AdversarialTrainer             │ Checkpoint saved: epoch=17 → C:\Users\Addhyan\Desktop\Thesis\Thesis3\Stage4_TransferLearning\checkpoints\phase2_micro\latest_checkpoint.pth
2026-04-18 19:49:40 │ DEBUG    │ AdversarialTrainer             │   Epoch 18 | Batch 21/108 | Loss: 5.1837 (SC: 4.1674, Emo: 0.4827, ID: 5.3359)
2026-04-18 19:49:47 │ DEBUG    │ AdversarialTrainer             │   Epoch 18 | Batch 42/108 | Loss: 5.0137 (SC: 4.1655, Emo: 0.3269, ID: 5.2129)
2026-04-18 19:49:53 │ DEBUG    │ AdversarialTrainer             │   Epoch 18 | Batch 63/108 | Loss: 5.2405 (SC: 4.1849, Emo: 0.5209, ID: 5.3477)
2026-04-18 19:49:59 │ DEBUG    │ AdversarialTrainer             │   Epoch 18 | Batch 84/108 | Loss: 6.1492 (SC: 4.1719, Emo: 1.3097, ID: 6.6758)
2026-04-18 19:50:06 │ DEBUG    │ AdversarialTrainer             │   Epoch 18 | Batch 105/108 | Loss: 5.3003 (SC: 4.1704, Emo: 0.8400, ID: 2.8994)
2026-04-18 19:50:12 │ INFO     │ AdversarialTrainer             │ ──────────────────────────────────────────────────────────────────────
2026-04-18 19:50:12 │ INFO     │ AdversarialTrainer             │ Epoch 18/150  [38.1s]  │  LR=0.000010  │  λ_GRL=0.5157
2026-04-18 19:50:12 │ INFO     │ AdversarialTrainer             │   Train │ Loss: 5.4884  (SC: 4.1769 × 1.0 + Emo: 0.9011 + 0.10 × ID: 4.1041)
2026-04-18 19:50:12 │ INFO     │ AdversarialTrainer             │   Train │ EmoAcc: 0.2454  │ IDAcc: 0.0509
2026-04-18 19:50:12 │ INFO     │ AdversarialTrainer             │   Val   │ Loss: 5.3484  (SC: 4.1783)  │ EmoAcc: 0.0444  │ IDAcc: 0.0000
2026-04-18 19:50:12 │ INFO     │ AdversarialTrainer             │ ──────────────────────────────────────────────────────────────────────
2026-04-18 19:50:12 │ DEBUG    │ AdversarialTrainer             │ Checkpoint saved: epoch=18 → C:\Users\Addhyan\Desktop\Thesis\Thesis3\Stage4_TransferLearning\checkpoints\phase2_micro\latest_checkpoint.pth
2026-04-18 19:50:19 │ DEBUG    │ AdversarialTrainer             │   Epoch 19 | Batch 21/108 | Loss: 5.0523 (SC: 4.1811, Emo: 0.3715, ID: 4.9980)
2026-04-18 19:50:25 │ DEBUG    │ AdversarialTrainer             │   Epoch 19 | Batch 42/108 | Loss: 5.1415 (SC: 4.1725, Emo: 0.5523, ID: 4.1670)
2026-04-18 19:50:31 │ DEBUG    │ AdversarialTrainer             │   Epoch 19 | Batch 63/108 | Loss: 5.3751 (SC: 4.1730, Emo: 0.8136, ID: 3.8857)
2026-04-18 19:50:38 │ DEBUG    │ AdversarialTrainer             │   Epoch 19 | Batch 84/108 | Loss: 6.2542 (SC: 4.1769, Emo: 1.7398, ID: 3.3740)
2026-04-18 19:50:44 │ DEBUG    │ AdversarialTrainer             │   Epoch 19 | Batch 105/108 | Loss: 5.7480 (SC: 4.1719, Emo: 1.2013, ID: 3.7471)
2026-04-18 19:50:50 │ INFO     │ AdversarialTrainer             │ ──────────────────────────────────────────────────────────────────────
2026-04-18 19:50:50 │ INFO     │ AdversarialTrainer             │ Epoch 19/150  [38.1s]  │  LR=0.000010  │  λ_GRL=0.5399
2026-04-18 19:50:50 │ INFO     │ AdversarialTrainer             │   Train │ Loss: 5.6084  (SC: 4.1755 × 1.0 + Emo: 1.0124 + 0.10 × ID: 4.2059)
2026-04-18 19:50:50 │ INFO     │ AdversarialTrainer             │   Train │ EmoAcc: 0.2130  │ IDAcc: 0.0370
2026-04-18 19:50:50 │ INFO     │ AdversarialTrainer             │   Val   │ Loss: 5.3211  (SC: 4.1747)  │ EmoAcc: 0.0667  │ IDAcc: 0.0000
2026-04-18 19:50:50 │ INFO     │ AdversarialTrainer             │ ──────────────────────────────────────────────────────────────────────
2026-04-18 19:50:50 │ DEBUG    │ AdversarialTrainer             │ Checkpoint saved: epoch=19 → C:\Users\Addhyan\Desktop\Thesis\Thesis3\Stage4_TransferLearning\checkpoints\phase2_micro\latest_checkpoint.pth
2026-04-18 19:50:57 │ DEBUG    │ AdversarialTrainer             │   Epoch 20 | Batch 21/108 | Loss: 5.9244 (SC: 4.2014, Emo: 1.3829, ID: 3.4004)
2026-04-18 19:51:03 │ DEBUG    │ AdversarialTrainer             │   Epoch 20 | Batch 42/108 | Loss: 6.2629 (SC: 4.1670, Emo: 1.7797, ID: 3.1621)
2026-04-18 19:51:09 │ DEBUG    │ AdversarialTrainer             │   Epoch 20 | Batch 63/108 | Loss: 5.4491 (SC: 4.1781, Emo: 0.7562, ID: 5.1484)
2026-04-18 19:51:16 │ DEBUG    │ AdversarialTrainer             │   Epoch 20 | Batch 84/108 | Loss: 5.4171 (SC: 4.1831, Emo: 0.7835, ID: 4.5039)
2026-04-18 19:51:22 │ DEBUG    │ AdversarialTrainer             │   Epoch 20 | Batch 105/108 | Loss: 5.0880 (SC: 4.1865, Emo: 0.4620, ID: 4.3945)
2026-04-18 19:51:28 │ INFO     │ AdversarialTrainer             │ ──────────────────────────────────────────────────────────────────────
2026-04-18 19:51:28 │ INFO     │ AdversarialTrainer             │ Epoch 20/150  [38.1s]  │  LR=0.000010  │  λ_GRL=0.5633
2026-04-18 19:51:28 │ INFO     │ AdversarialTrainer             │   Train │ Loss: 5.5061  (SC: 4.1756 × 1.0 + Emo: 0.9148 + 0.10 × ID: 4.1567)
2026-04-18 19:51:28 │ INFO     │ AdversarialTrainer             │   Train │ EmoAcc: 0.2870  │ IDAcc: 0.0417
2026-04-18 19:51:28 │ INFO     │ AdversarialTrainer             │   Val   │ Loss: 5.3454  (SC: 4.1794)  │ EmoAcc: 0.0222  │ IDAcc: 0.0000
2026-04-18 19:51:28 │ INFO     │ AdversarialTrainer             │ ──────────────────────────────────────────────────────────────────────
2026-04-18 19:51:29 │ DEBUG    │ AdversarialTrainer             │ Checkpoint saved: epoch=20 → C:\Users\Addhyan\Desktop\Thesis\Thesis3\Stage4_TransferLearning\checkpoints\phase2_micro\latest_checkpoint.pth
2026-04-18 19:51:35 │ DEBUG    │ AdversarialTrainer             │   Epoch 21 | Batch 21/108 | Loss: 5.8265 (SC: 4.1741, Emo: 1.1203, ID: 5.3203)
2026-04-18 19:51:41 │ DEBUG    │ AdversarialTrainer             │   Epoch 21 | Batch 42/108 | Loss: 4.9466 (SC: 4.1683, Emo: 0.4993, ID: 2.7900)
2026-04-18 19:51:48 │ DEBUG    │ AdversarialTrainer             │   Epoch 21 | Batch 63/108 | Loss: 5.4274 (SC: 4.1717, Emo: 0.8095, ID: 4.4629)
2026-04-18 19:51:54 │ DEBUG    │ AdversarialTrainer             │   Epoch 21 | Batch 84/108 | Loss: 5.2828 (SC: 4.1815, Emo: 0.7376, ID: 3.6377)
2026-04-18 19:52:00 │ DEBUG    │ AdversarialTrainer             │   Epoch 21 | Batch 105/108 | Loss: 5.4724 (SC: 4.1832, Emo: 0.8564, ID: 4.3281)
2026-04-18 19:52:07 │ INFO     │ AdversarialTrainer             │ ──────────────────────────────────────────────────────────────────────
2026-04-18 19:52:07 │ INFO     │ AdversarialTrainer             │ Epoch 21/150  [38.2s]  │  LR=0.000010  │  λ_GRL=0.5857
2026-04-18 19:52:07 │ INFO     │ AdversarialTrainer             │   Train │ Loss: 5.5596  (SC: 4.1769 × 1.0 + Emo: 0.9585 + 0.10 × ID: 4.2419)
2026-04-18 19:52:07 │ INFO     │ AdversarialTrainer             │   Train │ EmoAcc: 0.2593  │ IDAcc: 0.0324
2026-04-18 19:52:07 │ INFO     │ AdversarialTrainer             │   Val   │ Loss: 5.3316  (SC: 4.1735)  │ EmoAcc: 0.0444  │ IDAcc: 0.0000
2026-04-18 19:52:07 │ INFO     │ AdversarialTrainer             │ ──────────────────────────────────────────────────────────────────────
2026-04-18 19:52:07 │ DEBUG    │ AdversarialTrainer             │ Checkpoint saved: epoch=21 → C:\Users\Addhyan\Desktop\Thesis\Thesis3\Stage4_TransferLearning\checkpoints\phase2_micro\latest_checkpoint.pth
2026-04-18 19:52:13 │ DEBUG    │ AdversarialTrainer             │   Epoch 22 | Batch 21/108 | Loss: 5.2722 (SC: 4.1649, Emo: 0.8406, ID: 2.6670)
2026-04-18 19:52:19 │ DEBUG    │ AdversarialTrainer             │   Epoch 22 | Batch 42/108 | Loss: 5.0194 (SC: 4.1743, Emo: 0.3010, ID: 5.4414)
2026-04-18 19:52:26 │ DEBUG    │ AdversarialTrainer             │   Epoch 22 | Batch 63/108 | Loss: 5.2744 (SC: 4.1822, Emo: 0.8554, ID: 2.3682)
2026-04-18 19:52:32 │ DEBUG    │ AdversarialTrainer             │   Epoch 22 | Batch 84/108 | Loss: 5.4693 (SC: 4.1625, Emo: 0.7987, ID: 5.0801)
2026-04-18 19:52:38 │ DEBUG    │ AdversarialTrainer             │   Epoch 22 | Batch 105/108 | Loss: 5.4368 (SC: 4.1589, Emo: 0.8170, ID: 4.6094)
2026-04-18 19:52:45 │ INFO     │ AdversarialTrainer             │ ──────────────────────────────────────────────────────────────────────
2026-04-18 19:52:45 │ INFO     │ AdversarialTrainer             │ Epoch 22/150  [38.0s]  │  LR=0.000010  │  λ_GRL=0.6073
2026-04-18 19:52:45 │ INFO     │ AdversarialTrainer             │   Train │ Loss: 5.5711  (SC: 4.1756 × 1.0 + Emo: 0.9734 + 0.10 × ID: 4.2208)
2026-04-18 19:52:45 │ INFO     │ AdversarialTrainer             │   Train │ EmoAcc: 0.2130  │ IDAcc: 0.0509
2026-04-18 19:52:45 │ INFO     │ AdversarialTrainer             │   Val   │ Loss: 5.3262  (SC: 4.1765)  │ EmoAcc: 0.0778  │ IDAcc: 0.0000
2026-04-18 19:52:45 │ INFO     │ AdversarialTrainer             │ ──────────────────────────────────────────────────────────────────────
2026-04-18 19:52:45 │ DEBUG    │ AdversarialTrainer             │ Checkpoint saved: epoch=22 → C:\Users\Addhyan\Desktop\Thesis\Thesis3\Stage4_TransferLearning\checkpoints\phase2_micro\latest_checkpoint.pth
2026-04-18 19:52:51 │ DEBUG    │ AdversarialTrainer             │   Epoch 23 | Batch 21/108 | Loss: 5.6508 (SC: 4.1741, Emo: 0.9612, ID: 5.1543)
2026-04-18 19:52:57 │ DEBUG    │ AdversarialTrainer             │   Epoch 23 | Batch 42/108 | Loss: 5.6790 (SC: 4.1810, Emo: 1.0297, ID: 4.6836)
2026-04-18 19:53:04 │ DEBUG    │ AdversarialTrainer             │   Epoch 23 | Batch 63/108 | Loss: 5.1837 (SC: 4.1805, Emo: 0.7825, ID: 2.2070)
2026-04-18 19:53:10 │ DEBUG    │ AdversarialTrainer             │   Epoch 23 | Batch 84/108 | Loss: 5.4360 (SC: 4.1819, Emo: 0.9289, ID: 3.2510)
2026-04-18 19:53:16 │ DEBUG    │ AdversarialTrainer             │   Epoch 23 | Batch 105/108 | Loss: 6.6176 (SC: 4.1626, Emo: 2.0680, ID: 3.8701)
2026-04-18 19:53:23 │ INFO     │ AdversarialTrainer             │ ──────────────────────────────────────────────────────────────────────
2026-04-18 19:53:23 │ INFO     │ AdversarialTrainer             │ Epoch 23/150  [38.0s]  │  LR=0.000009  │  λ_GRL=0.6281
2026-04-18 19:53:23 │ INFO     │ AdversarialTrainer             │   Train │ Loss: 5.5807  (SC: 4.1749 × 1.0 + Emo: 0.9890 + 0.10 × ID: 4.1681)
2026-04-18 19:53:23 │ INFO     │ AdversarialTrainer             │   Train │ EmoAcc: 0.2593  │ IDAcc: 0.0370
2026-04-18 19:53:23 │ INFO     │ AdversarialTrainer             │   Val   │ Loss: 5.3392  (SC: 4.1755)  │ EmoAcc: 0.0556  │ IDAcc: 0.0000
2026-04-18 19:53:23 │ INFO     │ AdversarialTrainer             │ ──────────────────────────────────────────────────────────────────────
2026-04-18 19:53:23 │ DEBUG    │ AdversarialTrainer             │ Checkpoint saved: epoch=23 → C:\Users\Addhyan\Desktop\Thesis\Thesis3\Stage4_TransferLearning\checkpoints\phase2_micro\latest_checkpoint.pth
2026-04-18 19:53:29 │ DEBUG    │ AdversarialTrainer             │   Epoch 24 | Batch 21/108 | Loss: 6.0579 (SC: 4.1498, Emo: 1.3939, ID: 5.1426)
2026-04-18 19:53:35 │ DEBUG    │ AdversarialTrainer             │   Epoch 24 | Batch 42/108 | Loss: 5.3308 (SC: 4.1774, Emo: 0.6069, ID: 5.4648)
2026-04-18 19:53:42 │ DEBUG    │ AdversarialTrainer             │   Epoch 24 | Batch 63/108 | Loss: 5.0721 (SC: 4.1655, Emo: 0.4681, ID: 4.3857)
2026-04-18 19:53:48 │ DEBUG    │ AdversarialTrainer             │   Epoch 24 | Batch 84/108 | Loss: 5.2796 (SC: 4.1824, Emo: 0.7412, ID: 3.5596)
2026-04-18 19:53:55 │ DEBUG    │ AdversarialTrainer             │   Epoch 24 | Batch 105/108 | Loss: 5.3670 (SC: 4.1793, Emo: 0.6289, ID: 5.5879)
2026-04-18 19:54:01 │ INFO     │ AdversarialTrainer             │ ──────────────────────────────────────────────────────────────────────
2026-04-18 19:54:01 │ INFO     │ AdversarialTrainer             │ Epoch 24/150  [38.1s]  │  LR=0.000009  │  λ_GRL=0.6480
2026-04-18 19:54:01 │ INFO     │ AdversarialTrainer             │   Train │ Loss: 5.6268  (SC: 4.1759 × 1.0 + Emo: 1.0313 + 0.10 × ID: 4.1953)
2026-04-18 19:54:01 │ INFO     │ AdversarialTrainer             │   Train │ EmoAcc: 0.2130  │ IDAcc: 0.0509
2026-04-18 19:54:01 │ INFO     │ AdversarialTrainer             │   Val   │ Loss: 5.3456  (SC: 4.1766)  │ EmoAcc: 0.0333  │ IDAcc: 0.0000
2026-04-18 19:54:01 │ INFO     │ AdversarialTrainer             │ ──────────────────────────────────────────────────────────────────────
2026-04-18 19:54:01 │ DEBUG    │ AdversarialTrainer             │ Checkpoint saved: epoch=24 → C:\Users\Addhyan\Desktop\Thesis\Thesis3\Stage4_TransferLearning\checkpoints\phase2_micro\latest_checkpoint.pth
2026-04-18 19:54:07 │ DEBUG    │ AdversarialTrainer             │   Epoch 25 | Batch 21/108 | Loss: 5.2353 (SC: 4.1798, Emo: 0.6939, ID: 3.6162)
2026-04-18 19:54:14 │ DEBUG    │ AdversarialTrainer             │   Epoch 25 | Batch 42/108 | Loss: 5.5138 (SC: 4.1657, Emo: 0.9637, ID: 3.8438)
2026-04-18 19:54:20 │ DEBUG    │ AdversarialTrainer             │   Epoch 25 | Batch 63/108 | Loss: 5.9660 (SC: 4.1811, Emo: 1.4524, ID: 3.3242)
2026-04-18 19:54:26 │ DEBUG    │ AdversarialTrainer             │   Epoch 25 | Batch 84/108 | Loss: 5.0862 (SC: 4.1600, Emo: 0.5396, ID: 3.8662)
2026-04-18 19:54:33 │ DEBUG    │ AdversarialTrainer             │   Epoch 25 | Batch 105/108 | Loss: 7.0834 (SC: 4.1785, Emo: 2.4163, ID: 4.8848)
2026-04-18 19:54:39 │ INFO     │ AdversarialTrainer             │ ──────────────────────────────────────────────────────────────────────
2026-04-18 19:54:39 │ INFO     │ AdversarialTrainer             │ Epoch 25/150  [38.0s]  │  LR=0.000009  │  λ_GRL=0.6670
2026-04-18 19:54:39 │ INFO     │ AdversarialTrainer             │   Train │ Loss: 5.6278  (SC: 4.1761 × 1.0 + Emo: 1.0226 + 0.10 × ID: 4.2910)
2026-04-18 19:54:39 │ INFO     │ AdversarialTrainer             │   Train │ EmoAcc: 0.2222  │ IDAcc: 0.0417
2026-04-18 19:54:39 │ INFO     │ AdversarialTrainer             │   Val   │ Loss: 5.3514  (SC: 4.1778)  │ EmoAcc: 0.0444  │ IDAcc: 0.0000
2026-04-18 19:54:39 │ INFO     │ AdversarialTrainer             │ ──────────────────────────────────────────────────────────────────────
2026-04-18 19:54:39 │ DEBUG    │ AdversarialTrainer             │ Checkpoint saved: epoch=25 → C:\Users\Addhyan\Desktop\Thesis\Thesis3\Stage4_TransferLearning\checkpoints\phase2_micro\latest_checkpoint.pth
2026-04-18 19:54:45 │ DEBUG    │ AdversarialTrainer             │   Epoch 26 | Batch 21/108 | Loss: 6.6089 (SC: 4.1715, Emo: 1.9487, ID: 4.8857)
2026-04-18 19:54:52 │ DEBUG    │ AdversarialTrainer             │   Epoch 26 | Batch 42/108 | Loss: 5.1655 (SC: 4.1680, Emo: 0.5811, ID: 4.1641)
2026-04-18 19:54:58 │ DEBUG    │ AdversarialTrainer             │   Epoch 26 | Batch 63/108 | Loss: 5.1718 (SC: 4.1701, Emo: 0.6719, ID: 3.2979)
2026-04-18 19:55:04 │ DEBUG    │ AdversarialTrainer             │   Epoch 26 | Batch 84/108 | Loss: 6.2571 (SC: 4.1817, Emo: 1.6975, ID: 3.7793)
2026-04-18 19:55:11 │ DEBUG    │ AdversarialTrainer             │   Epoch 26 | Batch 105/108 | Loss: 5.0048 (SC: 4.1687, Emo: 0.3572, ID: 4.7891)
2026-04-18 19:55:17 │ INFO     │ AdversarialTrainer             │ ──────────────────────────────────────────────────────────────────────
2026-04-18 19:55:17 │ INFO     │ AdversarialTrainer             │ Epoch 26/150  [38.1s]  │  LR=0.000009  │  λ_GRL=0.6852
2026-04-18 19:55:17 │ INFO     │ AdversarialTrainer             │   Train │ Loss: 5.5619  (SC: 4.1766 × 1.0 + Emo: 0.9656 + 0.10 × ID: 4.1966)
2026-04-18 19:55:17 │ INFO     │ AdversarialTrainer             │   Train │ EmoAcc: 0.2454  │ IDAcc: 0.0278
2026-04-18 19:55:17 │ INFO     │ AdversarialTrainer             │   Val   │ Loss: 5.3220  (SC: 4.1767)  │ EmoAcc: 0.0889  │ IDAcc: 0.0000
2026-04-18 19:55:17 │ INFO     │ AdversarialTrainer             │ ──────────────────────────────────────────────────────────────────────
2026-04-18 19:55:17 │ DEBUG    │ AdversarialTrainer             │ Checkpoint saved: epoch=26 → C:\Users\Addhyan\Desktop\Thesis\Thesis3\Stage4_TransferLearning\checkpoints\phase2_micro\latest_checkpoint.pth
2026-04-18 19:55:23 │ DEBUG    │ AdversarialTrainer             │   Epoch 27 | Batch 21/108 | Loss: 5.8910 (SC: 4.1746, Emo: 1.3492, ID: 3.6719)
2026-04-18 19:55:30 │ DEBUG    │ AdversarialTrainer             │   Epoch 27 | Batch 42/108 | Loss: 5.2671 (SC: 4.1869, Emo: 0.6694, ID: 4.1084)
2026-04-18 19:55:36 │ DEBUG    │ AdversarialTrainer             │   Epoch 27 | Batch 63/108 | Loss: 5.7235 (SC: 4.1820, Emo: 1.0313, ID: 5.1025)
2026-04-18 19:55:42 │ DEBUG    │ AdversarialTrainer             │   Epoch 27 | Batch 84/108 | Loss: 6.0805 (SC: 4.1687, Emo: 1.6354, ID: 2.7646)
2026-04-18 19:55:49 │ DEBUG    │ AdversarialTrainer             │   Epoch 27 | Batch 105/108 | Loss: 5.3568 (SC: 4.1806, Emo: 0.8342, ID: 3.4199)
2026-04-18 19:55:55 │ INFO     │ AdversarialTrainer             │ ──────────────────────────────────────────────────────────────────────
2026-04-18 19:55:55 │ INFO     │ AdversarialTrainer             │ Epoch 27/150  [38.1s]  │  LR=0.000009  │  λ_GRL=0.7026
2026-04-18 19:55:55 │ INFO     │ AdversarialTrainer             │   Train │ Loss: 5.5616  (SC: 4.1747 × 1.0 + Emo: 0.9672 + 0.10 × ID: 4.1968)
2026-04-18 19:55:55 │ INFO     │ AdversarialTrainer             │   Train │ EmoAcc: 0.2222  │ IDAcc: 0.0324
2026-04-18 19:55:55 │ INFO     │ AdversarialTrainer             │   Val   │ Loss: 5.3123  (SC: 4.1761)  │ EmoAcc: 0.1333  │ IDAcc: 0.0000
2026-04-18 19:55:55 │ INFO     │ AdversarialTrainer             │ ──────────────────────────────────────────────────────────────────────
2026-04-18 19:55:55 │ DEBUG    │ AdversarialTrainer             │ Checkpoint saved: epoch=27 → C:\Users\Addhyan\Desktop\Thesis\Thesis3\Stage4_TransferLearning\checkpoints\phase2_micro\latest_checkpoint.pth
2026-04-18 19:56:02 │ DEBUG    │ AdversarialTrainer             │   Epoch 28 | Batch 21/108 | Loss: 5.3659 (SC: 4.1756, Emo: 0.7599, ID: 4.3047)
2026-04-18 19:56:08 │ DEBUG    │ AdversarialTrainer             │   Epoch 28 | Batch 42/108 | Loss: 5.9718 (SC: 4.1817, Emo: 1.3170, ID: 4.7305)
2026-04-18 19:56:14 │ DEBUG    │ AdversarialTrainer             │   Epoch 28 | Batch 63/108 | Loss: 5.0008 (SC: 4.1668, Emo: 0.4347, ID: 3.9941)
2026-04-18 19:56:21 │ DEBUG    │ AdversarialTrainer             │   Epoch 28 | Batch 84/108 | Loss: 4.9716 (SC: 4.1910, Emo: 0.6045, ID: 1.7603)
2026-04-18 19:56:27 │ DEBUG    │ AdversarialTrainer             │   Epoch 28 | Batch 105/108 | Loss: 5.3404 (SC: 4.1849, Emo: 0.6590, ID: 4.9648)
2026-04-18 19:56:33 │ INFO     │ AdversarialTrainer             │ ──────────────────────────────────────────────────────────────────────
2026-04-18 19:56:33 │ INFO     │ AdversarialTrainer             │ Epoch 28/150  [38.0s]  │  LR=0.000009  │  λ_GRL=0.7192
2026-04-18 19:56:33 │ INFO     │ AdversarialTrainer             │   Train │ Loss: 5.5245  (SC: 4.1780 × 1.0 + Emo: 0.9259 + 0.10 × ID: 4.2056)
2026-04-18 19:56:33 │ INFO     │ AdversarialTrainer             │   Train │ EmoAcc: 0.2593  │ IDAcc: 0.0185
2026-04-18 19:56:33 │ INFO     │ AdversarialTrainer             │   Val   │ Loss: 5.3332  (SC: 4.1767)  │ EmoAcc: 0.0556  │ IDAcc: 0.0000
2026-04-18 19:56:33 │ INFO     │ AdversarialTrainer             │ ──────────────────────────────────────────────────────────────────────
2026-04-18 19:56:33 │ DEBUG    │ AdversarialTrainer             │ Checkpoint saved: epoch=28 → C:\Users\Addhyan\Desktop\Thesis\Thesis3\Stage4_TransferLearning\checkpoints\phase2_micro\latest_checkpoint.pth
2026-04-18 19:56:40 │ DEBUG    │ AdversarialTrainer             │   Epoch 29 | Batch 21/108 | Loss: 5.6704 (SC: 4.2113, Emo: 1.0392, ID: 4.1992)
2026-04-18 19:56:46 │ DEBUG    │ AdversarialTrainer             │   Epoch 29 | Batch 42/108 | Loss: 5.0627 (SC: 4.1809, Emo: 0.4322, ID: 4.4951)
2026-04-18 19:56:52 │ DEBUG    │ AdversarialTrainer             │   Epoch 29 | Batch 63/108 | Loss: 5.8418 (SC: 4.1705, Emo: 1.2373, ID: 4.3398)
2026-04-18 19:56:59 │ DEBUG    │ AdversarialTrainer             │   Epoch 29 | Batch 84/108 | Loss: 6.0143 (SC: 4.1706, Emo: 1.3626, ID: 4.8105)
2026-04-18 19:57:05 │ DEBUG    │ AdversarialTrainer             │   Epoch 29 | Batch 105/108 | Loss: 5.5730 (SC: 4.1711, Emo: 0.9816, ID: 4.2031)
2026-04-18 19:57:11 │ INFO     │ AdversarialTrainer             │ ──────────────────────────────────────────────────────────────────────
2026-04-18 19:57:11 │ INFO     │ AdversarialTrainer             │ Epoch 29/150  [38.0s]  │  LR=0.000009  │  λ_GRL=0.7350
2026-04-18 19:57:11 │ INFO     │ AdversarialTrainer             │   Train │ Loss: 5.4941  (SC: 4.1760 × 1.0 + Emo: 0.8995 + 0.10 × ID: 4.1862)
2026-04-18 19:57:11 │ INFO     │ AdversarialTrainer             │   Train │ EmoAcc: 0.2639  │ IDAcc: 0.0463
2026-04-18 19:57:11 │ INFO     │ AdversarialTrainer             │   Val   │ Loss: 5.3218  (SC: 4.1759)  │ EmoAcc: 0.0778  │ IDAcc: 0.0000
2026-04-18 19:57:11 │ INFO     │ AdversarialTrainer             │ ──────────────────────────────────────────────────────────────────────
2026-04-18 19:57:11 │ DEBUG    │ AdversarialTrainer             │ Checkpoint saved: epoch=29 → C:\Users\Addhyan\Desktop\Thesis\Thesis3\Stage4_TransferLearning\checkpoints\phase2_micro\latest_checkpoint.pth
2026-04-18 19:57:18 │ DEBUG    │ AdversarialTrainer             │   Epoch 30 | Batch 21/108 | Loss: 5.2125 (SC: 4.1808, Emo: 0.7019, ID: 3.2988)
2026-04-18 19:57:24 │ DEBUG    │ AdversarialTrainer             │   Epoch 30 | Batch 42/108 | Loss: 5.3897 (SC: 4.1900, Emo: 0.7547, ID: 4.4492)
2026-04-18 19:57:30 │ DEBUG    │ AdversarialTrainer             │   Epoch 30 | Batch 63/108 | Loss: 5.4473 (SC: 4.1757, Emo: 0.8807, ID: 3.9092)
2026-04-18 19:57:37 │ DEBUG    │ AdversarialTrainer             │   Epoch 30 | Batch 84/108 | Loss: 5.0390 (SC: 4.1734, Emo: 0.5188, ID: 3.4688)
2026-04-18 19:57:43 │ DEBUG    │ AdversarialTrainer             │   Epoch 30 | Batch 105/108 | Loss: 5.6801 (SC: 4.1755, Emo: 1.0869, ID: 4.1777)
2026-04-18 19:57:49 │ INFO     │ AdversarialTrainer             │ ──────────────────────────────────────────────────────────────────────
2026-04-18 19:57:49 │ INFO     │ AdversarialTrainer             │ Epoch 30/150  [38.1s]  │  LR=0.000009  │  λ_GRL=0.7501
2026-04-18 19:57:49 │ INFO     │ AdversarialTrainer             │   Train │ Loss: 5.5816  (SC: 4.1751 × 1.0 + Emo: 0.9844 + 0.10 × ID: 4.2214)
2026-04-18 19:57:49 │ INFO     │ AdversarialTrainer             │   Train │ EmoAcc: 0.2037  │ IDAcc: 0.0417
2026-04-18 19:57:49 │ INFO     │ AdversarialTrainer             │   Val   │ Loss: 5.3281  (SC: 4.1781)  │ EmoAcc: 0.1111  │ IDAcc: 0.0000
2026-04-18 19:57:49 │ INFO     │ AdversarialTrainer             │ ──────────────────────────────────────────────────────────────────────
2026-04-18 19:57:49 │ DEBUG    │ AdversarialTrainer             │ Checkpoint saved: epoch=30 → C:\Users\Addhyan\Desktop\Thesis\Thesis3\Stage4_TransferLearning\checkpoints\phase2_micro\latest_checkpoint.pth
2026-04-18 19:57:56 │ DEBUG    │ AdversarialTrainer             │   Epoch 31 | Batch 21/108 | Loss: 6.1627 (SC: 4.1535, Emo: 1.5704, ID: 4.3877)
2026-04-18 19:58:02 │ DEBUG    │ AdversarialTrainer             │   Epoch 31 | Batch 42/108 | Loss: 5.7794 (SC: 4.1682, Emo: 1.2171, ID: 3.9414)
2026-04-18 19:58:08 │ DEBUG    │ AdversarialTrainer             │   Epoch 31 | Batch 63/108 | Loss: 5.3617 (SC: 4.1849, Emo: 0.7418, ID: 4.3496)
2026-04-18 19:58:15 │ DEBUG    │ AdversarialTrainer             │   Epoch 31 | Batch 84/108 | Loss: 5.8460 (SC: 4.1805, Emo: 1.3459, ID: 3.1953)
2026-04-18 19:58:21 │ DEBUG    │ AdversarialTrainer             │   Epoch 31 | Batch 105/108 | Loss: 5.2866 (SC: 4.1784, Emo: 0.6732, ID: 4.3496)
2026-04-18 19:58:27 │ INFO     │ AdversarialTrainer             │ ──────────────────────────────────────────────────────────────────────
2026-04-18 19:58:27 │ INFO     │ AdversarialTrainer             │ Epoch 31/150  [38.0s]  │  LR=0.000009  │  λ_GRL=0.7644
2026-04-18 19:58:27 │ INFO     │ AdversarialTrainer             │   Train │ Loss: 5.6164  (SC: 4.1754 × 1.0 + Emo: 1.0165 + 0.10 × ID: 4.2455)
2026-04-18 19:58:27 │ INFO     │ AdversarialTrainer             │   Train │ EmoAcc: 0.2130  │ IDAcc: 0.0278
2026-04-18 19:58:27 │ INFO     │ AdversarialTrainer             │   Val   │ Loss: 5.3326  (SC: 4.1758)  │ EmoAcc: 0.0556  │ IDAcc: 0.0000
2026-04-18 19:58:27 │ INFO     │ AdversarialTrainer             │ ──────────────────────────────────────────────────────────────────────
2026-04-18 19:58:27 │ DEBUG    │ AdversarialTrainer             │ Checkpoint saved: epoch=31 → C:\Users\Addhyan\Desktop\Thesis\Thesis3\Stage4_TransferLearning\checkpoints\phase2_micro\latest_checkpoint.pth
2026-04-18 19:58:34 │ DEBUG    │ AdversarialTrainer             │   Epoch 32 | Batch 21/108 | Loss: 4.9361 (SC: 4.1807, Emo: 0.2968, ID: 4.5859)
2026-04-18 19:58:40 │ DEBUG    │ AdversarialTrainer             │   Epoch 32 | Batch 42/108 | Loss: 5.9766 (SC: 4.1750, Emo: 1.3764, ID: 4.2520)
2026-04-18 19:58:47 │ DEBUG    │ AdversarialTrainer             │   Epoch 32 | Batch 63/108 | Loss: 6.0267 (SC: 4.1753, Emo: 1.4231, ID: 4.2832)
2026-04-18 19:58:53 │ DEBUG    │ AdversarialTrainer             │   Epoch 32 | Batch 84/108 | Loss: 4.8801 (SC: 4.1834, Emo: 0.4266, ID: 2.7012)
2026-04-18 19:58:59 │ DEBUG    │ AdversarialTrainer             │   Epoch 32 | Batch 105/108 | Loss: 4.9162 (SC: 4.1801, Emo: 0.2672, ID: 4.6895)
2026-04-18 19:59:06 │ INFO     │ AdversarialTrainer             │ ──────────────────────────────────────────────────────────────────────
2026-04-18 19:59:06 │ INFO     │ AdversarialTrainer             │ Epoch 32/150  [38.0s]  │  LR=0.000009  │  λ_GRL=0.7780
2026-04-18 19:59:06 │ INFO     │ AdversarialTrainer             │   Train │ Loss: 5.6024  (SC: 4.1772 × 1.0 + Emo: 0.9981 + 0.10 × ID: 4.2715)
2026-04-18 19:59:06 │ INFO     │ AdversarialTrainer             │   Train │ EmoAcc: 0.2407  │ IDAcc: 0.0231
2026-04-18 19:59:06 │ INFO     │ AdversarialTrainer             │   Val   │ Loss: 5.3399  (SC: 4.1769)  │ EmoAcc: 0.0556  │ IDAcc: 0.0000
2026-04-18 19:59:06 │ INFO     │ AdversarialTrainer             │ ──────────────────────────────────────────────────────────────────────
2026-04-18 19:59:06 │ DEBUG    │ AdversarialTrainer             │ Checkpoint saved: epoch=32 → C:\Users\Addhyan\Desktop\Thesis\Thesis3\Stage4_TransferLearning\checkpoints\phase2_micro\latest_checkpoint.pth
2026-04-18 19:59:12 │ DEBUG    │ AdversarialTrainer             │   Epoch 33 | Batch 21/108 | Loss: 6.2142 (SC: 4.1659, Emo: 1.7408, ID: 3.0747)
2026-04-18 19:59:18 │ DEBUG    │ AdversarialTrainer             │   Epoch 33 | Batch 42/108 | Loss: 5.1286 (SC: 4.1682, Emo: 0.5034, ID: 4.5693)
2026-04-18 19:59:25 │ DEBUG    │ AdversarialTrainer             │   Epoch 33 | Batch 63/108 | Loss: 5.0868 (SC: 4.1754, Emo: 0.4660, ID: 4.4541)
2026-04-18 19:59:31 │ DEBUG    │ AdversarialTrainer             │   Epoch 33 | Batch 84/108 | Loss: 5.1907 (SC: 4.1889, Emo: 0.5706, ID: 4.3115)
2026-04-18 19:59:37 │ DEBUG    │ AdversarialTrainer             │   Epoch 33 | Batch 105/108 | Loss: 5.9338 (SC: 4.1765, Emo: 1.3407, ID: 4.1660)
2026-04-18 19:59:44 │ INFO     │ AdversarialTrainer             │ ──────────────────────────────────────────────────────────────────────
2026-04-18 19:59:44 │ INFO     │ AdversarialTrainer             │ Epoch 33/150  [38.0s]  │  LR=0.000009  │  λ_GRL=0.7909
2026-04-18 19:59:44 │ INFO     │ AdversarialTrainer             │   Train │ Loss: 5.5553  (SC: 4.1761 × 1.0 + Emo: 0.9461 + 0.10 × ID: 4.3307)
2026-04-18 19:59:44 │ INFO     │ AdversarialTrainer             │   Train │ EmoAcc: 0.2454  │ IDAcc: 0.0370
2026-04-18 19:59:44 │ INFO     │ AdversarialTrainer             │   Val   │ Loss: 5.3506  (SC: 4.1756)  │ EmoAcc: 0.0333  │ IDAcc: 0.0000
2026-04-18 19:59:44 │ INFO     │ AdversarialTrainer             │ ──────────────────────────────────────────────────────────────────────
2026-04-18 19:59:44 │ DEBUG    │ AdversarialTrainer             │ Checkpoint saved: epoch=33 → C:\Users\Addhyan\Desktop\Thesis\Thesis3\Stage4_TransferLearning\checkpoints\phase2_micro\latest_checkpoint.pth
2026-04-18 19:59:50 │ DEBUG    │ AdversarialTrainer             │   Epoch 34 | Batch 21/108 | Loss: 5.2615 (SC: 4.1652, Emo: 0.6454, ID: 4.5088)
2026-04-18 19:59:56 │ DEBUG    │ AdversarialTrainer             │   Epoch 34 | Batch 42/108 | Loss: 5.2091 (SC: 4.1711, Emo: 0.5130, ID: 5.2500)
2026-04-18 20:00:03 │ DEBUG    │ AdversarialTrainer             │   Epoch 34 | Batch 63/108 | Loss: 4.7657 (SC: 4.1702, Emo: 0.2173, ID: 3.7812)
2026-04-18 20:00:09 │ DEBUG    │ AdversarialTrainer             │   Epoch 34 | Batch 84/108 | Loss: 5.4386 (SC: 4.1766, Emo: 0.8669, ID: 3.9502)
2026-04-18 20:00:15 │ DEBUG    │ AdversarialTrainer             │   Epoch 34 | Batch 105/108 | Loss: 4.8787 (SC: 4.1720, Emo: 0.3860, ID: 3.2061)
2026-04-18 20:00:22 │ INFO     │ AdversarialTrainer             │ ──────────────────────────────────────────────────────────────────────
2026-04-18 20:00:22 │ INFO     │ AdversarialTrainer             │ Epoch 34/150  [38.0s]  │  LR=0.000009  │  λ_GRL=0.8031
2026-04-18 20:00:22 │ INFO     │ AdversarialTrainer             │   Train │ Loss: 5.5350  (SC: 4.1759 × 1.0 + Emo: 0.9388 + 0.10 × ID: 4.2024)
2026-04-18 20:00:22 │ INFO     │ AdversarialTrainer             │   Train │ EmoAcc: 0.2778  │ IDAcc: 0.0370
2026-04-18 20:00:22 │ INFO     │ AdversarialTrainer             │   Val   │ Loss: 5.3429  (SC: 4.1748)  │ EmoAcc: 0.0667  │ IDAcc: 0.0000
2026-04-18 20:00:22 │ INFO     │ AdversarialTrainer             │ ──────────────────────────────────────────────────────────────────────
2026-04-18 20:00:22 │ DEBUG    │ AdversarialTrainer             │ Checkpoint saved: epoch=34 → C:\Users\Addhyan\Desktop\Thesis\Thesis3\Stage4_TransferLearning\checkpoints\phase2_micro\latest_checkpoint.pth
2026-04-18 20:00:28 │ DEBUG    │ AdversarialTrainer             │   Epoch 35 | Batch 21/108 | Loss: 6.4444 (SC: 4.1578, Emo: 1.8527, ID: 4.3389)
2026-04-18 20:00:34 │ DEBUG    │ AdversarialTrainer             │   Epoch 35 | Batch 42/108 | Loss: 5.0086 (SC: 4.1857, Emo: 0.5242, ID: 2.9873)
2026-04-18 20:00:41 │ DEBUG    │ AdversarialTrainer             │   Epoch 35 | Batch 63/108 | Loss: 5.8455 (SC: 4.1713, Emo: 1.2192, ID: 4.5503)
2026-04-18 20:00:47 │ DEBUG    │ AdversarialTrainer             │   Epoch 35 | Batch 84/108 | Loss: 5.1440 (SC: 4.1819, Emo: 0.6249, ID: 3.3721)
2026-04-18 20:00:53 │ DEBUG    │ AdversarialTrainer             │   Epoch 35 | Batch 105/108 | Loss: 5.5724 (SC: 4.1720, Emo: 0.9577, ID: 4.4268)
2026-04-18 20:01:00 │ INFO     │ AdversarialTrainer             │ ──────────────────────────────────────────────────────────────────────
2026-04-18 20:01:00 │ INFO     │ AdversarialTrainer             │ Epoch 35/150  [38.1s]  │  LR=0.000009  │  λ_GRL=0.8147
2026-04-18 20:01:00 │ INFO     │ AdversarialTrainer             │   Train │ Loss: 5.5063  (SC: 4.1760 × 1.0 + Emo: 0.9106 + 0.10 × ID: 4.1979)
2026-04-18 20:01:00 │ INFO     │ AdversarialTrainer             │   Train │ EmoAcc: 0.2222  │ IDAcc: 0.0370
2026-04-18 20:01:00 │ INFO     │ AdversarialTrainer             │   Val   │ Loss: 5.3463  (SC: 4.1778)  │ EmoAcc: 0.0444  │ IDAcc: 0.0000
2026-04-18 20:01:00 │ INFO     │ AdversarialTrainer             │ ──────────────────────────────────────────────────────────────────────
2026-04-18 20:01:00 │ DEBUG    │ AdversarialTrainer             │ Checkpoint saved: epoch=35 → C:\Users\Addhyan\Desktop\Thesis\Thesis3\Stage4_TransferLearning\checkpoints\phase2_micro\latest_checkpoint.pth
2026-04-18 20:01:06 │ DEBUG    │ AdversarialTrainer             │   Epoch 36 | Batch 21/108 | Loss: 5.4647 (SC: 4.1645, Emo: 0.8853, ID: 4.1484)
2026-04-18 20:01:12 │ DEBUG    │ AdversarialTrainer             │   Epoch 36 | Batch 42/108 | Loss: 5.6795 (SC: 4.1768, Emo: 0.9666, ID: 5.3613)
2026-04-18 20:01:19 │ DEBUG    │ AdversarialTrainer             │   Epoch 36 | Batch 63/108 | Loss: 5.3935 (SC: 4.1692, Emo: 0.7352, ID: 4.8906)
2026-04-18 20:01:25 │ DEBUG    │ AdversarialTrainer             │   Epoch 36 | Batch 84/108 | Loss: 5.4812 (SC: 4.1683, Emo: 0.9402, ID: 3.7275)
2026-04-18 20:01:31 │ DEBUG    │ AdversarialTrainer             │   Epoch 36 | Batch 105/108 | Loss: 5.5190 (SC: 4.1676, Emo: 1.0848, ID: 2.6660)
2026-04-18 20:01:38 │ INFO     │ AdversarialTrainer             │ ──────────────────────────────────────────────────────────────────────
2026-04-18 20:01:38 │ INFO     │ AdversarialTrainer             │ Epoch 36/150  [38.0s]  │  LR=0.000009  │  λ_GRL=0.8257
2026-04-18 20:01:38 │ INFO     │ AdversarialTrainer             │   Train │ Loss: 5.5645  (SC: 4.1758 × 1.0 + Emo: 0.9626 + 0.10 × ID: 4.2606)
2026-04-18 20:01:38 │ INFO     │ AdversarialTrainer             │   Train │ EmoAcc: 0.2315  │ IDAcc: 0.0463
2026-04-18 20:01:38 │ INFO     │ AdversarialTrainer             │   Val   │ Loss: 5.3633  (SC: 4.1756)  │ EmoAcc: 0.0444  │ IDAcc: 0.0000
2026-04-18 20:01:38 │ INFO     │ AdversarialTrainer             │ ──────────────────────────────────────────────────────────────────────
2026-04-18 20:01:38 │ DEBUG    │ AdversarialTrainer             │ Checkpoint saved: epoch=36 → C:\Users\Addhyan\Desktop\Thesis\Thesis3\Stage4_TransferLearning\checkpoints\phase2_micro\latest_checkpoint.pth
2026-04-18 20:01:44 │ DEBUG    │ AdversarialTrainer             │   Epoch 37 | Batch 21/108 | Loss: 5.4277 (SC: 4.1729, Emo: 0.7887, ID: 4.6602)
2026-04-18 20:01:50 │ DEBUG    │ AdversarialTrainer             │   Epoch 37 | Batch 42/108 | Loss: 5.9722 (SC: 4.1806, Emo: 1.3527, ID: 4.3887)
2026-04-18 20:01:57 │ DEBUG    │ AdversarialTrainer             │   Epoch 37 | Batch 63/108 | Loss: 5.1820 (SC: 4.1666, Emo: 0.5064, ID: 5.0898)
2026-04-18 20:02:03 │ DEBUG    │ AdversarialTrainer             │   Epoch 37 | Batch 84/108 | Loss: 5.7429 (SC: 4.1896, Emo: 1.2908, ID: 2.6250)
2026-04-18 20:02:10 │ DEBUG    │ AdversarialTrainer             │   Epoch 37 | Batch 105/108 | Loss: 5.1262 (SC: 4.1897, Emo: 0.4013, ID: 5.3516)
2026-04-18 20:02:16 │ INFO     │ AdversarialTrainer             │ ──────────────────────────────────────────────────────────────────────
2026-04-18 20:02:16 │ INFO     │ AdversarialTrainer             │ Epoch 37/150  [38.1s]  │  LR=0.000009  │  λ_GRL=0.8361
2026-04-18 20:02:16 │ INFO     │ AdversarialTrainer             │   Train │ Loss: 5.6105  (SC: 4.1771 × 1.0 + Emo: 1.0042 + 0.10 × ID: 4.2918)
2026-04-18 20:02:16 │ INFO     │ AdversarialTrainer             │   Train │ EmoAcc: 0.2130  │ IDAcc: 0.0324
2026-04-18 20:02:16 │ INFO     │ AdversarialTrainer             │   Val   │ Loss: 5.3562  (SC: 4.1764)  │ EmoAcc: 0.0333  │ IDAcc: 0.0000
2026-04-18 20:02:16 │ INFO     │ AdversarialTrainer             │ ──────────────────────────────────────────────────────────────────────
2026-04-18 20:02:16 │ DEBUG    │ AdversarialTrainer             │ Checkpoint saved: epoch=37 → C:\Users\Addhyan\Desktop\Thesis\Thesis3\Stage4_TransferLearning\checkpoints\phase2_micro\latest_checkpoint.pth
2026-04-18 20:02:22 │ DEBUG    │ AdversarialTrainer             │   Epoch 38 | Batch 21/108 | Loss: 5.4648 (SC: 4.1636, Emo: 0.8982, ID: 4.0293)
2026-04-18 20:02:29 │ DEBUG    │ AdversarialTrainer             │   Epoch 38 | Batch 42/108 | Loss: 5.6476 (SC: 4.1796, Emo: 0.9192, ID: 5.4883)
2026-04-18 20:02:35 │ DEBUG    │ AdversarialTrainer             │   Epoch 38 | Batch 63/108 | Loss: 5.3227 (SC: 4.1711, Emo: 0.7374, ID: 4.1426)
2026-04-18 20:02:41 │ DEBUG    │ AdversarialTrainer             │   Epoch 38 | Batch 84/108 | Loss: 5.3481 (SC: 4.1777, Emo: 0.7591, ID: 4.1133)
2026-04-18 20:02:48 │ DEBUG    │ AdversarialTrainer             │   Epoch 38 | Batch 105/108 | Loss: 5.2201 (SC: 4.1797, Emo: 0.6534, ID: 3.8691)
2026-04-18 20:02:54 │ INFO     │ AdversarialTrainer             │ ──────────────────────────────────────────────────────────────────────
2026-04-18 20:02:54 │ INFO     │ AdversarialTrainer             │ Epoch 38/150  [38.0s]  │  LR=0.000009  │  λ_GRL=0.8459
2026-04-18 20:02:54 │ INFO     │ AdversarialTrainer             │   Train │ Loss: 5.5114  (SC: 4.1759 × 1.0 + Emo: 0.9079 + 0.10 × ID: 4.2761)
2026-04-18 20:02:54 │ INFO     │ AdversarialTrainer             │   Train │ EmoAcc: 0.3056  │ IDAcc: 0.0509
2026-04-18 20:02:54 │ INFO     │ AdversarialTrainer             │   Val   │ Loss: 5.3365  (SC: 4.1755)  │ EmoAcc: 0.0333  │ IDAcc: 0.0000
2026-04-18 20:02:54 │ INFO     │ AdversarialTrainer             │ ──────────────────────────────────────────────────────────────────────
2026-04-18 20:02:54 │ DEBUG    │ AdversarialTrainer             │ Checkpoint saved: epoch=38 → C:\Users\Addhyan\Desktop\Thesis\Thesis3\Stage4_TransferLearning\checkpoints\phase2_micro\latest_checkpoint.pth
2026-04-18 20:03:00 │ DEBUG    │ AdversarialTrainer             │   Epoch 39 | Batch 21/108 | Loss: 6.7747 (SC: 4.1875, Emo: 2.0823, ID: 5.0488)
2026-04-18 20:03:07 │ DEBUG    │ AdversarialTrainer             │   Epoch 39 | Batch 42/108 | Loss: 5.1309 (SC: 4.1694, Emo: 0.4959, ID: 4.6562)
2026-04-18 20:03:13 │ DEBUG    │ AdversarialTrainer             │   Epoch 39 | Batch 63/108 | Loss: 7.8894 (SC: 4.1731, Emo: 3.3386, ID: 3.7764)
2026-04-18 20:03:19 │ DEBUG    │ AdversarialTrainer             │   Epoch 39 | Batch 84/108 | Loss: 6.2239 (SC: 4.1598, Emo: 1.6137, ID: 4.5039)
2026-04-18 20:03:26 │ DEBUG    │ AdversarialTrainer             │   Epoch 39 | Batch 105/108 | Loss: 5.3228 (SC: 4.1790, Emo: 0.6169, ID: 5.2695)
2026-04-18 20:03:32 │ INFO     │ AdversarialTrainer             │ ──────────────────────────────────────────────────────────────────────
2026-04-18 20:03:32 │ INFO     │ AdversarialTrainer             │ Epoch 39/150  [38.1s]  │  LR=0.000009  │  λ_GRL=0.8552
2026-04-18 20:03:32 │ INFO     │ AdversarialTrainer             │   Train │ Loss: 5.6214  (SC: 4.1763 × 1.0 + Emo: 1.0227 + 0.10 × ID: 4.2237)
2026-04-18 20:03:32 │ INFO     │ AdversarialTrainer             │   Train │ EmoAcc: 0.2037  │ IDAcc: 0.0509
2026-04-18 20:03:32 │ INFO     │ AdversarialTrainer             │   Val   │ Loss: 5.3571  (SC: 4.1757)  │ EmoAcc: 0.0333  │ IDAcc: 0.0000
2026-04-18 20:03:32 │ INFO     │ AdversarialTrainer             │ ──────────────────────────────────────────────────────────────────────
2026-04-18 20:03:32 │ DEBUG    │ AdversarialTrainer             │ Checkpoint saved: epoch=39 → C:\Users\Addhyan\Desktop\Thesis\Thesis3\Stage4_TransferLearning\checkpoints\phase2_micro\latest_checkpoint.pth
2026-04-18 20:03:38 │ DEBUG    │ AdversarialTrainer             │   Epoch 40 | Batch 21/108 | Loss: 5.8357 (SC: 4.1638, Emo: 1.2370, ID: 4.3496)
2026-04-18 20:03:45 │ DEBUG    │ AdversarialTrainer             │   Epoch 40 | Batch 42/108 | Loss: 5.3394 (SC: 4.1768, Emo: 0.6630, ID: 4.9961)
2026-04-18 20:03:51 │ DEBUG    │ AdversarialTrainer             │   Epoch 40 | Batch 63/108 | Loss: 5.7784 (SC: 4.1723, Emo: 1.0717, ID: 5.3438)
2026-04-18 20:03:57 │ DEBUG    │ AdversarialTrainer             │   Epoch 40 | Batch 84/108 | Loss: 5.9590 (SC: 4.1804, Emo: 1.6000, ID: 1.7869)
2026-04-18 20:04:04 │ DEBUG    │ AdversarialTrainer             │   Epoch 40 | Batch 105/108 | Loss: 5.2569 (SC: 4.1772, Emo: 0.6963, ID: 3.8340)
2026-04-18 20:04:10 │ INFO     │ AdversarialTrainer             │ ──────────────────────────────────────────────────────────────────────
2026-04-18 20:04:10 │ INFO     │ AdversarialTrainer             │ Epoch 40/150  [38.1s]  │  LR=0.000008  │  λ_GRL=0.8640
2026-04-18 20:04:10 │ INFO     │ AdversarialTrainer             │   Train │ Loss: 5.5062  (SC: 4.1753 × 1.0 + Emo: 0.9056 + 0.10 × ID: 4.2529)
2026-04-18 20:04:10 │ INFO     │ AdversarialTrainer             │   Train │ EmoAcc: 0.2454  │ IDAcc: 0.0370
2026-04-18 20:04:10 │ INFO     │ AdversarialTrainer             │   Val   │ Loss: 5.3534  (SC: 4.1748)  │ EmoAcc: 0.0667  │ IDAcc: 0.0000
2026-04-18 20:04:10 │ INFO     │ AdversarialTrainer             │ ──────────────────────────────────────────────────────────────────────
2026-04-18 20:04:10 │ DEBUG    │ AdversarialTrainer             │ Checkpoint saved: epoch=40 → C:\Users\Addhyan\Desktop\Thesis\Thesis3\Stage4_TransferLearning\checkpoints\phase2_micro\latest_checkpoint.pth
2026-04-18 20:04:17 │ DEBUG    │ AdversarialTrainer             │   Epoch 41 | Batch 21/108 | Loss: 5.0435 (SC: 4.1685, Emo: 0.3904, ID: 4.8457)
2026-04-18 20:04:23 │ DEBUG    │ AdversarialTrainer             │   Epoch 41 | Batch 42/108 | Loss: 5.1407 (SC: 4.1790, Emo: 0.3899, ID: 5.7188)
2026-04-18 20:04:29 │ DEBUG    │ AdversarialTrainer             │   Epoch 41 | Batch 63/108 | Loss: 4.7614 (SC: 4.1796, Emo: 0.4583, ID: 1.2351)
2026-04-18 20:04:36 │ DEBUG    │ AdversarialTrainer             │   Epoch 41 | Batch 84/108 | Loss: 5.7288 (SC: 4.2000, Emo: 1.1644, ID: 3.6436)
2026-04-18 20:04:42 │ DEBUG    │ AdversarialTrainer             │   Epoch 41 | Batch 105/108 | Loss: 7.4311 (SC: 4.1838, Emo: 2.8732, ID: 3.7412)
2026-04-18 20:04:48 │ INFO     │ AdversarialTrainer             │ ──────────────────────────────────────────────────────────────────────
2026-04-18 20:04:48 │ INFO     │ AdversarialTrainer             │ Epoch 41/150  [38.1s]  │  LR=0.000008  │  λ_GRL=0.8722
2026-04-18 20:04:48 │ INFO     │ AdversarialTrainer             │   Train │ Loss: 5.6041  (SC: 4.1746 × 1.0 + Emo: 0.9980 + 0.10 × ID: 4.3146)
2026-04-18 20:04:48 │ INFO     │ AdversarialTrainer             │   Train │ EmoAcc: 0.2407  │ IDAcc: 0.0602
2026-04-18 20:04:48 │ INFO     │ AdversarialTrainer             │   Val   │ Loss: 5.3561  (SC: 4.1750)  │ EmoAcc: 0.0222  │ IDAcc: 0.0000
2026-04-18 20:04:48 │ INFO     │ AdversarialTrainer             │ ──────────────────────────────────────────────────────────────────────
2026-04-18 20:04:48 │ DEBUG    │ AdversarialTrainer             │ Checkpoint saved: epoch=41 → C:\Users\Addhyan\Desktop\Thesis\Thesis3\Stage4_TransferLearning\checkpoints\phase2_micro\latest_checkpoint.pth
2026-04-18 20:04:55 │ DEBUG    │ AdversarialTrainer             │   Epoch 42 | Batch 21/108 | Loss: 5.6988 (SC: 4.1730, Emo: 1.1094, ID: 4.1641)
2026-04-18 20:05:01 │ DEBUG    │ AdversarialTrainer             │   Epoch 42 | Batch 42/108 | Loss: 5.1938 (SC: 4.1789, Emo: 0.7895, ID: 2.2544)
2026-04-18 20:05:07 │ DEBUG    │ AdversarialTrainer             │   Epoch 42 | Batch 63/108 | Loss: 5.3957 (SC: 4.1772, Emo: 0.9605, ID: 2.5801)
2026-04-18 20:05:14 │ DEBUG    │ AdversarialTrainer             │   Epoch 42 | Batch 84/108 | Loss: 6.1065 (SC: 4.1754, Emo: 1.4760, ID: 4.5518)
2026-04-18 20:05:20 │ DEBUG    │ AdversarialTrainer             │   Epoch 42 | Batch 105/108 | Loss: 5.5024 (SC: 4.1764, Emo: 0.8457, ID: 4.8027)
2026-04-18 20:05:26 │ INFO     │ AdversarialTrainer             │ ──────────────────────────────────────────────────────────────────────
2026-04-18 20:05:26 │ INFO     │ AdversarialTrainer             │ Epoch 42/150  [38.0s]  │  LR=0.000008  │  λ_GRL=0.8800
2026-04-18 20:05:26 │ INFO     │ AdversarialTrainer             │   Train │ Loss: 5.5477  (SC: 4.1759 × 1.0 + Emo: 0.9366 + 0.10 × ID: 4.3527)
2026-04-18 20:05:26 │ INFO     │ AdversarialTrainer             │   Train │ EmoAcc: 0.2639  │ IDAcc: 0.0370
2026-04-18 20:05:26 │ INFO     │ AdversarialTrainer             │   Val   │ Loss: 5.3630  (SC: 4.1761)  │ EmoAcc: 0.0444  │ IDAcc: 0.0000
2026-04-18 20:05:26 │ INFO     │ AdversarialTrainer             │ ──────────────────────────────────────────────────────────────────────
2026-04-18 20:05:26 │ DEBUG    │ AdversarialTrainer             │ Checkpoint saved: epoch=42 → C:\Users\Addhyan\Desktop\Thesis\Thesis3\Stage4_TransferLearning\checkpoints\phase2_micro\latest_checkpoint.pth
2026-04-18 20:05:33 │ DEBUG    │ AdversarialTrainer             │   Epoch 43 | Batch 21/108 | Loss: 5.3208 (SC: 4.1749, Emo: 0.6092, ID: 5.3672)
2026-04-18 20:05:39 │ DEBUG    │ AdversarialTrainer             │   Epoch 43 | Batch 42/108 | Loss: 5.5190 (SC: 4.1648, Emo: 0.9380, ID: 4.1611)
2026-04-18 20:05:45 │ DEBUG    │ AdversarialTrainer             │   Epoch 43 | Batch 63/108 | Loss: 6.8113 (SC: 4.1647, Emo: 2.2103, ID: 4.3633)
2026-04-18 20:05:52 │ DEBUG    │ AdversarialTrainer             │   Epoch 43 | Batch 84/108 | Loss: 5.2094 (SC: 4.1703, Emo: 0.5016, ID: 5.3750)
2026-04-18 20:05:58 │ DEBUG    │ AdversarialTrainer             │   Epoch 43 | Batch 105/108 | Loss: 4.9121 (SC: 4.1669, Emo: 0.4405, ID: 3.0469)
2026-04-18 20:06:04 │ INFO     │ AdversarialTrainer             │ ──────────────────────────────────────────────────────────────────────
2026-04-18 20:06:04 │ INFO     │ AdversarialTrainer             │ Epoch 43/150  [38.0s]  │  LR=0.000008  │  λ_GRL=0.8874
2026-04-18 20:06:04 │ INFO     │ AdversarialTrainer             │   Train │ Loss: 5.4750  (SC: 4.1762 × 1.0 + Emo: 0.8752 + 0.10 × ID: 4.2356)
2026-04-18 20:06:04 │ INFO     │ AdversarialTrainer             │   Train │ EmoAcc: 0.2546  │ IDAcc: 0.0417
2026-04-18 20:06:04 │ INFO     │ AdversarialTrainer             │   Val   │ Loss: 5.3526  (SC: 4.1761)  │ EmoAcc: 0.0444  │ IDAcc: 0.0000
2026-04-18 20:06:04 │ INFO     │ AdversarialTrainer             │ ──────────────────────────────────────────────────────────────────────
2026-04-18 20:06:04 │ DEBUG    │ AdversarialTrainer             │ Checkpoint saved: epoch=43 → C:\Users\Addhyan\Desktop\Thesis\Thesis3\Stage4_TransferLearning\checkpoints\phase2_micro\latest_checkpoint.pth
2026-04-18 20:06:11 │ DEBUG    │ AdversarialTrainer             │   Epoch 44 | Batch 21/108 | Loss: 6.5317 (SC: 4.1470, Emo: 1.9523, ID: 4.3242)
2026-04-18 20:06:17 │ DEBUG    │ AdversarialTrainer             │   Epoch 44 | Batch 42/108 | Loss: 5.1237 (SC: 4.1788, Emo: 0.5346, ID: 4.1025)
2026-04-18 20:06:23 │ DEBUG    │ AdversarialTrainer             │   Epoch 44 | Batch 63/108 | Loss: 7.3191 (SC: 4.1803, Emo: 2.6572, ID: 4.8164)
2026-04-18 20:06:30 │ DEBUG    │ AdversarialTrainer             │   Epoch 44 | Batch 84/108 | Loss: 5.3264 (SC: 4.1867, Emo: 0.6840, ID: 4.5566)
2026-04-18 20:06:36 │ DEBUG    │ AdversarialTrainer             │   Epoch 44 | Batch 105/108 | Loss: 6.1561 (SC: 4.1896, Emo: 1.3595, ID: 6.0703)
2026-04-18 20:06:42 │ INFO     │ AdversarialTrainer             │ ──────────────────────────────────────────────────────────────────────
2026-04-18 20:06:42 │ INFO     │ AdversarialTrainer             │ Epoch 44/150  [38.0s]  │  LR=0.000008  │  λ_GRL=0.8943
2026-04-18 20:06:42 │ INFO     │ AdversarialTrainer             │   Train │ Loss: 5.6356  (SC: 4.1750 × 1.0 + Emo: 1.0405 + 0.10 × ID: 4.2013)
2026-04-18 20:06:42 │ INFO     │ AdversarialTrainer             │   Train │ EmoAcc: 0.2361  │ IDAcc: 0.0370
2026-04-18 20:06:42 │ INFO     │ AdversarialTrainer             │   Val   │ Loss: 5.3561  (SC: 4.1761)  │ EmoAcc: 0.0667  │ IDAcc: 0.0000
2026-04-18 20:06:42 │ INFO     │ AdversarialTrainer             │ ──────────────────────────────────────────────────────────────────────
2026-04-18 20:06:42 │ DEBUG    │ AdversarialTrainer             │ Checkpoint saved: epoch=44 → C:\Users\Addhyan\Desktop\Thesis\Thesis3\Stage4_TransferLearning\checkpoints\phase2_micro\latest_checkpoint.pth
2026-04-18 20:06:49 │ DEBUG    │ AdversarialTrainer             │   Epoch 45 | Batch 21/108 | Loss: 5.4080 (SC: 4.1830, Emo: 0.8970, ID: 3.2803)
2026-04-18 20:06:55 │ DEBUG    │ AdversarialTrainer             │   Epoch 45 | Batch 42/108 | Loss: 4.9792 (SC: 4.1727, Emo: 0.4510, ID: 3.5547)
2026-04-18 20:07:02 │ DEBUG    │ AdversarialTrainer             │   Epoch 45 | Batch 63/108 | Loss: 5.2256 (SC: 4.1817, Emo: 0.5738, ID: 4.7012)
2026-04-18 20:07:08 │ DEBUG    │ AdversarialTrainer             │   Epoch 45 | Batch 84/108 | Loss: 6.1013 (SC: 4.1842, Emo: 1.3466, ID: 5.7051)
2026-04-18 20:07:14 │ DEBUG    │ AdversarialTrainer             │   Epoch 45 | Batch 105/108 | Loss: 5.4179 (SC: 4.1668, Emo: 0.6107, ID: 6.4043)
2026-04-18 20:07:21 │ INFO     │ AdversarialTrainer             │ ──────────────────────────────────────────────────────────────────────
2026-04-18 20:07:21 │ INFO     │ AdversarialTrainer             │ Epoch 45/150  [38.1s]  │  LR=0.000008  │  λ_GRL=0.9008
2026-04-18 20:07:21 │ INFO     │ AdversarialTrainer             │   Train │ Loss: 5.5722  (SC: 4.1786 × 1.0 + Emo: 0.9609 + 0.10 × ID: 4.3264)
2026-04-18 20:07:21 │ INFO     │ AdversarialTrainer             │   Train │ EmoAcc: 0.2130  │ IDAcc: 0.0417
2026-04-18 20:07:21 │ INFO     │ AdversarialTrainer             │   Val   │ Loss: 5.3558  (SC: 4.1753)  │ EmoAcc: 0.0444  │ IDAcc: 0.0000
2026-04-18 20:07:21 │ INFO     │ AdversarialTrainer             │ ──────────────────────────────────────────────────────────────────────
2026-04-18 20:07:21 │ DEBUG    │ AdversarialTrainer             │ Checkpoint saved: epoch=45 → C:\Users\Addhyan\Desktop\Thesis\Thesis3\Stage4_TransferLearning\checkpoints\phase2_micro\latest_checkpoint.pth
2026-04-18 20:07:27 │ DEBUG    │ AdversarialTrainer             │   Epoch 46 | Batch 21/108 | Loss: 5.4652 (SC: 4.1798, Emo: 0.6573, ID: 6.2812)
2026-04-18 20:07:33 │ DEBUG    │ AdversarialTrainer             │   Epoch 46 | Batch 42/108 | Loss: 5.8642 (SC: 4.1805, Emo: 1.1617, ID: 5.2207)
2026-04-18 20:07:40 │ DEBUG    │ AdversarialTrainer             │   Epoch 46 | Batch 63/108 | Loss: 4.9048 (SC: 4.1846, Emo: 0.5193, ID: 2.0088)
2026-04-18 20:07:46 │ DEBUG    │ AdversarialTrainer             │   Epoch 46 | Batch 84/108 | Loss: 4.8358 (SC: 4.1837, Emo: 0.2823, ID: 3.6982)
2026-04-18 20:07:52 │ DEBUG    │ AdversarialTrainer             │   Epoch 46 | Batch 105/108 | Loss: 5.1816 (SC: 4.1765, Emo: 0.4299, ID: 5.7520)
2026-04-18 20:07:59 │ INFO     │ AdversarialTrainer             │ ──────────────────────────────────────────────────────────────────────
2026-04-18 20:07:59 │ INFO     │ AdversarialTrainer             │ Epoch 46/150  [38.0s]  │  LR=0.000008  │  λ_GRL=0.9070
2026-04-18 20:07:59 │ INFO     │ AdversarialTrainer             │   Train │ Loss: 5.5959  (SC: 4.1761 × 1.0 + Emo: 0.9887 + 0.10 × ID: 4.3106)
2026-04-18 20:07:59 │ INFO     │ AdversarialTrainer             │   Train │ EmoAcc: 0.2130  │ IDAcc: 0.0463
2026-04-18 20:07:59 │ INFO     │ AdversarialTrainer             │   Val   │ Loss: 5.3689  (SC: 4.1759)  │ EmoAcc: 0.0222  │ IDAcc: 0.0000
2026-04-18 20:07:59 │ INFO     │ AdversarialTrainer             │ ──────────────────────────────────────────────────────────────────────
2026-04-18 20:07:59 │ DEBUG    │ AdversarialTrainer             │ Checkpoint saved: epoch=46 → C:\Users\Addhyan\Desktop\Thesis\Thesis3\Stage4_TransferLearning\checkpoints\phase2_micro\latest_checkpoint.pth
2026-04-18 20:08:05 │ DEBUG    │ AdversarialTrainer             │   Epoch 47 | Batch 21/108 | Loss: 6.2234 (SC: 4.1837, Emo: 1.7426, ID: 2.9702)
2026-04-18 20:08:11 │ DEBUG    │ AdversarialTrainer             │   Epoch 47 | Batch 42/108 | Loss: 6.4056 (SC: 4.1766, Emo: 1.5700, ID: 6.5898)
2026-04-18 20:08:18 │ DEBUG    │ AdversarialTrainer             │   Epoch 47 | Batch 63/108 | Loss: 5.3336 (SC: 4.1760, Emo: 0.7059, ID: 4.5176)
2026-04-18 20:08:24 │ DEBUG    │ AdversarialTrainer             │   Epoch 47 | Batch 84/108 | Loss: 4.7706 (SC: 4.1673, Emo: 0.2019, ID: 4.0137)
2026-04-18 20:08:30 │ DEBUG    │ AdversarialTrainer             │   Epoch 47 | Batch 105/108 | Loss: 6.2547 (SC: 4.1830, Emo: 1.5338, ID: 5.3789)
2026-04-18 20:08:37 │ INFO     │ AdversarialTrainer             │ ──────────────────────────────────────────────────────────────────────
2026-04-18 20:08:37 │ INFO     │ AdversarialTrainer             │ Epoch 47/150  [38.1s]  │  LR=0.000008  │  λ_GRL=0.9127
2026-04-18 20:08:37 │ INFO     │ AdversarialTrainer             │   Train │ Loss: 5.6348  (SC: 4.1765 × 1.0 + Emo: 1.0139 + 0.10 × ID: 4.4441)
2026-04-18 20:08:37 │ INFO     │ AdversarialTrainer             │   Train │ EmoAcc: 0.2639  │ IDAcc: 0.0370
2026-04-18 20:08:37 │ INFO     │ AdversarialTrainer             │   Val   │ Loss: 5.3840  (SC: 4.1764)  │ EmoAcc: 0.0333  │ IDAcc: 0.0000
2026-04-18 20:08:37 │ INFO     │ AdversarialTrainer             │ ──────────────────────────────────────────────────────────────────────
2026-04-18 20:08:37 │ DEBUG    │ AdversarialTrainer             │ Checkpoint saved: epoch=47 → C:\Users\Addhyan\Desktop\Thesis\Thesis3\Stage4_TransferLearning\checkpoints\phase2_micro\latest_checkpoint.pth
2026-04-18 20:08:43 │ DEBUG    │ AdversarialTrainer             │   Epoch 48 | Batch 21/108 | Loss: 5.2082 (SC: 4.1714, Emo: 0.5474, ID: 4.8945)
2026-04-18 20:08:49 │ DEBUG    │ AdversarialTrainer             │   Epoch 48 | Batch 42/108 | Loss: 5.4696 (SC: 4.1654, Emo: 0.8790, ID: 4.2520)
2026-04-18 20:08:56 │ DEBUG    │ AdversarialTrainer             │   Epoch 48 | Batch 63/108 | Loss: 5.0262 (SC: 4.1758, Emo: 0.4323, ID: 4.1807)
2026-04-18 20:09:02 │ DEBUG    │ AdversarialTrainer             │   Epoch 48 | Batch 84/108 | Loss: 5.0479 (SC: 4.1772, Emo: 0.5732, ID: 2.9756)
2026-04-18 20:09:08 │ DEBUG    │ AdversarialTrainer             │   Epoch 48 | Batch 105/108 | Loss: 5.8681 (SC: 4.1762, Emo: 1.4938, ID: 1.9814)
2026-04-18 20:09:15 │ INFO     │ AdversarialTrainer             │ ──────────────────────────────────────────────────────────────────────
2026-04-18 20:09:15 │ INFO     │ AdversarialTrainer             │ Epoch 48/150  [38.1s]  │  LR=0.000008  │  λ_GRL=0.9182
2026-04-18 20:09:15 │ INFO     │ AdversarialTrainer             │   Train │ Loss: 5.5972  (SC: 4.1760 × 1.0 + Emo: 0.9938 + 0.10 × ID: 4.2735)
2026-04-18 20:09:15 │ INFO     │ AdversarialTrainer             │   Train │ EmoAcc: 0.2407  │ IDAcc: 0.0463
2026-04-18 20:09:15 │ INFO     │ AdversarialTrainer             │   Val   │ Loss: 5.3885  (SC: 4.1762)  │ EmoAcc: 0.0444  │ IDAcc: 0.0000
2026-04-18 20:09:15 │ INFO     │ AdversarialTrainer             │ ──────────────────────────────────────────────────────────────────────
2026-04-18 20:09:15 │ DEBUG    │ AdversarialTrainer             │ Checkpoint saved: epoch=48 → C:\Users\Addhyan\Desktop\Thesis\Thesis3\Stage4_TransferLearning\checkpoints\phase2_micro\latest_checkpoint.pth
2026-04-18 20:09:21 │ DEBUG    │ AdversarialTrainer             │   Epoch 49 | Batch 21/108 | Loss: 5.4752 (SC: 4.1781, Emo: 0.6672, ID: 6.2988)
2026-04-18 20:09:27 │ DEBUG    │ AdversarialTrainer             │   Epoch 49 | Batch 42/108 | Loss: 5.0698 (SC: 4.1710, Emo: 0.3904, ID: 5.0840)
2026-04-18 20:09:34 │ DEBUG    │ AdversarialTrainer             │   Epoch 49 | Batch 63/108 | Loss: 6.0483 (SC: 4.1599, Emo: 1.4001, ID: 4.8828)
2026-04-18 20:09:40 │ DEBUG    │ AdversarialTrainer             │   Epoch 49 | Batch 84/108 | Loss: 5.1457 (SC: 4.1637, Emo: 0.6713, ID: 3.1074)
2026-04-18 20:09:47 │ DEBUG    │ AdversarialTrainer             │   Epoch 49 | Batch 105/108 | Loss: 6.1507 (SC: 4.1830, Emo: 1.5592, ID: 4.0840)
2026-04-18 20:09:53 │ INFO     │ AdversarialTrainer             │ ──────────────────────────────────────────────────────────────────────
2026-04-18 20:09:53 │ INFO     │ AdversarialTrainer             │ Epoch 49/150  [38.0s]  │  LR=0.000008  │  λ_GRL=0.9233
2026-04-18 20:09:53 │ INFO     │ AdversarialTrainer             │   Train │ Loss: 5.5585  (SC: 4.1751 × 1.0 + Emo: 0.9456 + 0.10 × ID: 4.3783)
2026-04-18 20:09:53 │ INFO     │ AdversarialTrainer             │   Train │ EmoAcc: 0.2454  │ IDAcc: 0.0417
2026-04-18 20:09:53 │ INFO     │ AdversarialTrainer             │   Val   │ Loss: 5.3840  (SC: 4.1797)  │ EmoAcc: 0.0556  │ IDAcc: 0.0000
2026-04-18 20:09:53 │ INFO     │ AdversarialTrainer             │ ──────────────────────────────────────────────────────────────────────
2026-04-18 20:09:53 │ DEBUG    │ AdversarialTrainer             │ Checkpoint saved: epoch=49 → C:\Users\Addhyan\Desktop\Thesis\Thesis3\Stage4_TransferLearning\checkpoints\phase2_micro\latest_checkpoint.pth
2026-04-18 20:09:59 │ DEBUG    │ AdversarialTrainer             │   Epoch 50 | Batch 21/108 | Loss: 5.6020 (SC: 4.1675, Emo: 1.0200, ID: 4.1455)
2026-04-18 20:10:05 │ DEBUG    │ AdversarialTrainer             │   Epoch 50 | Batch 42/108 | Loss: 5.5728 (SC: 4.1640, Emo: 1.0920, ID: 3.1680)
2026-04-18 20:10:12 │ DEBUG    │ AdversarialTrainer             │   Epoch 50 | Batch 63/108 | Loss: 5.8141 (SC: 4.1677, Emo: 1.1503, ID: 4.9609)
2026-04-18 20:10:18 │ DEBUG    │ AdversarialTrainer             │   Epoch 50 | Batch 84/108 | Loss: 5.2633 (SC: 4.1698, Emo: 0.5237, ID: 5.6992)
2026-04-18 20:10:24 │ DEBUG    │ AdversarialTrainer             │   Epoch 50 | Batch 105/108 | Loss: 5.6169 (SC: 4.1776, Emo: 0.9643, ID: 4.7500)
2026-04-18 20:10:31 │ INFO     │ AdversarialTrainer             │ ──────────────────────────────────────────────────────────────────────
2026-04-18 20:10:31 │ INFO     │ AdversarialTrainer             │ Epoch 50/150  [38.1s]  │  LR=0.000008  │  λ_GRL=0.9281
2026-04-18 20:10:31 │ INFO     │ AdversarialTrainer             │   Train │ Loss: 5.5784  (SC: 4.1766 × 1.0 + Emo: 0.9679 + 0.10 × ID: 4.3387)
2026-04-18 20:10:31 │ INFO     │ AdversarialTrainer             │   Train │ EmoAcc: 0.2315  │ IDAcc: 0.0509
2026-04-18 20:10:31 │ INFO     │ AdversarialTrainer             │   Val   │ Loss: 5.3664  (SC: 4.1769)  │ EmoAcc: 0.0333  │ IDAcc: 0.0000
2026-04-18 20:10:31 │ INFO     │ AdversarialTrainer             │ ──────────────────────────────────────────────────────────────────────
2026-04-18 20:10:31 │ DEBUG    │ AdversarialTrainer             │ Checkpoint saved: epoch=50 → C:\Users\Addhyan\Desktop\Thesis\Thesis3\Stage4_TransferLearning\checkpoints\phase2_micro\latest_checkpoint.pth
2026-04-18 20:10:37 │ DEBUG    │ AdversarialTrainer             │   Epoch 51 | Batch 21/108 | Loss: 5.2302 (SC: 4.1747, Emo: 0.7344, ID: 3.2109)
2026-04-18 20:10:44 │ DEBUG    │ AdversarialTrainer             │   Epoch 51 | Batch 42/108 | Loss: 5.6252 (SC: 4.1812, Emo: 0.7950, ID: 6.4902)
2026-04-18 20:10:50 │ DEBUG    │ AdversarialTrainer             │   Epoch 51 | Batch 63/108 | Loss: 5.6723 (SC: 4.1852, Emo: 1.0704, ID: 4.1670)
2026-04-18 20:10:56 │ DEBUG    │ AdversarialTrainer             │   Epoch 51 | Batch 84/108 | Loss: 5.7560 (SC: 4.1760, Emo: 1.1250, ID: 4.5498)
2026-04-18 20:11:03 │ DEBUG    │ AdversarialTrainer             │   Epoch 51 | Batch 105/108 | Loss: 6.1244 (SC: 4.1789, Emo: 1.4827, ID: 4.6270)
2026-04-18 20:11:09 │ INFO     │ AdversarialTrainer             │ ──────────────────────────────────────────────────────────────────────
2026-04-18 20:11:09 │ INFO     │ AdversarialTrainer             │ Epoch 51/150  [38.2s]  │  LR=0.000008  │  λ_GRL=0.9326
2026-04-18 20:11:09 │ INFO     │ AdversarialTrainer             │   Train │ Loss: 5.6110  (SC: 4.1773 × 1.0 + Emo: 1.0025 + 0.10 × ID: 4.3113)
2026-04-18 20:11:09 │ INFO     │ AdversarialTrainer             │   Train │ EmoAcc: 0.2083  │ IDAcc: 0.0509
2026-04-18 20:11:09 │ INFO     │ AdversarialTrainer             │   Val   │ Loss: 5.3813  (SC: 4.1778)  │ EmoAcc: 0.0333  │ IDAcc: 0.0000
2026-04-18 20:11:09 │ INFO     │ AdversarialTrainer             │ ──────────────────────────────────────────────────────────────────────
2026-04-18 20:11:09 │ DEBUG    │ AdversarialTrainer             │ Checkpoint saved: epoch=51 → C:\Users\Addhyan\Desktop\Thesis\Thesis3\Stage4_TransferLearning\checkpoints\phase2_micro\latest_checkpoint.pth
2026-04-18 20:11:15 │ DEBUG    │ AdversarialTrainer             │   Epoch 52 | Batch 21/108 | Loss: 5.4112 (SC: 4.1765, Emo: 0.7998, ID: 4.3486)
2026-04-18 20:11:22 │ DEBUG    │ AdversarialTrainer             │   Epoch 52 | Batch 42/108 | Loss: 5.2116 (SC: 4.1820, Emo: 0.4507, ID: 5.7891)
2026-04-18 20:11:28 │ DEBUG    │ AdversarialTrainer             │   Epoch 52 | Batch 63/108 | Loss: 6.2090 (SC: 4.1705, Emo: 1.6487, ID: 3.8984)
2026-04-18 20:11:35 │ DEBUG    │ AdversarialTrainer             │   Epoch 52 | Batch 84/108 | Loss: 6.2976 (SC: 4.1776, Emo: 1.7310, ID: 3.8906)
2026-04-18 20:11:41 │ DEBUG    │ AdversarialTrainer             │   Epoch 52 | Batch 105/108 | Loss: 5.4482 (SC: 4.1630, Emo: 0.6903, ID: 5.9492)
2026-04-18 20:11:47 │ INFO     │ AdversarialTrainer             │ ──────────────────────────────────────────────────────────────────────
2026-04-18 20:11:47 │ INFO     │ AdversarialTrainer             │ Epoch 52/150  [38.1s]  │  LR=0.000007  │  λ_GRL=0.9368
2026-04-18 20:11:47 │ INFO     │ AdversarialTrainer             │   Train │ Loss: 5.5156  (SC: 4.1752 × 1.0 + Emo: 0.9141 + 0.10 × ID: 4.2632)
2026-04-18 20:11:47 │ INFO     │ AdversarialTrainer             │   Train │ EmoAcc: 0.2407  │ IDAcc: 0.0463
2026-04-18 20:11:47 │ INFO     │ AdversarialTrainer             │   Val   │ Loss: 5.3759  (SC: 4.1801)  │ EmoAcc: 0.0556  │ IDAcc: 0.0000
2026-04-18 20:11:47 │ INFO     │ AdversarialTrainer             │ ──────────────────────────────────────────────────────────────────────
2026-04-18 20:11:47 │ DEBUG    │ AdversarialTrainer             │ Checkpoint saved: epoch=52 → C:\Users\Addhyan\Desktop\Thesis\Thesis3\Stage4_TransferLearning\checkpoints\phase2_micro\latest_checkpoint.pth
2026-04-18 20:11:54 │ DEBUG    │ AdversarialTrainer             │   Epoch 53 | Batch 21/108 | Loss: 5.3673 (SC: 4.1717, Emo: 0.7191, ID: 4.7646)
2026-04-18 20:12:00 │ DEBUG    │ AdversarialTrainer             │   Epoch 53 | Batch 42/108 | Loss: 5.7699 (SC: 4.1759, Emo: 0.9945, ID: 5.9941)
2026-04-18 20:12:06 │ DEBUG    │ AdversarialTrainer             │   Epoch 53 | Batch 63/108 | Loss: 5.1842 (SC: 4.1765, Emo: 0.5481, ID: 4.5957)
2026-04-18 20:12:13 │ DEBUG    │ AdversarialTrainer             │   Epoch 53 | Batch 84/108 | Loss: 5.7519 (SC: 4.1823, Emo: 1.0771, ID: 4.9258)
2026-04-18 20:12:19 │ DEBUG    │ AdversarialTrainer             │   Epoch 53 | Batch 105/108 | Loss: 5.0359 (SC: 4.1795, Emo: 0.2939, ID: 5.6250)
2026-04-18 20:12:25 │ INFO     │ AdversarialTrainer             │ ──────────────────────────────────────────────────────────────────────
2026-04-18 20:12:25 │ INFO     │ AdversarialTrainer             │ Epoch 53/150  [38.1s]  │  LR=0.000007  │  λ_GRL=0.9408
2026-04-18 20:12:25 │ INFO     │ AdversarialTrainer             │   Train │ Loss: 5.5820  (SC: 4.1757 × 1.0 + Emo: 0.9680 + 0.10 × ID: 4.3822)
2026-04-18 20:12:25 │ INFO     │ AdversarialTrainer             │   Train │ EmoAcc: 0.2546  │ IDAcc: 0.0417
2026-04-18 20:12:25 │ INFO     │ AdversarialTrainer             │   Val   │ Loss: 5.3538  (SC: 4.1780)  │ EmoAcc: 0.0556  │ IDAcc: 0.0000
2026-04-18 20:12:25 │ INFO     │ AdversarialTrainer             │ ──────────────────────────────────────────────────────────────────────
2026-04-18 20:12:25 │ DEBUG    │ AdversarialTrainer             │ Checkpoint saved: epoch=53 → C:\Users\Addhyan\Desktop\Thesis\Thesis3\Stage4_TransferLearning\checkpoints\phase2_micro\latest_checkpoint.pth
2026-04-18 20:12:32 │ DEBUG    │ AdversarialTrainer             │   Epoch 54 | Batch 21/108 | Loss: 4.9480 (SC: 4.1719, Emo: 0.3694, ID: 4.0674)
2026-04-18 20:12:38 │ DEBUG    │ AdversarialTrainer             │   Epoch 54 | Batch 42/108 | Loss: 5.5057 (SC: 4.1846, Emo: 1.0527, ID: 2.6836)
2026-04-18 20:12:44 │ DEBUG    │ AdversarialTrainer             │   Epoch 54 | Batch 63/108 | Loss: 5.7794 (SC: 4.1736, Emo: 0.9855, ID: 6.2031)
2026-04-18 20:12:51 │ DEBUG    │ AdversarialTrainer             │   Epoch 54 | Batch 84/108 | Loss: 6.6132 (SC: 4.1820, Emo: 1.9811, ID: 4.5020)
2026-04-18 20:12:57 │ DEBUG    │ AdversarialTrainer             │   Epoch 54 | Batch 105/108 | Loss: 6.0879 (SC: 4.1762, Emo: 1.3948, ID: 5.1680)
2026-04-18 20:13:04 │ INFO     │ AdversarialTrainer             │ ──────────────────────────────────────────────────────────────────────
2026-04-18 20:13:04 │ INFO     │ AdversarialTrainer             │ Epoch 54/150  [38.1s]  │  LR=0.000007  │  λ_GRL=0.9445
2026-04-18 20:13:04 │ INFO     │ AdversarialTrainer             │   Train │ Loss: 5.5673  (SC: 4.1759 × 1.0 + Emo: 0.9636 + 0.10 × ID: 4.2779)
2026-04-18 20:13:04 │ INFO     │ AdversarialTrainer             │   Train │ EmoAcc: 0.2593  │ IDAcc: 0.0602
2026-04-18 20:13:04 │ INFO     │ AdversarialTrainer             │   Val   │ Loss: 5.3530  (SC: 4.1770)  │ EmoAcc: 0.0778  │ IDAcc: 0.0000
2026-04-18 20:13:04 │ INFO     │ AdversarialTrainer             │ ──────────────────────────────────────────────────────────────────────
2026-04-18 20:13:04 │ DEBUG    │ AdversarialTrainer             │ Checkpoint saved: epoch=54 → C:\Users\Addhyan\Desktop\Thesis\Thesis3\Stage4_TransferLearning\checkpoints\phase2_micro\latest_checkpoint.pth
2026-04-18 20:13:10 │ DEBUG    │ AdversarialTrainer             │   Epoch 55 | Batch 21/108 | Loss: 5.9842 (SC: 4.1690, Emo: 1.3542, ID: 4.6104)
2026-04-18 20:13:16 │ DEBUG    │ AdversarialTrainer             │   Epoch 55 | Batch 42/108 | Loss: 5.0845 (SC: 4.1847, Emo: 0.4418, ID: 4.5801)
2026-04-18 20:13:23 │ DEBUG    │ AdversarialTrainer             │   Epoch 55 | Batch 63/108 | Loss: 4.9837 (SC: 4.1766, Emo: 0.3580, ID: 4.4912)
2026-04-18 20:13:29 │ DEBUG    │ AdversarialTrainer             │   Epoch 55 | Batch 84/108 | Loss: 4.8480 (SC: 4.1681, Emo: 0.4343, ID: 2.4556)
2026-04-18 20:13:35 │ DEBUG    │ AdversarialTrainer             │   Epoch 55 | Batch 105/108 | Loss: 5.9727 (SC: 4.1708, Emo: 1.3640, ID: 4.3789)
2026-04-18 20:13:42 │ INFO     │ AdversarialTrainer             │ ──────────────────────────────────────────────────────────────────────
2026-04-18 20:13:42 │ INFO     │ AdversarialTrainer             │ Epoch 55/150  [38.1s]  │  LR=0.000007  │  λ_GRL=0.9480
2026-04-18 20:13:42 │ INFO     │ AdversarialTrainer             │   Train │ Loss: 5.5689  (SC: 4.1778 × 1.0 + Emo: 0.9599 + 0.10 × ID: 4.3124)
2026-04-18 20:13:42 │ INFO     │ AdversarialTrainer             │   Train │ EmoAcc: 0.2500  │ IDAcc: 0.0231
2026-04-18 20:13:42 │ INFO     │ AdversarialTrainer             │   Val   │ Loss: 5.3581  (SC: 4.1760)  │ EmoAcc: 0.0444  │ IDAcc: 0.0000
2026-04-18 20:13:42 │ INFO     │ AdversarialTrainer             │ ──────────────────────────────────────────────────────────────────────
2026-04-18 20:13:42 │ DEBUG    │ AdversarialTrainer             │ Checkpoint saved: epoch=55 → C:\Users\Addhyan\Desktop\Thesis\Thesis3\Stage4_TransferLearning\checkpoints\phase2_micro\latest_checkpoint.pth
2026-04-18 20:13:48 │ DEBUG    │ AdversarialTrainer             │   Epoch 56 | Batch 21/108 | Loss: 4.9734 (SC: 4.1739, Emo: 0.4639, ID: 3.3555)
2026-04-18 20:13:54 │ DEBUG    │ AdversarialTrainer             │   Epoch 56 | Batch 42/108 | Loss: 5.0010 (SC: 4.1829, Emo: 0.3552, ID: 4.6289)
2026-04-18 20:14:01 │ DEBUG    │ AdversarialTrainer             │   Epoch 56 | Batch 63/108 | Loss: 5.5935 (SC: 4.1774, Emo: 0.9788, ID: 4.3730)
2026-04-18 20:14:07 │ DEBUG    │ AdversarialTrainer             │   Epoch 56 | Batch 84/108 | Loss: 5.9405 (SC: 4.2144, Emo: 1.2424, ID: 4.8369)
2026-04-18 20:14:13 │ DEBUG    │ AdversarialTrainer             │   Epoch 56 | Batch 105/108 | Loss: 5.1415 (SC: 4.1800, Emo: 0.4954, ID: 4.6611)
2026-04-18 20:14:20 │ INFO     │ AdversarialTrainer             │ ──────────────────────────────────────────────────────────────────────
2026-04-18 20:14:20 │ INFO     │ AdversarialTrainer             │ Epoch 56/150  [38.1s]  │  LR=0.000007  │  λ_GRL=0.9513
2026-04-18 20:14:20 │ INFO     │ AdversarialTrainer             │   Train │ Loss: 5.5662  (SC: 4.1761 × 1.0 + Emo: 0.9565 + 0.10 × ID: 4.3357)
2026-04-18 20:14:20 │ INFO     │ AdversarialTrainer             │   Train │ EmoAcc: 0.2083  │ IDAcc: 0.0602
2026-04-18 20:14:20 │ INFO     │ AdversarialTrainer             │   Val   │ Loss: 5.3760  (SC: 4.1781)  │ EmoAcc: 0.0556  │ IDAcc: 0.0000
2026-04-18 20:14:20 │ INFO     │ AdversarialTrainer             │ ──────────────────────────────────────────────────────────────────────
2026-04-18 20:14:20 │ DEBUG    │ AdversarialTrainer             │ Checkpoint saved: epoch=56 → C:\Users\Addhyan\Desktop\Thesis\Thesis3\Stage4_TransferLearning\checkpoints\phase2_micro\latest_checkpoint.pth
2026-04-18 20:14:26 │ DEBUG    │ AdversarialTrainer             │   Epoch 57 | Batch 21/108 | Loss: 5.3393 (SC: 4.1802, Emo: 0.7541, ID: 4.0498)
2026-04-18 20:14:33 │ DEBUG    │ AdversarialTrainer             │   Epoch 57 | Batch 42/108 | Loss: 5.8322 (SC: 4.1802, Emo: 1.3276, ID: 3.2441)
2026-04-18 20:14:39 │ DEBUG    │ AdversarialTrainer             │   Epoch 57 | Batch 63/108 | Loss: 5.5653 (SC: 4.1810, Emo: 0.9309, ID: 4.5342)
2026-04-18 20:14:45 │ DEBUG    │ AdversarialTrainer             │   Epoch 57 | Batch 84/108 | Loss: 5.7680 (SC: 4.1558, Emo: 1.1286, ID: 4.8359)
2026-04-18 20:14:52 │ DEBUG    │ AdversarialTrainer             │   Epoch 57 | Batch 105/108 | Loss: 5.5147 (SC: 4.1739, Emo: 0.9685, ID: 3.7236)
2026-04-18 20:14:58 │ INFO     │ AdversarialTrainer             │ ──────────────────────────────────────────────────────────────────────
2026-04-18 20:14:58 │ INFO     │ AdversarialTrainer             │ Epoch 57/150  [38.2s]  │  LR=0.000007  │  λ_GRL=0.9544
2026-04-18 20:14:58 │ INFO     │ AdversarialTrainer             │   Train │ Loss: 5.5693  (SC: 4.1755 × 1.0 + Emo: 0.9678 + 0.10 × ID: 4.2593)
2026-04-18 20:14:58 │ INFO     │ AdversarialTrainer             │   Train │ EmoAcc: 0.2130  │ IDAcc: 0.0370
2026-04-18 20:14:58 │ INFO     │ AdversarialTrainer             │   Val   │ Loss: 5.3622  (SC: 4.1751)  │ EmoAcc: 0.0667  │ IDAcc: 0.0000
2026-04-18 20:14:58 │ INFO     │ AdversarialTrainer             │ ──────────────────────────────────────────────────────────────────────
2026-04-18 20:14:58 │ DEBUG    │ AdversarialTrainer             │ Checkpoint saved: epoch=57 → C:\Users\Addhyan\Desktop\Thesis\Thesis3\Stage4_TransferLearning\checkpoints\phase2_micro\latest_checkpoint.pth
2026-04-18 20:15:04 │ DEBUG    │ AdversarialTrainer             │   Epoch 58 | Batch 21/108 | Loss: 5.2721 (SC: 4.1885, Emo: 0.7695, ID: 3.1416)
2026-04-18 20:15:11 │ DEBUG    │ AdversarialTrainer             │   Epoch 58 | Batch 42/108 | Loss: 5.6866 (SC: 4.1926, Emo: 1.1576, ID: 3.3633)
2026-04-18 20:15:17 │ DEBUG    │ AdversarialTrainer             │   Epoch 58 | Batch 63/108 | Loss: 5.4909 (SC: 4.1694, Emo: 0.8418, ID: 4.7969)
2026-04-18 20:15:23 │ DEBUG    │ AdversarialTrainer             │   Epoch 58 | Batch 84/108 | Loss: 5.0567 (SC: 4.1776, Emo: 0.5186, ID: 3.6045)
2026-04-18 20:15:30 │ DEBUG    │ AdversarialTrainer             │   Epoch 58 | Batch 105/108 | Loss: 4.9640 (SC: 4.1736, Emo: 0.2498, ID: 5.4062)
2026-04-18 20:15:36 │ INFO     │ AdversarialTrainer             │ ──────────────────────────────────────────────────────────────────────
2026-04-18 20:15:36 │ INFO     │ AdversarialTrainer             │ Epoch 58/150  [38.1s]  │  LR=0.000007  │  λ_GRL=0.9573
2026-04-18 20:15:36 │ INFO     │ AdversarialTrainer             │   Train │ Loss: 5.6217  (SC: 4.1761 × 1.0 + Emo: 1.0038 + 0.10 × ID: 4.4181)
2026-04-18 20:15:36 │ INFO     │ AdversarialTrainer             │   Train │ EmoAcc: 0.2454  │ IDAcc: 0.0463
2026-04-18 20:15:36 │ INFO     │ AdversarialTrainer             │   Val   │ Loss: 5.3927  (SC: 4.1766)  │ EmoAcc: 0.0444  │ IDAcc: 0.0000
2026-04-18 20:15:36 │ INFO     │ AdversarialTrainer             │ ──────────────────────────────────────────────────────────────────────
2026-04-18 20:15:36 │ DEBUG    │ AdversarialTrainer             │ Checkpoint saved: epoch=58 → C:\Users\Addhyan\Desktop\Thesis\Thesis3\Stage4_TransferLearning\checkpoints\phase2_micro\latest_checkpoint.pth
2026-04-18 20:15:43 │ DEBUG    │ AdversarialTrainer             │   Epoch 59 | Batch 21/108 | Loss: 5.1036 (SC: 4.1808, Emo: 0.4029, ID: 5.1992)
2026-04-18 20:15:49 │ DEBUG    │ AdversarialTrainer             │   Epoch 59 | Batch 42/108 | Loss: 4.9642 (SC: 4.1662, Emo: 0.3087, ID: 4.8936)
2026-04-18 20:15:55 │ DEBUG    │ AdversarialTrainer             │   Epoch 59 | Batch 63/108 | Loss: 5.6837 (SC: 4.1722, Emo: 0.9603, ID: 5.5117)
2026-04-18 20:16:02 │ DEBUG    │ AdversarialTrainer             │   Epoch 59 | Batch 84/108 | Loss: 5.2892 (SC: 4.1684, Emo: 0.6842, ID: 4.3652)
2026-04-18 20:16:08 │ DEBUG    │ AdversarialTrainer             │   Epoch 59 | Batch 105/108 | Loss: 5.0602 (SC: 4.1751, Emo: 0.5715, ID: 3.1367)
2026-04-18 20:16:14 │ INFO     │ AdversarialTrainer             │ ──────────────────────────────────────────────────────────────────────
2026-04-18 20:16:14 │ INFO     │ AdversarialTrainer             │ Epoch 59/150  [38.1s]  │  LR=0.000007  │  λ_GRL=0.9600
2026-04-18 20:16:14 │ INFO     │ AdversarialTrainer             │   Train │ Loss: 5.6393  (SC: 4.1751 × 1.0 + Emo: 1.0266 + 0.10 × ID: 4.3771)
2026-04-18 20:16:14 │ INFO     │ AdversarialTrainer             │   Train │ EmoAcc: 0.2315  │ IDAcc: 0.0185
2026-04-18 20:16:14 │ INFO     │ AdversarialTrainer             │   Val   │ Loss: 5.3850  (SC: 4.1782)  │ EmoAcc: 0.0667  │ IDAcc: 0.0000
2026-04-18 20:16:14 │ INFO     │ AdversarialTrainer             │ ──────────────────────────────────────────────────────────────────────
2026-04-18 20:16:14 │ DEBUG    │ AdversarialTrainer             │ Checkpoint saved: epoch=59 → C:\Users\Addhyan\Desktop\Thesis\Thesis3\Stage4_TransferLearning\checkpoints\phase2_micro\latest_checkpoint.pth
2026-04-18 20:16:21 │ DEBUG    │ AdversarialTrainer             │   Epoch 60 | Batch 21/108 | Loss: 5.1769 (SC: 4.1725, Emo: 0.7130, ID: 2.9136)
2026-04-18 20:16:27 │ DEBUG    │ AdversarialTrainer             │   Epoch 60 | Batch 42/108 | Loss: 6.3101 (SC: 4.1770, Emo: 1.8791, ID: 2.5405)
2026-04-18 20:16:33 │ DEBUG    │ AdversarialTrainer             │   Epoch 60 | Batch 63/108 | Loss: 4.9888 (SC: 4.1685, Emo: 0.5725, ID: 2.4785)
2026-04-18 20:16:40 │ DEBUG    │ AdversarialTrainer             │   Epoch 60 | Batch 84/108 | Loss: 6.8430 (SC: 4.1961, Emo: 2.3628, ID: 2.8403)
2026-04-18 20:16:46 │ DEBUG    │ AdversarialTrainer             │   Epoch 60 | Batch 105/108 | Loss: 5.3756 (SC: 4.1689, Emo: 0.8506, ID: 3.5605)
2026-04-18 20:16:52 │ INFO     │ AdversarialTrainer             │ ──────────────────────────────────────────────────────────────────────
2026-04-18 20:16:52 │ INFO     │ AdversarialTrainer             │ Epoch 60/150  [38.1s]  │  LR=0.000007  │  λ_GRL=0.9626
2026-04-18 20:16:52 │ INFO     │ AdversarialTrainer             │   Train │ Loss: 5.5173  (SC: 4.1742 × 1.0 + Emo: 0.9002 + 0.10 × ID: 4.4296)
2026-04-18 20:16:52 │ INFO     │ AdversarialTrainer             │   Train │ EmoAcc: 0.3009  │ IDAcc: 0.0324
2026-04-18 20:16:52 │ INFO     │ AdversarialTrainer             │   Val   │ Loss: 5.3948  (SC: 4.1755)  │ EmoAcc: 0.0444  │ IDAcc: 0.0000
2026-04-18 20:16:52 │ INFO     │ AdversarialTrainer             │ ──────────────────────────────────────────────────────────────────────
2026-04-18 20:16:52 │ DEBUG    │ AdversarialTrainer             │ Checkpoint saved: epoch=60 → C:\Users\Addhyan\Desktop\Thesis\Thesis3\Stage4_TransferLearning\checkpoints\phase2_micro\latest_checkpoint.pth
2026-04-18 20:16:59 │ DEBUG    │ AdversarialTrainer             │   Epoch 61 | Batch 21/108 | Loss: 6.0413 (SC: 4.1642, Emo: 1.3172, ID: 5.5996)
2026-04-18 20:17:05 │ DEBUG    │ AdversarialTrainer             │   Epoch 61 | Batch 42/108 | Loss: 5.1428 (SC: 4.1763, Emo: 0.7352, ID: 2.3135)
2026-04-18 20:17:11 │ DEBUG    │ AdversarialTrainer             │   Epoch 61 | Batch 63/108 | Loss: 4.7969 (SC: 4.1762, Emo: 0.3393, ID: 2.8140)
2026-04-18 20:17:18 │ DEBUG    │ AdversarialTrainer             │   Epoch 61 | Batch 84/108 | Loss: 5.0166 (SC: 4.1624, Emo: 0.5020, ID: 3.5225)
2026-04-18 20:17:24 │ DEBUG    │ AdversarialTrainer             │   Epoch 61 | Batch 105/108 | Loss: 5.3337 (SC: 4.1808, Emo: 0.8858, ID: 2.6714)
2026-04-18 20:17:31 │ INFO     │ AdversarialTrainer             │ ──────────────────────────────────────────────────────────────────────
2026-04-18 20:17:31 │ INFO     │ AdversarialTrainer             │ Epoch 61/150  [38.1s]  │  LR=0.000007  │  λ_GRL=0.9650
2026-04-18 20:17:31 │ INFO     │ AdversarialTrainer             │   Train │ Loss: 5.5903  (SC: 4.1756 × 1.0 + Emo: 0.9836 + 0.10 × ID: 4.3103)
2026-04-18 20:17:31 │ INFO     │ AdversarialTrainer             │   Train │ EmoAcc: 0.2130  │ IDAcc: 0.0185
2026-04-18 20:17:31 │ INFO     │ AdversarialTrainer             │   Val   │ Loss: 5.3840  (SC: 4.1772)  │ EmoAcc: 0.0333  │ IDAcc: 0.0000
2026-04-18 20:17:31 │ INFO     │ AdversarialTrainer             │ ──────────────────────────────────────────────────────────────────────
2026-04-18 20:17:31 │ DEBUG    │ AdversarialTrainer             │ Checkpoint saved: epoch=61 → C:\Users\Addhyan\Desktop\Thesis\Thesis3\Stage4_TransferLearning\checkpoints\phase2_micro\latest_checkpoint.pth
2026-04-18 20:17:37 │ DEBUG    │ AdversarialTrainer             │   Epoch 62 | Batch 21/108 | Loss: 5.5587 (SC: 4.1848, Emo: 0.8024, ID: 5.7148)
2026-04-18 20:17:45 │ DEBUG    │ AdversarialTrainer             │   Epoch 62 | Batch 42/108 | Loss: 5.0453 (SC: 4.1841, Emo: 0.3687, ID: 4.9258)
2026-04-18 20:17:52 │ DEBUG    │ AdversarialTrainer             │   Epoch 62 | Batch 63/108 | Loss: 5.8011 (SC: 4.1766, Emo: 1.3415, ID: 2.8301)
2026-04-18 20:17:59 │ DEBUG    │ AdversarialTrainer             │   Epoch 62 | Batch 84/108 | Loss: 5.2898 (SC: 4.1751, Emo: 0.5501, ID: 5.6465)
2026-04-18 20:18:07 │ DEBUG    │ AdversarialTrainer             │   Epoch 62 | Batch 105/108 | Loss: 5.0957 (SC: 4.1859, Emo: 0.5783, ID: 3.3145)
2026-04-18 20:18:14 │ INFO     │ AdversarialTrainer             │ ──────────────────────────────────────────────────────────────────────
2026-04-18 20:18:14 │ INFO     │ AdversarialTrainer             │ Epoch 62/150  [43.4s]  │  LR=0.000006  │  λ_GRL=0.9672
2026-04-18 20:18:14 │ INFO     │ AdversarialTrainer             │   Train │ Loss: 5.5244  (SC: 4.1767 × 1.0 + Emo: 0.9066 + 0.10 × ID: 4.4104)
2026-04-18 20:18:14 │ INFO     │ AdversarialTrainer             │   Train │ EmoAcc: 0.2083  │ IDAcc: 0.0278
2026-04-18 20:18:14 │ INFO     │ AdversarialTrainer             │   Val   │ Loss: 5.3897  (SC: 4.1759)  │ EmoAcc: 0.0444  │ IDAcc: 0.0000
2026-04-18 20:18:14 │ INFO     │ AdversarialTrainer             │ ──────────────────────────────────────────────────────────────────────
2026-04-18 20:18:14 │ DEBUG    │ AdversarialTrainer             │ Checkpoint saved: epoch=62 → C:\Users\Addhyan\Desktop\Thesis\Thesis3\Stage4_TransferLearning\checkpoints\phase2_micro\latest_checkpoint.pth
2026-04-18 20:18:21 │ DEBUG    │ AdversarialTrainer             │   Epoch 63 | Batch 21/108 | Loss: 5.3691 (SC: 4.1713, Emo: 0.7249, ID: 4.7285)
2026-04-18 20:18:29 │ DEBUG    │ AdversarialTrainer             │   Epoch 63 | Batch 42/108 | Loss: 5.6328 (SC: 4.1634, Emo: 1.0699, ID: 3.9941)
2026-04-18 20:18:36 │ DEBUG    │ AdversarialTrainer             │   Epoch 63 | Batch 63/108 | Loss: 5.7536 (SC: 4.1721, Emo: 1.0757, ID: 5.0586)
2026-04-18 20:18:43 │ DEBUG    │ AdversarialTrainer             │   Epoch 63 | Batch 84/108 | Loss: 5.9728 (SC: 4.1710, Emo: 1.3668, ID: 4.3496)
2026-04-18 20:18:50 │ DEBUG    │ AdversarialTrainer             │   Epoch 63 | Batch 105/108 | Loss: 5.1116 (SC: 4.1770, Emo: 0.6308, ID: 3.0381)
2026-04-18 20:18:58 │ INFO     │ AdversarialTrainer             │ ──────────────────────────────────────────────────────────────────────
2026-04-18 20:18:58 │ INFO     │ AdversarialTrainer             │ Epoch 63/150  [43.5s]  │  LR=0.000006  │  λ_GRL=0.9693
2026-04-18 20:18:58 │ INFO     │ AdversarialTrainer             │   Train │ Loss: 5.5904  (SC: 4.1757 × 1.0 + Emo: 0.9788 + 0.10 × ID: 4.3588)
2026-04-18 20:18:58 │ INFO     │ AdversarialTrainer             │   Train │ EmoAcc: 0.2500  │ IDAcc: 0.0324
2026-04-18 20:18:58 │ INFO     │ AdversarialTrainer             │   Val   │ Loss: 5.3726  (SC: 4.1766)  │ EmoAcc: 0.0667  │ IDAcc: 0.0000
2026-04-18 20:18:58 │ INFO     │ AdversarialTrainer             │ ──────────────────────────────────────────────────────────────────────
2026-04-18 20:18:58 │ DEBUG    │ AdversarialTrainer             │ Checkpoint saved: epoch=63 → C:\Users\Addhyan\Desktop\Thesis\Thesis3\Stage4_TransferLearning\checkpoints\phase2_micro\latest_checkpoint.pth
2026-04-18 20:19:05 │ DEBUG    │ AdversarialTrainer             │   Epoch 64 | Batch 21/108 | Loss: 5.3572 (SC: 4.1769, Emo: 0.7372, ID: 4.4307)
2026-04-18 20:19:12 │ DEBUG    │ AdversarialTrainer             │   Epoch 64 | Batch 42/108 | Loss: 4.7726 (SC: 4.1739, Emo: 0.2364, ID: 3.6230)
2026-04-18 20:19:19 │ DEBUG    │ AdversarialTrainer             │   Epoch 64 | Batch 63/108 | Loss: 5.0170 (SC: 4.1796, Emo: 0.5192, ID: 3.1831)
2026-04-18 20:19:27 │ DEBUG    │ AdversarialTrainer             │   Epoch 64 | Batch 84/108 | Loss: 5.2909 (SC: 4.1730, Emo: 0.7748, ID: 3.4307)
2026-04-18 20:19:34 │ DEBUG    │ AdversarialTrainer             │   Epoch 64 | Batch 105/108 | Loss: 5.0483 (SC: 4.1699, Emo: 0.4538, ID: 4.2461)
2026-04-18 20:19:41 │ INFO     │ AdversarialTrainer             │ ──────────────────────────────────────────────────────────────────────
2026-04-18 20:19:41 │ INFO     │ AdversarialTrainer             │ Epoch 64/150  [43.8s]  │  LR=0.000006  │  λ_GRL=0.9713
2026-04-18 20:19:41 │ INFO     │ AdversarialTrainer             │   Train │ Loss: 5.5082  (SC: 4.1767 × 1.0 + Emo: 0.9001 + 0.10 × ID: 4.3141)
2026-04-18 20:19:41 │ INFO     │ AdversarialTrainer             │   Train │ EmoAcc: 0.2778  │ IDAcc: 0.0463
2026-04-18 20:19:41 │ INFO     │ AdversarialTrainer             │   Val   │ Loss: 5.3569  (SC: 4.1756)  │ EmoAcc: 0.0778  │ IDAcc: 0.0000
2026-04-18 20:19:41 │ INFO     │ AdversarialTrainer             │ ──────────────────────────────────────────────────────────────────────
2026-04-18 20:19:41 │ DEBUG    │ AdversarialTrainer             │ Checkpoint saved: epoch=64 → C:\Users\Addhyan\Desktop\Thesis\Thesis3\Stage4_TransferLearning\checkpoints\phase2_micro\latest_checkpoint.pth
2026-04-18 20:19:49 │ DEBUG    │ AdversarialTrainer             │   Epoch 65 | Batch 21/108 | Loss: 5.2677 (SC: 4.1788, Emo: 0.5393, ID: 5.4961)
2026-04-18 20:19:56 │ DEBUG    │ AdversarialTrainer             │   Epoch 65 | Batch 42/108 | Loss: 4.9751 (SC: 4.1705, Emo: 0.4959, ID: 3.0879)
2026-04-18 20:20:03 │ DEBUG    │ AdversarialTrainer             │   Epoch 65 | Batch 63/108 | Loss: 5.6563 (SC: 4.1720, Emo: 0.9522, ID: 5.3203)
2026-04-18 20:20:10 │ DEBUG    │ AdversarialTrainer             │   Epoch 65 | Batch 84/108 | Loss: 6.2998 (SC: 4.1753, Emo: 1.5337, ID: 5.9082)
2026-04-18 20:20:18 │ DEBUG    │ AdversarialTrainer             │   Epoch 65 | Batch 105/108 | Loss: 5.5660 (SC: 4.1688, Emo: 0.8306, ID: 5.6660)
2026-04-18 20:20:25 │ INFO     │ AdversarialTrainer             │ ──────────────────────────────────────────────────────────────────────
2026-04-18 20:20:25 │ INFO     │ AdversarialTrainer             │ Epoch 65/150  [43.2s]  │  LR=0.000006  │  λ_GRL=0.9731
2026-04-18 20:20:25 │ INFO     │ AdversarialTrainer             │   Train │ Loss: 5.5295  (SC: 4.1756 × 1.0 + Emo: 0.9133 + 0.10 × ID: 4.4053)
2026-04-18 20:20:25 │ INFO     │ AdversarialTrainer             │   Train │ EmoAcc: 0.2731  │ IDAcc: 0.0370
2026-04-18 20:20:25 │ INFO     │ AdversarialTrainer             │   Val   │ Loss: 5.3761  (SC: 4.1786)  │ EmoAcc: 0.0444  │ IDAcc: 0.0000
2026-04-18 20:20:25 │ INFO     │ AdversarialTrainer             │ ──────────────────────────────────────────────────────────────────────
2026-04-18 20:20:25 │ DEBUG    │ AdversarialTrainer             │ Checkpoint saved: epoch=65 → C:\Users\Addhyan\Desktop\Thesis\Thesis3\Stage4_TransferLearning\checkpoints\phase2_micro\latest_checkpoint.pth
2026-04-18 20:20:32 │ DEBUG    │ AdversarialTrainer             │   Epoch 66 | Batch 21/108 | Loss: 5.1952 (SC: 4.1683, Emo: 0.7392, ID: 2.8765)
2026-04-18 20:20:39 │ DEBUG    │ AdversarialTrainer             │   Epoch 66 | Batch 42/108 | Loss: 5.0817 (SC: 4.1883, Emo: 0.3577, ID: 5.3574)
2026-04-18 20:20:46 │ DEBUG    │ AdversarialTrainer             │   Epoch 66 | Batch 63/108 | Loss: 5.1010 (SC: 4.1852, Emo: 0.4712, ID: 4.4463)
2026-04-18 20:20:54 │ DEBUG    │ AdversarialTrainer             │   Epoch 66 | Batch 84/108 | Loss: 5.1494 (SC: 4.1754, Emo: 0.6169, ID: 3.5703)
2026-04-18 20:21:01 │ DEBUG    │ AdversarialTrainer             │   Epoch 66 | Batch 105/108 | Loss: 6.3317 (SC: 4.1694, Emo: 1.8905, ID: 2.7178)
2026-04-18 20:21:08 │ INFO     │ AdversarialTrainer             │ ──────────────────────────────────────────────────────────────────────
2026-04-18 20:21:08 │ INFO     │ AdversarialTrainer             │ Epoch 66/150  [43.9s]  │  LR=0.000006  │  λ_GRL=0.9748
2026-04-18 20:21:08 │ INFO     │ AdversarialTrainer             │   Train │ Loss: 5.5286  (SC: 4.1770 × 1.0 + Emo: 0.9160 + 0.10 × ID: 4.3560)
2026-04-18 20:21:08 │ INFO     │ AdversarialTrainer             │   Train │ EmoAcc: 0.2269  │ IDAcc: 0.0370
2026-04-18 20:21:08 │ INFO     │ AdversarialTrainer             │   Val   │ Loss: 5.3756  (SC: 4.1756)  │ EmoAcc: 0.0778  │ IDAcc: 0.0000
2026-04-18 20:21:08 │ INFO     │ AdversarialTrainer             │ ──────────────────────────────────────────────────────────────────────
2026-04-18 20:21:09 │ DEBUG    │ AdversarialTrainer             │ Checkpoint saved: epoch=66 → C:\Users\Addhyan\Desktop\Thesis\Thesis3\Stage4_TransferLearning\checkpoints\phase2_micro\latest_checkpoint.pth
2026-04-18 20:21:16 │ DEBUG    │ AdversarialTrainer             │   Epoch 67 | Batch 21/108 | Loss: 6.5486 (SC: 4.1758, Emo: 1.8244, ID: 5.4844)
2026-04-18 20:21:23 │ DEBUG    │ AdversarialTrainer             │   Epoch 67 | Batch 42/108 | Loss: 5.4147 (SC: 4.1708, Emo: 0.6639, ID: 5.8008)
2026-04-18 20:21:31 │ DEBUG    │ AdversarialTrainer             │   Epoch 67 | Batch 63/108 | Loss: 5.6926 (SC: 4.1615, Emo: 1.0128, ID: 5.1826)
2026-04-18 20:21:38 │ DEBUG    │ AdversarialTrainer             │   Epoch 67 | Batch 84/108 | Loss: 4.9749 (SC: 4.1716, Emo: 0.3031, ID: 5.0020)
2026-04-18 20:21:45 │ DEBUG    │ AdversarialTrainer             │   Epoch 67 | Batch 105/108 | Loss: 5.6666 (SC: 4.1801, Emo: 0.9410, ID: 5.4551)
2026-04-18 20:21:53 │ INFO     │ AdversarialTrainer             │ ──────────────────────────────────────────────────────────────────────
2026-04-18 20:21:53 │ INFO     │ AdversarialTrainer             │ Epoch 67/150  [43.9s]  │  LR=0.000006  │  λ_GRL=0.9764
2026-04-18 20:21:53 │ INFO     │ AdversarialTrainer             │   Train │ Loss: 5.5965  (SC: 4.1773 × 1.0 + Emo: 0.9696 + 0.10 × ID: 4.4963)
2026-04-18 20:21:53 │ INFO     │ AdversarialTrainer             │   Train │ EmoAcc: 0.2778  │ IDAcc: 0.0370
2026-04-18 20:21:53 │ INFO     │ AdversarialTrainer             │   Val   │ Loss: 5.3704  (SC: 4.1773)  │ EmoAcc: 0.0667  │ IDAcc: 0.0000
2026-04-18 20:21:53 │ INFO     │ AdversarialTrainer             │ ──────────────────────────────────────────────────────────────────────
2026-04-18 20:21:53 │ DEBUG    │ AdversarialTrainer             │ Checkpoint saved: epoch=67 → C:\Users\Addhyan\Desktop\Thesis\Thesis3\Stage4_TransferLearning\checkpoints\phase2_micro\latest_checkpoint.pth
2026-04-18 20:22:00 │ DEBUG    │ AdversarialTrainer             │   Epoch 68 | Batch 21/108 | Loss: 5.6470 (SC: 4.1985, Emo: 1.0122, ID: 4.3633)
2026-04-18 20:22:07 │ DEBUG    │ AdversarialTrainer             │   Epoch 68 | Batch 42/108 | Loss: 5.2116 (SC: 4.1740, Emo: 0.7207, ID: 3.1689)
2026-04-18 20:22:14 │ DEBUG    │ AdversarialTrainer             │   Epoch 68 | Batch 63/108 | Loss: 6.4352 (SC: 4.1754, Emo: 1.7916, ID: 4.6816)
2026-04-18 20:22:20 │ DEBUG    │ AdversarialTrainer             │   Epoch 68 | Batch 84/108 | Loss: 6.6374 (SC: 4.1788, Emo: 1.9486, ID: 5.0996)
