2026-04-01 18:53:53 │ DEBUG    │ main_step1                     │ Logger 'main_step1' initialised.  Console=INFO  File=DEBUG  → C:\Users\Addhyan\Desktop\Thesis\Thesis3\Stage1_DataPipeline\logs\pipeline_step1.log
2026-04-01 18:53:53 │ INFO     │ main_step1                     │ ╔════════════════════════════════════════════════════════════════════╗
2026-04-01 18:53:53 │ INFO     │ main_step1                     │ ║  Micro-Expression Recognition — Thesis Data Pipeline            ║
2026-04-01 18:53:53 │ INFO     │ main_step1                     │ ║  Stage 1 / Step 1: Unified Metadata Generation                  ║
2026-04-01 18:53:53 │ INFO     │ main_step1                     │ ╚════════════════════════════════════════════════════════════════════╝
2026-04-01 18:53:53 │ INFO     │ main_step1                     │ --force flag detected.  Resetting all checkpoints …
2026-04-01 18:53:53 │ DEBUG    │ main_step1                     │   (not found, skipping): C:\Users\Addhyan\Desktop\Thesis\Thesis3\Processed_Data\checkpoints\processed_state.json
2026-04-01 18:53:53 │ DEBUG    │ main_step1                     │   (not found, skipping): C:\Users\Addhyan\Desktop\Thesis\Thesis3\Processed_Data\master_thesis_labels.csv
2026-04-01 18:53:53 │ DEBUG    │ main_step1                     │   (not found, skipping): C:\Users\Addhyan\Desktop\Thesis\Thesis3\Processed_Data\intermediates
2026-04-01 18:53:53 │ INFO     │ main_step1                     │ Force reset complete.  All checkpoints cleared.
2026-04-01 18:53:53 │ INFO     │ main_step1                     │ Running pre-flight checks …
2026-04-01 18:53:53 │ INFO     │ main_step1                     │   ✓  CASME II Excel:     C:\Users\Addhyan\Desktop\Thesis\Thesis3\DATASETS\CASME II\CASME2-coding-20140508.xlsx
2026-04-01 18:53:53 │ INFO     │ main_step1                     │   ✓  CASME II Frames:    C:\Users\Addhyan\Desktop\Thesis\Thesis3\DATASETS\CASME II\Cropped
2026-04-01 18:53:53 │ INFO     │ main_step1                     │   ✓  CAS(ME)^2 Excel:    C:\Users\Addhyan\Desktop\Thesis\Thesis3\DATASETS\CAS(ME)^2code_final.xlsx
2026-04-01 18:53:53 │ INFO     │ main_step1                     │   ✓  CAS(ME)^2 Frames:   C:\Users\Addhyan\Desktop\Thesis\Thesis3\DATASETS\cropped
2026-04-01 18:53:53 │ INFO     │ main_step1                     │ All pre-flight checks passed.  ✓

2026-04-01 18:53:53 │ DEBUG    │ PipelineManager                │ Logger 'PipelineManager' initialised.  Console=INFO  File=DEBUG  → C:\Users\Addhyan\Desktop\Thesis\Thesis3\Stage1_DataPipeline\logs\pipeline_step1.log
2026-04-01 18:53:53 │ DEBUG    │ CheckpointManager              │ Logger 'CheckpointManager' initialised.  Console=INFO  File=DEBUG  → C:\Users\Addhyan\Desktop\Thesis\Thesis3\Stage1_DataPipeline\logs\pipeline_step1.log
2026-04-01 18:53:53 │ INFO     │ CheckpointManager              │ Created new checkpoint file at C:\Users\Addhyan\Desktop\Thesis\Thesis3\Processed_Data\checkpoints\processed_state.json
2026-04-01 18:53:53 │ INFO     │ PipelineManager                │ ╔════════════════════════════════════════════════════════════════════╗
2026-04-01 18:53:53 │ INFO     │ PipelineManager                │ ║  STAGE 1 / STEP 1 — Unified Metadata Pipeline                    ║
2026-04-01 18:53:53 │ INFO     │ PipelineManager                │ ╚════════════════════════════════════════════════════════════════════╝
2026-04-01 18:53:53 │ INFO     │ PipelineManager                │ Checkpoint status:
No blocks registered yet.
2026-04-01 18:53:53 │ DEBUG    │ CASMEIIUnifier                 │ Logger 'CASMEIIUnifier' initialised.  Console=INFO  File=DEBUG  → C:\Users\Addhyan\Desktop\Thesis\Thesis3\Stage1_DataPipeline\logs\pipeline_step1.log
2026-04-01 18:53:53 │ INFO     │ CASMEIIUnifier                 │ ══════════════════════════════════════════════════════════════════════
2026-04-01 18:53:53 │ INFO     │ CASMEIIUnifier                 │ Starting unification for: CASMEIIUnifier
2026-04-01 18:53:53 │ INFO     │ CASMEIIUnifier                 │ ══════════════════════════════════════════════════════════════════════
2026-04-01 18:53:53 │ INFO     │ CASMEIIUnifier                 │ Reading CASME II Excel: C:\Users\Addhyan\Desktop\Thesis\Thesis3\DATASETS\CASME II\CASME2-coding-20140508.xlsx
2026-04-01 18:53:53 │ INFO     │ CASMEIIUnifier                 │ Successfully read 255 rows × 9 columns from CASME II Excel.
2026-04-01 18:53:53 │ DEBUG    │ CASMEIIUnifier                 │ Raw columns: ['Subject', 'Filename', 'Unnamed: 2', 'OnsetFrame', 'ApexFrame', 'OffsetFrame', 'Unnamed: 6', 'Action Units', 'Estimated Emotion']
2026-04-01 18:53:53 │ INFO     │ CASMEIIUnifier                 │ Raw DataFrame loaded.  Shape: (255, 9)
2026-04-01 18:53:53 │ DEBUG    │ CASMEIIUnifier                 │ Calculated Sequence Length: 41  (Onset=46, Offset=86, Video='EP02_01f')
2026-04-01 18:53:53 │ DEBUG    │ CASMEIIUnifier                 │ CASME_II │ sub01 │ EP02_01f     │ Onset=  46  Offset=  86  SeqLen= 41 │ happiness → Positive │ Frames=✓
2026-04-01 18:53:53 │ DEBUG    │ CASMEIIUnifier                 │ Calculated Sequence Length: 31  (Onset=131, Offset=161, Video='EP03_02')
2026-04-01 18:53:53 │ DEBUG    │ CASMEIIUnifier                 │ CASME_II │ sub01 │ EP03_02      │ Onset= 131  Offset= 161  SeqLen= 31 │ others → Others │ Frames=✓
2026-04-01 18:53:53 │ DEBUG    │ CASMEIIUnifier                 │ Calculated Sequence Length: 56  (Onset=21, Offset=76, Video='EP04_02')
2026-04-01 18:53:53 │ DEBUG    │ CASMEIIUnifier                 │ CASME_II │ sub01 │ EP04_02      │ Onset=  21  Offset=  76  SeqLen= 56 │ others → Others │ Frames=✓
2026-04-01 18:53:53 │ DEBUG    │ CASMEIIUnifier                 │ Calculated Sequence Length: 26  (Onset=31, Offset=56, Video='EP04_03')
2026-04-01 18:53:53 │ DEBUG    │ CASMEIIUnifier                 │ CASME_II │ sub01 │ EP04_03      │ Onset=  31  Offset=  56  SeqLen= 26 │ others → Others │ Frames=✓
2026-04-01 18:53:53 │ DEBUG    │ CASMEIIUnifier                 │ Calculated Sequence Length: 44  (Onset=23, Offset=66, Video='EP04_04')
2026-04-01 18:53:53 │ DEBUG    │ CASMEIIUnifier                 │ CASME_II │ sub01 │ EP04_04      │ Onset=  23  Offset=  66  SeqLen= 44 │ others → Others │ Frames=✓
2026-04-01 18:53:53 │ DEBUG    │ CASMEIIUnifier                 │ Calculated Sequence Length: 41  (Onset=26, Offset=66, Video='EP19_01')
2026-04-01 18:53:53 │ DEBUG    │ CASMEIIUnifier                 │ CASME_II │ sub01 │ EP19_01      │ Onset=  26  Offset=  66  SeqLen= 41 │ others → Others │ Frames=✓
2026-04-01 18:53:53 │ DEBUG    │ CASMEIIUnifier                 │ Calculated Sequence Length: 81  (Onset=81, Offset=161, Video='EP19_03f')
2026-04-01 18:53:53 │ DEBUG    │ CASMEIIUnifier                 │ CASME_II │ sub01 │ EP19_03f     │ Onset=  81  Offset= 161  SeqLen= 81 │ others → Others │ Frames=✓
2026-04-01 18:53:53 │ DEBUG    │ CASMEIIUnifier                 │ Calculated Sequence Length: 51  (Onset=396, Offset=446, Video='EP19_05f')
2026-04-01 18:53:53 │ DEBUG    │ CASMEIIUnifier                 │ CASME_II │ sub01 │ EP19_05f     │ Onset= 396  Offset= 446  SeqLen= 51 │ disgust → Negative │ Frames=✓
2026-04-01 18:53:53 │ DEBUG    │ CASMEIIUnifier                 │ Calculated Sequence Length: 126  (Onset=36, Offset=161, Video='EP19_06f')
2026-04-01 18:53:53 │ DEBUG    │ CASMEIIUnifier                 │ CASME_II │ sub01 │ EP19_06f     │ Onset=  36  Offset= 161  SeqLen=126 │ disgust → Negative │ Frames=✓
2026-04-01 18:53:53 │ DEBUG    │ CASMEIIUnifier                 │ Calculated Sequence Length: 51  (Onset=46, Offset=96, Video='EP01_11f')
2026-04-01 18:53:53 │ DEBUG    │ CASMEIIUnifier                 │ CASME_II │ sub02 │ EP01_11f     │ Onset=  46  Offset=  96  SeqLen= 51 │ repression → Negative │ Frames=✓
2026-04-01 18:53:53 │ DEBUG    │ CASMEIIUnifier                 │ Calculated Sequence Length: 111  (Onset=31, Offset=141, Video='EP02_04f')
2026-04-01 18:53:53 │ DEBUG    │ CASMEIIUnifier                 │ CASME_II │ sub02 │ EP02_04f     │ Onset=  31  Offset= 141  SeqLen=111 │ repression → Negative │ Frames=✓
2026-04-01 18:53:53 │ DEBUG    │ CASMEIIUnifier                 │ Calculated Sequence Length: 121  (Onset=16, Offset=136, Video='EP03_02f')
2026-04-01 18:53:53 │ DEBUG    │ CASMEIIUnifier                 │ CASME_II │ sub02 │ EP03_02f     │ Onset=  16  Offset= 136  SeqLen=121 │ repression → Negative │ Frames=✓
2026-04-01 18:53:53 │ DEBUG    │ CASMEIIUnifier                 │ Calculated Sequence Length: 100  (Onset=56, Offset=155, Video='EP06_01f')
2026-04-01 18:53:53 │ DEBUG    │ CASMEIIUnifier                 │ CASME_II │ sub02 │ EP06_01f     │ Onset=  56  Offset= 155  SeqLen=100 │ repression → Negative │ Frames=✓
2026-04-01 18:53:53 │ DEBUG    │ CASMEIIUnifier                 │ Calculated Sequence Length: 76  (Onset=36, Offset=111, Video='EP06_02f')
2026-04-01 18:53:53 │ DEBUG    │ CASMEIIUnifier                 │ CASME_II │ sub02 │ EP06_02f     │ Onset=  36  Offset= 111  SeqLen= 76 │ repression → Negative │ Frames=✓
2026-04-01 18:53:53 │ DEBUG    │ CASMEIIUnifier                 │ Calculated Sequence Length: 91  (Onset=16, Offset=106, Video='EP08_04')
2026-04-01 18:53:53 │ DEBUG    │ CASMEIIUnifier                 │ CASME_II │ sub02 │ EP08_04      │ Onset=  16  Offset= 106  SeqLen= 91 │ others → Others │ Frames=✓
2026-04-01 18:53:53 │ DEBUG    │ CASMEIIUnifier                 │ Calculated Sequence Length: 100  (Onset=26, Offset=125, Video='EP09_01')
2026-04-01 18:53:53 │ DEBUG    │ CASMEIIUnifier                 │ CASME_II │ sub02 │ EP09_01      │ Onset=  26  Offset= 125  SeqLen=100 │ happiness → Positive │ Frames=✓
2026-04-01 18:53:53 │ DEBUG    │ CASMEIIUnifier                 │ Calculated Sequence Length: 141  (Onset=11, Offset=151, Video='EP09_06f')
2026-04-01 18:53:53 │ DEBUG    │ CASMEIIUnifier                 │ CASME_II │ sub02 │ EP09_06f     │ Onset=  11  Offset= 151  SeqLen=141 │ others → Others │ Frames=✓
2026-04-01 18:53:53 │ DEBUG    │ CASMEIIUnifier                 │ Calculated Sequence Length: 41  (Onset=26, Offset=66, Video='EP09_10')
2026-04-01 18:53:53 │ DEBUG    │ CASMEIIUnifier                 │ CASME_II │ sub02 │ EP09_10      │ Onset=  26  Offset=  66  SeqLen= 41 │ others → Others │ Frames=✓
2026-04-01 18:53:53 │ DEBUG    │ CASMEIIUnifier                 │ Calculated Sequence Length: 91  (Onset=16, Offset=106, Video='EP11_01')
2026-04-01 18:53:53 │ DEBUG    │ CASMEIIUnifier                 │ CASME_II │ sub02 │ EP11_01      │ Onset=  16  Offset= 106  SeqLen= 91 │ surprise → Surprise │ Frames=✓
2026-04-01 18:53:53 │ DEBUG    │ CASMEIIUnifier                 │ Calculated Sequence Length: 56  (Onset=21, Offset=76, Video='EP13_04')
2026-04-01 18:53:53 │ DEBUG    │ CASMEIIUnifier                 │ CASME_II │ sub02 │ EP13_04      │ Onset=  21  Offset=  76  SeqLen= 56 │ surprise → Surprise │ Frames=✓
2026-04-01 18:53:53 │ DEBUG    │ CASMEIIUnifier                 │ Calculated Sequence Length: 46  (Onset=81, Offset=126, Video='EP14_01')
2026-04-01 18:53:53 │ DEBUG    │ CASMEIIUnifier                 │ CASME_II │ sub02 │ EP14_01      │ Onset=  81  Offset= 126  SeqLen= 46 │ surprise → Surprise │ Frames=✓
2026-04-01 18:53:53 │ DEBUG    │ CASMEIIUnifier                 │ Calculated Sequence Length: 71  (Onset=26, Offset=96, Video='EP15_04')
2026-04-01 18:53:53 │ DEBUG    │ CASMEIIUnifier                 │ CASME_II │ sub02 │ EP15_04      │ Onset=  26  Offset=  96  SeqLen= 71 │ others → Others │ Frames=✓
2026-04-01 18:53:53 │ DEBUG    │ CASMEIIUnifier                 │ Calculated Sequence Length: 41  (Onset=51, Offset=91, Video='EP01_2')
2026-04-01 18:53:53 │ DEBUG    │ CASMEIIUnifier                 │ CASME_II │ sub03 │ EP01_2       │ Onset=  51  Offset=  91  SeqLen= 41 │ surprise → Surprise │ Frames=✓
2026-04-01 18:53:53 │ DEBUG    │ CASMEIIUnifier                 │ Calculated Sequence Length: 61  (Onset=16, Offset=76, Video='EP07_03')
2026-04-01 18:53:53 │ DEBUG    │ CASMEIIUnifier                 │ CASME_II │ sub03 │ EP07_03      │ Onset=  16  Offset=  76  SeqLen= 61 │ others → Others │ Frames=✓
2026-04-01 18:53:53 │ DEBUG    │ CASMEIIUnifier                 │ Calculated Sequence Length: 86  (Onset=21, Offset=106, Video='EP07_04')
2026-04-01 18:53:53 │ DEBUG    │ CASMEIIUnifier                 │ CASME_II │ sub03 │ EP07_04      │ Onset=  21  Offset= 106  SeqLen= 86 │ disgust → Negative │ Frames=✓
2026-04-01 18:53:53 │ DEBUG    │ CASMEIIUnifier                 │ Calculated Sequence Length: 81  (Onset=11, Offset=91, Video='EP08_1')
2026-04-01 18:53:53 │ DEBUG    │ CASMEIIUnifier                 │ CASME_II │ sub03 │ EP08_1       │ Onset=  11  Offset=  91  SeqLen= 81 │ others → Others │ Frames=✓
2026-04-01 18:53:53 │ DEBUG    │ CASMEIIUnifier                 │ Calculated Sequence Length: 61  (Onset=61, Offset=121, Video='EP09_03')
2026-04-01 18:53:53 │ DEBUG    │ CASMEIIUnifier                 │ CASME_II │ sub03 │ EP09_03      │ Onset=  61  Offset= 121  SeqLen= 61 │ disgust → Negative │ Frames=✓
2026-04-01 18:53:53 │ DEBUG    │ CASMEIIUnifier                 │ Calculated Sequence Length: 101  (Onset=26, Offset=126, Video='EP18_06')
2026-04-01 18:53:53 │ DEBUG    │ CASMEIIUnifier                 │ CASME_II │ sub03 │ EP18_06      │ Onset=  26  Offset= 126  SeqLen=101 │ disgust → Negative │ Frames=✓
2026-04-01 18:53:53 │ DEBUG    │ CASMEIIUnifier                 │ Calculated Sequence Length: 41  (Onset=101, Offset=141, Video='EP19_08')
2026-04-01 18:53:53 │ DEBUG    │ CASMEIIUnifier                 │ CASME_II │ sub03 │ EP19_08      │ Onset= 101  Offset= 141  SeqLen= 41 │ disgust → Negative │ Frames=✓
2026-04-01 18:53:53 │ DEBUG    │ CASMEIIUnifier                 │ Non-numeric ApexFrame for sub04/EP12_01f: '/'
2026-04-01 18:53:53 │ DEBUG    │ CASMEIIUnifier                 │ Calculated Sequence Length: 61  (Onset=261, Offset=321, Video='EP12_01f')
2026-04-01 18:53:53 │ DEBUG    │ CASMEIIUnifier                 │ CASME_II │ sub04 │ EP12_01f     │ Onset= 261  Offset= 321  SeqLen= 61 │ disgust → Negative │ Frames=✓
2026-04-01 18:53:53 │ DEBUG    │ CASMEIIUnifier                 │ Calculated Sequence Length: 51  (Onset=356, Offset=406, Video='EP12_02f')
2026-04-01 18:53:53 │ DEBUG    │ CASMEIIUnifier                 │ CASME_II │ sub04 │ EP12_02f     │ Onset= 356  Offset= 406  SeqLen= 51 │ disgust → Negative │ Frames=✓
2026-04-01 18:53:53 │ DEBUG    │ CASMEIIUnifier                 │ Calculated Sequence Length: 61  (Onset=51, Offset=111, Video='EP13_02f')
2026-04-01 18:53:53 │ DEBUG    │ CASMEIIUnifier                 │ CASME_II │ sub04 │ EP13_02f     │ Onset=  51  Offset= 111  SeqLen= 61 │ others → Others │ Frames=✓
2026-04-01 18:53:53 │ DEBUG    │ CASMEIIUnifier                 │ Calculated Sequence Length: 91  (Onset=71, Offset=161, Video='EP13_06f')
2026-04-01 18:53:53 │ DEBUG    │ CASMEIIUnifier                 │ CASME_II │ sub04 │ EP13_06f     │ Onset=  71  Offset= 161  SeqLen= 91 │ disgust → Negative │ Frames=✓
2026-04-01 18:53:53 │ DEBUG    │ CASMEIIUnifier                 │ Calculated Sequence Length: 36  (Onset=191, Offset=226, Video='EP19_01f')
2026-04-01 18:53:53 │ DEBUG    │ CASMEIIUnifier                 │ CASME_II │ sub04 │ EP19_01f     │ Onset= 191  Offset= 226  SeqLen= 36 │ others → Others │ Frames=✓
2026-04-01 18:53:53 │ DEBUG    │ CASMEIIUnifier                 │ Calculated Sequence Length: 66  (Onset=36, Offset=101, Video='EP02_07')
2026-04-01 18:53:53 │ DEBUG    │ CASMEIIUnifier                 │ CASME_II │ sub05 │ EP02_07      │ Onset=  36  Offset= 101  SeqLen= 66 │ surprise → Surprise │ Frames=✓
2026-04-01 18:53:53 │ DEBUG    │ CASMEIIUnifier                 │ Calculated Sequence Length: 61  (Onset=41, Offset=101, Video='EP03_01')
2026-04-01 18:53:53 │ DEBUG    │ CASMEIIUnifier                 │ CASME_II │ sub05 │ EP03_01      │ Onset=  41  Offset= 101  SeqLen= 61 │ happiness → Positive │ Frames=✓
2026-04-01 18:53:53 │ DEBUG    │ CASMEIIUnifier                 │ Calculated Sequence Length: 51  (Onset=33, Offset=83, Video='EP03_06')
2026-04-01 18:53:53 │ DEBUG    │ CASMEIIUnifier                 │ CASME_II │ sub05 │ EP03_06      │ Onset=  33  Offset=  83  SeqLen= 51 │ surprise → Surprise │ Frames=✓
2026-04-01 18:53:53 │ DEBUG    │ CASMEIIUnifier                 │ Calculated Sequence Length: 43  (Onset=41, Offset=83, Video='EP03_07')
2026-04-01 18:53:53 │ DEBUG    │ CASMEIIUnifier                 │ CASME_II │ sub05 │ EP03_07      │ Onset=  41  Offset=  83  SeqLen= 43 │ others → Others │ Frames=✓
2026-04-01 18:53:53 │ DEBUG    │ CASMEIIUnifier                 │ Calculated Sequence Length: 51  (Onset=16, Offset=66, Video='EP04_05')
2026-04-01 18:53:53 │ DEBUG    │ CASMEIIUnifier                 │ CASME_II │ sub05 │ EP04_05      │ Onset=  16  Offset=  66  SeqLen= 51 │ surprise → Surprise │ Frames=✓
2026-04-01 18:53:53 │ DEBUG    │ CASMEIIUnifier                 │ Calculated Sequence Length: 86  (Onset=6, Offset=91, Video='EP04_06')
2026-04-01 18:53:53 │ DEBUG    │ CASMEIIUnifier                 │ CASME_II │ sub05 │ EP04_06      │ Onset=   6  Offset=  91  SeqLen= 86 │ surprise → Surprise │ Frames=✓
2026-04-01 18:53:53 │ DEBUG    │ CASMEIIUnifier                 │ Calculated Sequence Length: 91  (Onset=51, Offset=141, Video='EP05_03')
2026-04-01 18:53:53 │ DEBUG    │ CASMEIIUnifier                 │ CASME_II │ sub05 │ EP05_03      │ Onset=  51  Offset= 141  SeqLen= 91 │ others → Others │ Frames=✓
2026-04-01 18:53:53 │ DEBUG    │ CASMEIIUnifier                 │ Calculated Sequence Length: 88  (Onset=49, Offset=136, Video='EP05_09')
2026-04-01 18:53:53 │ DEBUG    │ CASMEIIUnifier                 │ CASME_II │ sub05 │ EP05_09      │ Onset=  49  Offset= 136  SeqLen= 88 │ others → Others │ Frames=✓
2026-04-01 18:53:53 │ DEBUG    │ CASMEIIUnifier                 │ Calculated Sequence Length: 52  (Onset=85, Offset=136, Video='EP06_10')
2026-04-01 18:53:53 │ DEBUG    │ CASMEIIUnifier                 │ CASME_II │ sub05 │ EP06_10      │ Onset=  85  Offset= 136  SeqLen= 52 │ others → Others │ Frames=✓
2026-04-01 18:53:53 │ DEBUG    │ CASMEIIUnifier                 │ Calculated Sequence Length: 58  (Onset=49, Offset=106, Video='EP07_01')
2026-04-01 18:53:53 │ DEBUG    │ CASMEIIUnifier                 │ CASME_II │ sub05 │ EP07_01      │ Onset=  49  Offset= 106  SeqLen= 58 │ others → Others │ Frames=✓
2026-04-01 18:53:53 │ DEBUG    │ CASMEIIUnifier                 │ Calculated Sequence Length: 66  (Onset=6, Offset=71, Video='EP08_05')
2026-04-01 18:53:53 │ DEBUG    │ CASMEIIUnifier                 │ CASME_II │ sub05 │ EP08_05      │ Onset=   6  Offset=  71  SeqLen= 66 │ others → Others │ Frames=✓
2026-04-01 18:53:53 │ DEBUG    │ CASMEIIUnifier                 │ Calculated Sequence Length: 55  (Onset=69, Offset=123, Video='EP09_05f')
2026-04-01 18:53:53 │ DEBUG    │ CASMEIIUnifier                 │ CASME_II │ sub05 │ EP09_05f     │ Onset=  69  Offset= 123  SeqLen= 55 │ disgust → Negative │ Frames=✓
2026-04-01 18:53:53 │ DEBUG    │ CASMEIIUnifier                 │ Calculated Sequence Length: 51  (Onset=11, Offset=61, Video='EP12_03f')
2026-04-01 18:53:53 │ DEBUG    │ CASMEIIUnifier                 │ CASME_II │ sub05 │ EP12_03f     │ Onset=  11  Offset=  61  SeqLen= 51 │ surprise → Surprise │ Frames=✓
2026-04-01 18:53:53 │ DEBUG    │ CASMEIIUnifier                 │ Calculated Sequence Length: 76  (Onset=46, Offset=121, Video='EP12_06')
2026-04-01 18:53:53 │ DEBUG    │ CASMEIIUnifier                 │ CASME_II │ sub05 │ EP12_06      │ Onset=  46  Offset= 121  SeqLen= 76 │ others → Others │ Frames=✓
2026-04-01 18:53:53 │ DEBUG    │ CASMEIIUnifier                 │ Calculated Sequence Length: 76  (Onset=36, Offset=111, Video='EP13_04f')
2026-04-01 18:53:53 │ DEBUG    │ CASMEIIUnifier                 │ CASME_II │ sub05 │ EP13_04f     │ Onset=  36  Offset= 111  SeqLen= 76 │ others → Others │ Frames=✓
2026-04-01 18:53:53 │ DEBUG    │ CASMEIIUnifier                 │ Calculated Sequence Length: 61  (Onset=16, Offset=76, Video='EP13_06')
2026-04-01 18:53:53 │ DEBUG    │ CASMEIIUnifier                 │ CASME_II │ sub05 │ EP13_06      │ Onset=  16  Offset=  76  SeqLen= 61 │ others → Others │ Frames=✓
2026-04-01 18:53:53 │ DEBUG    │ CASMEIIUnifier                 │ Calculated Sequence Length: 100  (Onset=39, Offset=138, Video='EP16_03f')
2026-04-01 18:53:53 │ DEBUG    │ CASMEIIUnifier                 │ CASME_II │ sub05 │ EP16_03f     │ Onset=  39  Offset= 138  SeqLen=100 │ others → Others │ Frames=✓
2026-04-01 18:53:53 │ DEBUG    │ CASMEIIUnifier                 │ Calculated Sequence Length: 41  (Onset=141, Offset=181, Video='EP16_04f')
2026-04-01 18:53:53 │ DEBUG    │ CASMEIIUnifier                 │ CASME_II │ sub05 │ EP16_04f     │ Onset= 141  Offset= 181  SeqLen= 41 │ others → Others │ Frames=✓
2026-04-01 18:53:53 │ DEBUG    │ CASMEIIUnifier                 │ Calculated Sequence Length: 53  (Onset=6, Offset=58, Video='EP19_03')
2026-04-01 18:53:53 │ DEBUG    │ CASMEIIUnifier                 │ CASME_II │ sub05 │ EP19_03      │ Onset=   6  Offset=  58  SeqLen= 53 │ others → Others │ Frames=✓
2026-04-01 18:53:53 │ DEBUG    │ CASMEIIUnifier                 │ Calculated Sequence Length: 56  (Onset=81, Offset=136, Video='EP01_01')
2026-04-01 18:53:53 │ DEBUG    │ CASMEIIUnifier                 │ CASME_II │ sub06 │ EP01_01      │ Onset=  81  Offset= 136  SeqLen= 56 │ happiness → Positive │ Frames=✓
2026-04-01 18:53:53 │ DEBUG    │ CASMEIIUnifier                 │ Calculated Sequence Length: 50  (Onset=99, Offset=148, Video='EP02_31')
2026-04-01 18:53:53 │ DEBUG    │ CASMEIIUnifier                 │ CASME_II │ sub06 │ EP02_31      │ Onset=  99  Offset= 148  SeqLen= 50 │ surprise → Surprise │ Frames=✓
2026-04-01 18:53:53 │ DEBUG    │ CASMEIIUnifier                 │ Calculated Sequence Length: 46  (Onset=116, Offset=161, Video='EP10_08')
2026-04-01 18:53:53 │ DEBUG    │ CASMEIIUnifier                 │ CASME_II │ sub06 │ EP10_08      │ Onset= 116  Offset= 161  SeqLen= 46 │ others → Others │ Frames=✓
2026-04-01 18:53:53 │ DEBUG    │ CASMEIIUnifier                 │ Calculated Sequence Length: 51  (Onset=56, Offset=106, Video='EP15_02')
2026-04-01 18:53:53 │ DEBUG    │ CASMEIIUnifier                 │ CASME_II │ sub06 │ EP15_02      │ Onset=  56  Offset= 106  SeqLen= 51 │ surprise → Surprise │ Frames=✓
2026-04-01 18:53:53 │ DEBUG    │ CASMEIIUnifier                 │ Calculated Sequence Length: 58  (Onset=94, Offset=151, Video='EP16_05')
2026-04-01 18:53:53 │ DEBUG    │ CASMEIIUnifier                 │ CASME_II │ sub06 │ EP16_05      │ Onset=  94  Offset= 151  SeqLen= 58 │ disgust → Negative │ Frames=✓
2026-04-01 18:53:53 │ DEBUG    │ CASMEIIUnifier                 │ Calculated Sequence Length: 78  (Onset=79, Offset=156, Video='EP01_01')
2026-04-01 18:53:53 │ DEBUG    │ CASMEIIUnifier                 │ CASME_II │ sub07 │ EP01_01      │ Onset=  79  Offset= 156  SeqLen= 78 │ disgust → Negative │ Frames=✓
2026-04-01 18:53:53 │ DEBUG    │ CASMEIIUnifier                 │ Calculated Sequence Length: 66  (Onset=11, Offset=76, Video='EP03_04')
2026-04-01 18:53:53 │ DEBUG    │ CASMEIIUnifier                 │ CASME_II │ sub07 │ EP03_04      │ Onset=  11  Offset=  76  SeqLen= 66 │ others → Others │ Frames=✓
2026-04-01 18:53:53 │ DEBUG    │ CASMEIIUnifier                 │ Calculated Sequence Length: 54  (Onset=15, Offset=68, Video='EP06_01')
2026-04-01 18:53:53 │ DEBUG    │ CASMEIIUnifier                 │ CASME_II │ sub07 │ EP06_01      │ Onset=  15  Offset=  68  SeqLen= 54 │ others → Others │ Frames=✓
2026-04-01 18:53:53 │ DEBUG    │ CASMEIIUnifier                 │ Calculated Sequence Length: 81  (Onset=11, Offset=91, Video='EP06_02_01')
2026-04-01 18:53:53 │ DEBUG    │ CASMEIIUnifier                 │ CASME_II │ sub07 │ EP06_02_01   │ Onset=  11  Offset=  91  SeqLen= 81 │ disgust → Negative │ Frames=✓
2026-04-01 18:53:53 │ DEBUG    │ CASMEIIUnifier                 │ Calculated Sequence Length: 56  (Onset=36, Offset=91, Video='EP06_02_02')
2026-04-01 18:53:53 │ DEBUG    │ CASMEIIUnifier                 │ CASME_II │ sub07 │ EP06_02_02   │ Onset=  36  Offset=  91  SeqLen= 56 │ disgust → Negative │ Frames=✓
2026-04-01 18:53:53 │ DEBUG    │ CASMEIIUnifier                 │ Calculated Sequence Length: 51  (Onset=141, Offset=191, Video='EP08_02')
2026-04-01 18:53:53 │ DEBUG    │ CASMEIIUnifier                 │ CASME_II │ sub07 │ EP08_02      │ Onset= 141  Offset= 191  SeqLen= 51 │ disgust → Negative │ Frames=✓
2026-04-01 18:53:53 │ DEBUG    │ CASMEIIUnifier                 │ Calculated Sequence Length: 56  (Onset=36, Offset=91, Video='EP15_01')
2026-04-01 18:53:53 │ DEBUG    │ CASMEIIUnifier                 │ CASME_II │ sub07 │ EP15_01      │ Onset=  36  Offset=  91  SeqLen= 56 │ disgust → Negative │ Frames=✓
2026-04-01 18:53:53 │ DEBUG    │ CASMEIIUnifier                 │ Calculated Sequence Length: 46  (Onset=6, Offset=51, Video='EP18_01')
2026-04-01 18:53:53 │ DEBUG    │ CASMEIIUnifier                 │ CASME_II │ sub07 │ EP18_01      │ Onset=   6  Offset=  51  SeqLen= 46 │ others → Others │ Frames=✓
2026-04-01 18:53:53 │ DEBUG    │ CASMEIIUnifier                 │ Calculated Sequence Length: 86  (Onset=11, Offset=96, Video='EP18_03')
2026-04-01 18:53:53 │ DEBUG    │ CASMEIIUnifier                 │ CASME_II │ sub07 │ EP18_03      │ Onset=  11  Offset=  96  SeqLen= 86 │ others → Others │ Frames=✓
2026-04-01 18:53:53 │ DEBUG    │ CASMEIIUnifier                 │ Calculated Sequence Length: 93  (Onset=26, Offset=118, Video='EP12_07f')
2026-04-01 18:53:53 │ DEBUG    │ CASMEIIUnifier                 │ CASME_II │ sub08 │ EP12_07f     │ Onset=  26  Offset= 118  SeqLen= 93 │ others → Others │ Frames=✓
2026-04-01 18:53:53 │ DEBUG    │ CASMEIIUnifier                 │ Calculated Sequence Length: 100  (Onset=71, Offset=170, Video='EP12_08f')
2026-04-01 18:53:53 │ DEBUG    │ CASMEIIUnifier                 │ CASME_II │ sub08 │ EP12_08f     │ Onset=  71  Offset= 170  SeqLen=100 │ others → Others │ Frames=✓
2026-04-01 18:53:53 │ DEBUG    │ CASMEIIUnifier                 │ Calculated Sequence Length: 78  (Onset=49, Offset=126, Video='EP13_01f')
2026-04-01 18:53:53 │ DEBUG    │ CASMEIIUnifier                 │ CASME_II │ sub08 │ EP13_01f     │ Onset=  49  Offset= 126  SeqLen= 78 │ repression → Negative │ Frames=✓
2026-04-01 18:53:53 │ DEBUG    │ CASMEIIUnifier                 │ Calculated Sequence Length: 71  (Onset=21, Offset=91, Video='EP02_01f')
2026-04-01 18:53:53 │ DEBUG    │ CASMEIIUnifier                 │ CASME_II │ sub09 │ EP02_01f     │ Onset=  21  Offset=  91  SeqLen= 71 │ happiness → Positive │ Frames=✓
2026-04-01 18:53:53 │ DEBUG    │ CASMEIIUnifier                 │ Calculated Sequence Length: 131  (Onset=66, Offset=196, Video='EP05_02')
2026-04-01 18:53:53 │ DEBUG    │ CASMEIIUnifier                 │ CASME_II │ sub09 │ EP05_02      │ Onset=  66  Offset= 196  SeqLen=131 │ others → Others │ Frames=✓
2026-04-01 18:53:53 │ DEBUG    │ CASMEIIUnifier                 │ Calculated Sequence Length: 66  (Onset=91, Offset=156, Video='EP05_03')
2026-04-01 18:53:53 │ DEBUG    │ CASMEIIUnifier                 │ CASME_II │ sub09 │ EP05_03      │ Onset=  91  Offset= 156  SeqLen= 66 │ others → Others │ Frames=✓
2026-04-01 18:53:53 │ DEBUG    │ CASMEIIUnifier                 │ Calculated Sequence Length: 51  (Onset=46, Offset=96, Video='EP05_05')
2026-04-01 18:53:53 │ DEBUG    │ CASMEIIUnifier                 │ CASME_II │ sub09 │ EP05_05      │ Onset=  46  Offset=  96  SeqLen= 51 │ happiness → Positive │ Frames=✓
2026-04-01 18:53:53 │ DEBUG    │ CASMEIIUnifier                 │ Calculated Sequence Length: 121  (Onset=66, Offset=186, Video='EP06_01f')
2026-04-01 18:53:53 │ DEBUG    │ CASMEIIUnifier                 │ CASME_II │ sub09 │ EP06_01f     │ Onset=  66  Offset= 186  SeqLen=121 │ repression → Negative │ Frames=✓
2026-04-01 18:53:53 │ DEBUG    │ CASMEIIUnifier                 │ Calculated Sequence Length: 96  (Onset=36, Offset=131, Video='EP06_02f')
2026-04-01 18:53:53 │ DEBUG    │ CASMEIIUnifier                 │ CASME_II │ sub09 │ EP06_02f     │ Onset=  36  Offset= 131  SeqLen= 96 │ happiness → Positive │ Frames=✓
2026-04-01 18:53:53 │ DEBUG    │ CASMEIIUnifier                 │ Calculated Sequence Length: 121  (Onset=26, Offset=146, Video='EP09_04')
2026-04-01 18:53:53 │ DEBUG    │ CASMEIIUnifier                 │ CASME_II │ sub09 │ EP09_04      │ Onset=  26  Offset= 146  SeqLen=121 │ repression → Negative │ Frames=✓
2026-04-01 18:53:53 │ DEBUG    │ CASMEIIUnifier                 │ Calculated Sequence Length: 86  (Onset=26, Offset=111, Video='EP09_05')
2026-04-01 18:53:53 │ DEBUG    │ CASMEIIUnifier                 │ CASME_II │ sub09 │ EP09_05      │ Onset=  26  Offset= 111  SeqLen= 86 │ repression → Negative │ Frames=✓
2026-04-01 18:53:53 │ DEBUG    │ CASMEIIUnifier                 │ Calculated Sequence Length: 61  (Onset=26, Offset=86, Video='EP09f')
2026-04-01 18:53:53 │ DEBUG    │ CASMEIIUnifier                 │ CASME_II │ sub09 │ EP09f        │ Onset=  26  Offset=  86  SeqLen= 61 │ happiness → Positive │ Frames=✓
2026-04-01 18:53:53 │ DEBUG    │ CASMEIIUnifier                 │ Calculated Sequence Length: 91  (Onset=31, Offset=121, Video='EP13_01')
2026-04-01 18:53:53 │ DEBUG    │ CASMEIIUnifier                 │ CASME_II │ sub09 │ EP13_01      │ Onset=  31  Offset= 121  SeqLen= 91 │ repression → Negative │ Frames=✓
2026-04-01 18:53:53 │ DEBUG    │ CASMEIIUnifier                 │ Calculated Sequence Length: 61  (Onset=71, Offset=131, Video='EP13_02')
2026-04-01 18:53:53 │ DEBUG    │ CASMEIIUnifier                 │ CASME_II │ sub09 │ EP13_02      │ Onset=  71  Offset= 131  SeqLen= 61 │ fear → Negative │ Frames=✓
2026-04-01 18:53:53 │ DEBUG    │ CASMEIIUnifier                 │ Calculated Sequence Length: 56  (Onset=56, Offset=111, Video='EP15_05')
2026-04-01 18:53:53 │ DEBUG    │ CASMEIIUnifier                 │ CASME_II │ sub09 │ EP15_05      │ Onset=  56  Offset= 111  SeqLen= 56 │ happiness → Positive │ Frames=✓
2026-04-01 18:53:53 │ DEBUG    │ CASMEIIUnifier                 │ Calculated Sequence Length: 71  (Onset=6, Offset=76, Video='EP17_08')
2026-04-01 18:53:53 │ DEBUG    │ CASMEIIUnifier                 │ CASME_II │ sub09 │ EP17_08      │ Onset=   6  Offset=  76  SeqLen= 71 │ repression → Negative │ Frames=✓
2026-04-01 18:53:53 │ DEBUG    │ CASMEIIUnifier                 │ Calculated Sequence Length: 71  (Onset=11, Offset=81, Video='EP18_03')
2026-04-01 18:53:53 │ DEBUG    │ CASMEIIUnifier                 │ CASME_II │ sub09 │ EP18_03      │ Onset=  11  Offset=  81  SeqLen= 71 │ others → Others │ Frames=✓
2026-04-01 18:53:53 │ DEBUG    │ CASMEIIUnifier                 │ Calculated Sequence Length: 91  (Onset=11, Offset=101, Video='EP06_01f')
2026-04-01 18:53:53 │ DEBUG    │ CASMEIIUnifier                 │ CASME_II │ sub10 │ EP06_01f     │ Onset=  11  Offset= 101  SeqLen= 91 │ others → Others │ Frames=✓
2026-04-01 18:53:53 │ DEBUG    │ CASMEIIUnifier                 │ Calculated Sequence Length: 66  (Onset=76, Offset=141, Video='EP08_01f')
2026-04-01 18:53:53 │ DEBUG    │ CASMEIIUnifier                 │ CASME_II │ sub10 │ EP08_01f     │ Onset=  76  Offset= 141  SeqLen= 66 │ others → Others │ Frames=✓
2026-04-01 18:53:53 │ DEBUG    │ CASMEIIUnifier                 │ Calculated Sequence Length: 61  (Onset=111, Offset=171, Video='EP10_01f')
2026-04-01 18:53:53 │ DEBUG    │ CASMEIIUnifier                 │ CASME_II │ sub10 │ EP10_01f     │ Onset= 111  Offset= 171  SeqLen= 61 │ others → Others │ Frames=✓
2026-04-01 18:53:53 │ DEBUG    │ CASMEIIUnifier                 │ Calculated Sequence Length: 71  (Onset=31, Offset=101, Video='EP11_01')
2026-04-01 18:53:53 │ DEBUG    │ CASMEIIUnifier                 │ CASME_II │ sub10 │ EP11_01      │ Onset=  31  Offset= 101  SeqLen= 71 │ others → Others │ Frames=✓
2026-04-01 18:53:53 │ DEBUG    │ CASMEIIUnifier                 │ Calculated Sequence Length: 56  (Onset=36, Offset=91, Video='EP11_01f')
2026-04-01 18:53:53 │ DEBUG    │ CASMEIIUnifier                 │ CASME_II │ sub10 │ EP11_01f     │ Onset=  36  Offset=  91  SeqLen= 56 │ others → Others │ Frames=✓
2026-04-01 18:53:53 │ DEBUG    │ CASMEIIUnifier                 │ Calculated Sequence Length: 61  (Onset=26, Offset=86, Video='EP12_02f')
2026-04-01 18:53:53 │ DEBUG    │ CASMEIIUnifier                 │ CASME_II │ sub10 │ EP12_02f     │ Onset=  26  Offset=  86  SeqLen= 61 │ others → Others │ Frames=✓
2026-04-01 18:53:53 │ DEBUG    │ CASMEIIUnifier                 │ Calculated Sequence Length: 86  (Onset=26, Offset=111, Video='EP12_03f')
2026-04-01 18:53:53 │ DEBUG    │ CASMEIIUnifier                 │ CASME_II │ sub10 │ EP12_03f     │ Onset=  26  Offset= 111  SeqLen= 86 │ others → Others │ Frames=✓
2026-04-01 18:53:53 │ DEBUG    │ CASMEIIUnifier                 │ Calculated Sequence Length: 86  (Onset=61, Offset=146, Video='EP12_04')
2026-04-01 18:53:53 │ DEBUG    │ CASMEIIUnifier                 │ CASME_II │ sub10 │ EP12_04      │ Onset=  61  Offset= 146  SeqLen= 86 │ others → Others │ Frames=✓
2026-04-01 18:53:53 │ DEBUG    │ CASMEIIUnifier                 │ Calculated Sequence Length: 66  (Onset=11, Offset=76, Video='EP13_01')
2026-04-01 18:53:53 │ DEBUG    │ CASMEIIUnifier                 │ CASME_II │ sub10 │ EP13_01      │ Onset=  11  Offset=  76  SeqLen= 66 │ fear → Negative │ Frames=✓
2026-04-01 18:53:53 │ DEBUG    │ CASMEIIUnifier                 │ Calculated Sequence Length: 91  (Onset=41, Offset=131, Video='EP13_02f')
2026-04-01 18:53:53 │ DEBUG    │ CASMEIIUnifier                 │ CASME_II │ sub10 │ EP13_02f     │ Onset=  41  Offset= 131  SeqLen= 91 │ others → Others │ Frames=✓
2026-04-01 18:53:53 │ DEBUG    │ CASMEIIUnifier                 │ Calculated Sequence Length: 66  (Onset=11, Offset=76, Video='EP13_03f')
2026-04-01 18:53:53 │ DEBUG    │ CASMEIIUnifier                 │ CASME_II │ sub10 │ EP13_03f     │ Onset=  11  Offset=  76  SeqLen= 66 │ others → Others │ Frames=✓
2026-04-01 18:53:53 │ DEBUG    │ CASMEIIUnifier                 │ Calculated Sequence Length: 90  (Onset=21, Offset=110, Video='EP16_02f')
2026-04-01 18:53:53 │ DEBUG    │ CASMEIIUnifier                 │ CASME_II │ sub10 │ EP16_02f     │ Onset=  21  Offset= 110  SeqLen= 90 │ others → Others │ Frames=✓
2026-04-01 18:53:53 │ DEBUG    │ CASMEIIUnifier                 │ Calculated Sequence Length: 63  (Onset=11, Offset=73, Video='EP18_01f')
2026-04-01 18:53:53 │ DEBUG    │ CASMEIIUnifier                 │ CASME_II │ sub10 │ EP18_01f     │ Onset=  11  Offset=  73  SeqLen= 63 │ others → Others │ Frames=✓
2026-04-01 18:53:53 │ DEBUG    │ CASMEIIUnifier                 │ Calculated Sequence Length: 46  (Onset=81, Offset=126, Video='EP19_04f')
2026-04-01 18:53:53 │ DEBUG    │ CASMEIIUnifier                 │ CASME_II │ sub10 │ EP19_04f     │ Onset=  81  Offset= 126  SeqLen= 46 │ others → Others │ Frames=✓
2026-04-01 18:53:53 │ DEBUG    │ CASMEIIUnifier                 │ Calculated Sequence Length: 46  (Onset=71, Offset=116, Video='EP02_06f')
2026-04-01 18:53:53 │ DEBUG    │ CASMEIIUnifier                 │ CASME_II │ sub11 │ EP02_06f     │ Onset=  71  Offset= 116  SeqLen= 46 │ others → Others │ Frames=✓
2026-04-01 18:53:53 │ DEBUG    │ CASMEIIUnifier                 │ Calculated Sequence Length: 51  (Onset=96, Offset=146, Video='EP08_01f')
2026-04-01 18:53:53 │ DEBUG    │ CASMEIIUnifier                 │ CASME_II │ sub11 │ EP08_01f     │ Onset=  96  Offset= 146  SeqLen= 51 │ disgust → Negative │ Frames=✓
2026-04-01 18:53:53 │ DEBUG    │ CASMEIIUnifier                 │ Calculated Sequence Length: 95  (Onset=91, Offset=185, Video='EP12_03f')
2026-04-01 18:53:53 │ DEBUG    │ CASMEIIUnifier                 │ CASME_II │ sub11 │ EP12_03f     │ Onset=  91  Offset= 185  SeqLen= 95 │ others → Others │ Frames=✓
2026-04-01 18:53:53 │ DEBUG    │ CASMEIIUnifier                 │ Calculated Sequence Length: 91  (Onset=51, Offset=141, Video='EP13_02f')
2026-04-01 18:53:53 │ DEBUG    │ CASMEIIUnifier                 │ CASME_II │ sub11 │ EP13_02f     │ Onset=  51  Offset= 141  SeqLen= 91 │ disgust → Negative │ Frames=✓
2026-04-01 18:53:53 │ DEBUG    │ CASMEIIUnifier                 │ Calculated Sequence Length: 76  (Onset=6, Offset=81, Video='EP13_03f')
2026-04-01 18:53:53 │ DEBUG    │ CASMEIIUnifier                 │ CASME_II │ sub11 │ EP13_03f     │ Onset=   6  Offset=  81  SeqLen= 76 │ disgust → Negative │ Frames=✓
2026-04-01 18:53:53 │ DEBUG    │ CASMEIIUnifier                 │ Calculated Sequence Length: 96  (Onset=16, Offset=111, Video='EP13_05f')
2026-04-01 18:53:53 │ DEBUG    │ CASMEIIUnifier                 │ CASME_II │ sub11 │ EP13_05f     │ Onset=  16  Offset= 111  SeqLen= 96 │ disgust → Negative │ Frames=✓
2026-04-01 18:53:53 │ DEBUG    │ CASMEIIUnifier                 │ Calculated Sequence Length: 56  (Onset=56, Offset=111, Video='EP15_01f')
2026-04-01 18:53:53 │ DEBUG    │ CASMEIIUnifier                 │ CASME_II │ sub11 │ EP15_01f     │ Onset=  56  Offset= 111  SeqLen= 56 │ others → Others │ Frames=✓
2026-04-01 18:53:53 │ DEBUG    │ CASMEIIUnifier                 │ Calculated Sequence Length: 36  (Onset=61, Offset=96, Video='EP15_04f')
2026-04-01 18:53:53 │ DEBUG    │ CASMEIIUnifier                 │ CASME_II │ sub11 │ EP15_04f     │ Onset=  61  Offset=  96  SeqLen= 36 │ others → Others │ Frames=✓
2026-04-01 18:53:53 │ DEBUG    │ CASMEIIUnifier                 │ Calculated Sequence Length: 76  (Onset=56, Offset=131, Video='EP18_03f')
2026-04-01 18:53:53 │ DEBUG    │ CASMEIIUnifier                 │ CASME_II │ sub11 │ EP18_03f     │ Onset=  56  Offset= 131  SeqLen= 76 │ others → Others │ Frames=✓
2026-04-01 18:53:53 │ DEBUG    │ CASMEIIUnifier                 │ Calculated Sequence Length: 141  (Onset=11, Offset=151, Video='EP19_03f')
2026-04-01 18:53:53 │ DEBUG    │ CASMEIIUnifier                 │ CASME_II │ sub11 │ EP19_03f     │ Onset=  11  Offset= 151  SeqLen=141 │ others → Others │ Frames=✓
2026-04-01 18:53:53 │ DEBUG    │ CASMEIIUnifier                 │ Calculated Sequence Length: 76  (Onset=31, Offset=106, Video='EP01_02')
2026-04-01 18:53:53 │ DEBUG    │ CASMEIIUnifier                 │ CASME_II │ sub12 │ EP01_02      │ Onset=  31  Offset= 106  SeqLen= 76 │ disgust → Negative │ Frames=✓
2026-04-01 18:53:53 │ DEBUG    │ CASMEIIUnifier                 │ Calculated Sequence Length: 100  (Onset=41, Offset=140, Video='EP02_05')
2026-04-01 18:53:53 │ DEBUG    │ CASMEIIUnifier                 │ CASME_II │ sub12 │ EP02_05      │ Onset=  41  Offset= 140  SeqLen=100 │ surprise → Surprise │ Frames=✓
2026-04-01 18:53:53 │ DEBUG    │ CASMEIIUnifier                 │ Calculated Sequence Length: 66  (Onset=26, Offset=91, Video='EP03_02')
2026-04-01 18:53:53 │ DEBUG    │ CASMEIIUnifier                 │ CASME_II │ sub12 │ EP03_02      │ Onset=  26  Offset=  91  SeqLen= 66 │ others → Others │ Frames=✓
2026-04-01 18:53:53 │ DEBUG    │ CASMEIIUnifier                 │ Calculated Sequence Length: 97  (Onset=60, Offset=156, Video='EP03_04')
2026-04-01 18:53:53 │ DEBUG    │ CASMEIIUnifier                 │ CASME_II │ sub12 │ EP03_04      │ Onset=  60  Offset= 156  SeqLen= 97 │ happiness → Positive │ Frames=✓
2026-04-01 18:53:53 │ DEBUG    │ CASMEIIUnifier                 │ Calculated Sequence Length: 100  (Onset=36, Offset=135, Video='EP04_16')
2026-04-01 18:53:53 │ DEBUG    │ CASMEIIUnifier                 │ CASME_II │ sub12 │ EP04_16      │ Onset=  36  Offset= 135  SeqLen=100 │ disgust → Negative │ Frames=✓
2026-04-01 18:53:53 │ DEBUG    │ CASMEIIUnifier                 │ Calculated Sequence Length: 76  (Onset=36, Offset=111, Video='EP06_06')
2026-04-01 18:53:53 │ DEBUG    │ CASMEIIUnifier                 │ CASME_II │ sub12 │ EP06_06      │ Onset=  36  Offset= 111  SeqLen= 76 │ surprise → Surprise │ Frames=✓
2026-04-01 18:53:53 │ DEBUG    │ CASMEIIUnifier                 │ Calculated Sequence Length: 61  (Onset=46, Offset=106, Video='EP08_01')
2026-04-01 18:53:53 │ DEBUG    │ CASMEIIUnifier                 │ CASME_II │ sub12 │ EP08_01      │ Onset=  46  Offset= 106  SeqLen= 61 │ surprise → Surprise │ Frames=✓
2026-04-01 18:53:53 │ DEBUG    │ CASMEIIUnifier                 │ Calculated Sequence Length: 81  (Onset=76, Offset=156, Video='EP08_03')
2026-04-01 18:53:53 │ DEBUG    │ CASMEIIUnifier                 │ CASME_II │ sub12 │ EP08_03      │ Onset=  76  Offset= 156  SeqLen= 81 │ surprise → Surprise │ Frames=✓
2026-04-01 18:53:53 │ DEBUG    │ CASMEIIUnifier                 │ Calculated Sequence Length: 76  (Onset=111, Offset=186, Video='EP08_07')
2026-04-01 18:53:53 │ DEBUG    │ CASMEIIUnifier                 │ CASME_II │ sub12 │ EP08_07      │ Onset= 111  Offset= 186  SeqLen= 76 │ happiness → Positive │ Frames=✓
2026-04-01 18:53:53 │ DEBUG    │ CASMEIIUnifier                 │ Calculated Sequence Length: 86  (Onset=16, Offset=101, Video='EP09_02')
2026-04-01 18:53:53 │ DEBUG    │ CASMEIIUnifier                 │ CASME_II │ sub12 │ EP09_02      │ Onset=  16  Offset= 101  SeqLen= 86 │ disgust → Negative │ Frames=✓
2026-04-01 18:53:53 │ DEBUG    │ CASMEIIUnifier                 │ Calculated Sequence Length: 46  (Onset=66, Offset=111, Video='EP09_06')
2026-04-01 18:53:53 │ DEBUG    │ CASMEIIUnifier                 │ CASME_II │ sub12 │ EP09_06      │ Onset=  66  Offset= 111  SeqLen= 46 │ disgust → Negative │ Frames=✓
2026-04-01 18:53:53 │ DEBUG    │ CASMEIIUnifier                 │ Calculated Sequence Length: 91  (Onset=136, Offset=226, Video='EP16_02')
2026-04-01 18:53:53 │ DEBUG    │ CASMEIIUnifier                 │ CASME_II │ sub12 │ EP16_02      │ Onset= 136  Offset= 226  SeqLen= 91 │ disgust → Negative │ Frames=✓
2026-04-01 18:53:53 │ DEBUG    │ CASMEIIUnifier                 │ Calculated Sequence Length: 56  (Onset=76, Offset=131, Video='EP01_01')
2026-04-01 18:53:53 │ DEBUG    │ CASMEIIUnifier                 │ CASME_II │ sub13 │ EP01_01      │ Onset=  76  Offset= 131  SeqLen= 56 │ others → Others │ Frames=✓
2026-04-01 18:53:53 │ DEBUG    │ CASMEIIUnifier                 │ Calculated Sequence Length: 41  (Onset=76, Offset=116, Video='EP01_02')
2026-04-01 18:53:53 │ DEBUG    │ CASMEIIUnifier                 │ CASME_II │ sub13 │ EP01_02      │ Onset=  76  Offset= 116  SeqLen= 41 │ others → Others │ Frames=✓
2026-04-01 18:53:53 │ DEBUG    │ CASMEIIUnifier                 │ Calculated Sequence Length: 58  (Onset=11, Offset=68, Video='EP02_02')
2026-04-01 18:53:53 │ DEBUG    │ CASMEIIUnifier                 │ CASME_II │ sub13 │ EP02_02      │ Onset=  11  Offset=  68  SeqLen= 58 │ others → Others │ Frames=✓
2026-04-01 18:53:53 │ DEBUG    │ CASMEIIUnifier                 │ Calculated Sequence Length: 41  (Onset=26, Offset=66, Video='EP02_03')
2026-04-01 18:53:53 │ DEBUG    │ CASMEIIUnifier                 │ CASME_II │ sub13 │ EP02_03      │ Onset=  26  Offset=  66  SeqLen= 41 │ others → Others │ Frames=✓
2026-04-01 18:53:53 │ DEBUG    │ CASMEIIUnifier                 │ Calculated Sequence Length: 81  (Onset=31, Offset=111, Video='EP03_01')
2026-04-01 18:53:53 │ DEBUG    │ CASMEIIUnifier                 │ CASME_II │ sub13 │ EP03_01      │ Onset=  31  Offset= 111  SeqLen= 81 │ happiness → Positive │ Frames=✓
2026-04-01 18:53:53 │ DEBUG    │ CASMEIIUnifier                 │ Calculated Sequence Length: 53  (Onset=54, Offset=106, Video='EP08_01')
2026-04-01 18:53:53 │ DEBUG    │ CASMEIIUnifier                 │ CASME_II │ sub13 │ EP08_01      │ Onset=  54  Offset= 106  SeqLen= 53 │ others → Others │ Frames=✓
2026-04-01 18:53:53 │ DEBUG    │ CASMEIIUnifier                 │ Calculated Sequence Length: 76  (Onset=51, Offset=126, Video='EP09_10')
2026-04-01 18:53:53 │ DEBUG    │ CASMEIIUnifier                 │ CASME_II │ sub13 │ EP09_10      │ Onset=  51  Offset= 126  SeqLen= 76 │ happiness → Positive │ Frames=✓
2026-04-01 18:53:53 │ DEBUG    │ CASMEIIUnifier                 │ Calculated Sequence Length: 56  (Onset=6, Offset=61, Video='EP12_01')
2026-04-01 18:53:53 │ DEBUG    │ CASMEIIUnifier                 │ CASME_II │ sub13 │ EP12_01      │ Onset=   6  Offset=  61  SeqLen= 56 │ others → Others │ Frames=✓
2026-04-01 18:53:53 │ DEBUG    │ CASMEIIUnifier                 │ Calculated Sequence Length: 76  (Onset=11, Offset=86, Video='EP04_04f')
2026-04-01 18:53:53 │ DEBUG    │ CASMEIIUnifier                 │ CASME_II │ sub14 │ EP04_04f     │ Onset=  11  Offset=  86  SeqLen= 76 │ others → Others │ Frames=✓
2026-04-01 18:53:53 │ DEBUG    │ CASMEIIUnifier                 │ Calculated Sequence Length: 36  (Onset=6, Offset=41, Video='EP09_03')
2026-04-01 18:53:53 │ DEBUG    │ CASMEIIUnifier                 │ CASME_II │ sub14 │ EP09_03      │ Onset=   6  Offset=  41  SeqLen= 36 │ happiness → Positive │ Frames=✓
2026-04-01 18:53:53 │ DEBUG    │ CASMEIIUnifier                 │ Calculated Sequence Length: 86  (Onset=21, Offset=106, Video='EP09_04')
2026-04-01 18:53:53 │ DEBUG    │ CASMEIIUnifier                 │ CASME_II │ sub14 │ EP09_04      │ Onset=  21  Offset= 106  SeqLen= 86 │ happiness → Positive │ Frames=✓
2026-04-01 18:53:53 │ DEBUG    │ CASMEIIUnifier                 │ Calculated Sequence Length: 81  (Onset=11, Offset=91, Video='EP09_06')
2026-04-01 18:53:53 │ DEBUG    │ CASMEIIUnifier                 │ CASME_II │ sub14 │ EP09_06      │ Onset=  11  Offset=  91  SeqLen= 81 │ happiness → Positive │ Frames=✓
2026-04-01 18:53:53 │ DEBUG    │ CASMEIIUnifier                 │ Calculated Sequence Length: 61  (Onset=16, Offset=76, Video='EP03_02')
2026-04-01 18:53:53 │ DEBUG    │ CASMEIIUnifier                 │ CASME_II │ sub15 │ EP03_02      │ Onset=  16  Offset=  76  SeqLen= 61 │ happiness → Positive │ Frames=✓
2026-04-01 18:53:53 │ DEBUG    │ CASMEIIUnifier                 │ Calculated Sequence Length: 91  (Onset=21, Offset=111, Video='EP04_02')
2026-04-01 18:53:53 │ DEBUG    │ CASMEIIUnifier                 │ CASME_II │ sub15 │ EP04_02      │ Onset=  21  Offset= 111  SeqLen= 91 │ surprise → Surprise │ Frames=✓
2026-04-01 18:53:53 │ DEBUG    │ CASMEIIUnifier                 │ Calculated Sequence Length: 58  (Onset=21, Offset=78, Video='EP08_02')
2026-04-01 18:53:53 │ DEBUG    │ CASMEIIUnifier                 │ CASME_II │ sub15 │ EP08_02      │ Onset=  21  Offset=  78  SeqLen= 58 │ disgust → Negative │ Frames=✓
2026-04-01 18:53:53 │ DEBUG    │ CASMEIIUnifier                 │ Calculated Sequence Length: 91  (Onset=66, Offset=156, Video='EP01_05')
2026-04-01 18:53:53 │ DEBUG    │ CASMEIIUnifier                 │ CASME_II │ sub16 │ EP01_05      │ Onset=  66  Offset= 156  SeqLen= 91 │ happiness → Positive │ Frames=✓
2026-04-01 18:53:53 │ DEBUG    │ CASMEIIUnifier                 │ Calculated Sequence Length: 38  (Onset=73, Offset=110, Video='EP01_08')
2026-04-01 18:53:53 │ DEBUG    │ CASMEIIUnifier                 │ CASME_II │ sub16 │ EP01_08      │ Onset=  73  Offset= 110  SeqLen= 38 │ repression → Negative │ Frames=✓
2026-04-01 18:53:53 │ DEBUG    │ CASMEIIUnifier                 │ Calculated Sequence Length: 113  (Onset=51, Offset=163, Video='EP01_09f')
2026-04-01 18:53:53 │ DEBUG    │ CASMEIIUnifier                 │ CASME_II │ sub16 │ EP01_09f     │ Onset=  51  Offset= 163  SeqLen=113 │ others → Others │ Frames=✓
2026-04-01 18:53:53 │ DEBUG    │ CASMEIIUnifier                 │ Calculated Sequence Length: 91  (Onset=181, Offset=271, Video='EP04_02f')
2026-04-01 18:53:53 │ DEBUG    │ CASMEIIUnifier                 │ CASME_II │ sub16 │ EP04_02f     │ Onset= 181  Offset= 271  SeqLen= 91 │ happiness → Positive │ Frames=✓
2026-04-01 18:53:53 │ DEBUG    │ CASMEIIUnifier                 │ Calculated Sequence Length: 41  (Onset=81, Offset=121, Video='EP01_06')
2026-04-01 18:53:53 │ DEBUG    │ CASMEIIUnifier                 │ CASME_II │ sub17 │ EP01_06      │ Onset=  81  Offset= 121  SeqLen= 41 │ happiness → Positive │ Frames=✓
2026-04-01 18:53:53 │ DEBUG    │ CASMEIIUnifier                 │ Calculated Sequence Length: 91  (Onset=76, Offset=166, Video='EP01_13')
2026-04-01 18:53:53 │ DEBUG    │ CASMEIIUnifier                 │ CASME_II │ sub17 │ EP01_13      │ Onset=  76  Offset= 166  SeqLen= 91 │ surprise → Surprise │ Frames=✓
2026-04-01 18:53:53 │ DEBUG    │ CASMEIIUnifier                 │ Calculated Sequence Length: 41  (Onset=86, Offset=126, Video='EP01_15')
2026-04-01 18:53:53 │ DEBUG    │ CASMEIIUnifier                 │ CASME_II │ sub17 │ EP01_15      │ Onset=  86  Offset= 126  SeqLen= 41 │ happiness → Positive │ Frames=✓
2026-04-01 18:53:53 │ DEBUG    │ CASMEIIUnifier                 │ Calculated Sequence Length: 46  (Onset=91, Offset=136, Video='EP02_01')
2026-04-01 18:53:53 │ DEBUG    │ CASMEIIUnifier                 │ CASME_II │ sub17 │ EP02_01      │ Onset=  91  Offset= 136  SeqLen= 46 │ disgust → Negative │ Frames=✓
2026-04-01 18:53:53 │ DEBUG    │ CASMEIIUnifier                 │ Calculated Sequence Length: 51  (Onset=81, Offset=131, Video='EP02_03')
2026-04-01 18:53:53 │ DEBUG    │ CASMEIIUnifier                 │ CASME_II │ sub17 │ EP02_03      │ Onset=  81  Offset= 131  SeqLen= 51 │ disgust → Negative │ Frames=✓
2026-04-01 18:53:53 │ DEBUG    │ CASMEIIUnifier                 │ Calculated Sequence Length: 50  (Onset=161, Offset=210, Video='EP02_11')
2026-04-01 18:53:53 │ DEBUG    │ CASMEIIUnifier                 │ CASME_II │ sub17 │ EP02_11      │ Onset= 161  Offset= 210  SeqLen= 50 │ disgust → Negative │ Frames=✓
2026-04-01 18:53:53 │ DEBUG    │ CASMEIIUnifier                 │ Calculated Sequence Length: 91  (Onset=91, Offset=181, Video='EP02_18f')
2026-04-01 18:53:53 │ DEBUG    │ CASMEIIUnifier                 │ CASME_II │ sub17 │ EP02_18f     │ Onset=  91  Offset= 181  SeqLen= 91 │ repression → Negative │ Frames=✓
2026-04-01 18:53:53 │ DEBUG    │ CASMEIIUnifier                 │ Calculated Sequence Length: 44  (Onset=118, Offset=161, Video='EP03_02')
2026-04-01 18:53:53 │ DEBUG    │ CASMEIIUnifier                 │ CASME_II │ sub17 │ EP03_02      │ Onset= 118  Offset= 161  SeqLen= 44 │ disgust → Negative │ Frames=✓
2026-04-01 18:53:53 │ DEBUG    │ CASMEIIUnifier                 │ Calculated Sequence Length: 66  (Onset=96, Offset=161, Video='EP03_09')
2026-04-01 18:53:53 │ DEBUG    │ CASMEIIUnifier                 │ CASME_II │ sub17 │ EP03_09      │ Onset=  96  Offset= 161  SeqLen= 66 │ happiness → Positive │ Frames=✓
2026-04-01 18:53:53 │ DEBUG    │ CASMEIIUnifier                 │ Calculated Sequence Length: 97  (Onset=25, Offset=121, Video='EP05_02')
2026-04-01 18:53:53 │ DEBUG    │ CASMEIIUnifier                 │ CASME_II │ sub17 │ EP05_02      │ Onset=  25  Offset= 121  SeqLen= 97 │ happiness → Positive │ Frames=✓
2026-04-01 18:53:53 │ DEBUG    │ CASMEIIUnifier                 │ Calculated Sequence Length: 81  (Onset=21, Offset=101, Video='EP05_03')
2026-04-01 18:53:53 │ DEBUG    │ CASMEIIUnifier                 │ CASME_II │ sub17 │ EP05_03      │ Onset=  21  Offset= 101  SeqLen= 81 │ happiness → Positive │ Frames=✓
2026-04-01 18:53:53 │ DEBUG    │ CASMEIIUnifier                 │ Calculated Sequence Length: 66  (Onset=11, Offset=76, Video='EP05_03f')
2026-04-01 18:53:53 │ DEBUG    │ CASMEIIUnifier                 │ CASME_II │ sub17 │ EP05_03f     │ Onset=  11  Offset=  76  SeqLen= 66 │ repression → Negative │ Frames=✓
2026-04-01 18:53:53 │ DEBUG    │ CASMEIIUnifier                 │ Calculated Sequence Length: 66  (Onset=6, Offset=71, Video='EP05_04')
2026-04-01 18:53:53 │ DEBUG    │ CASMEIIUnifier                 │ CASME_II │ sub17 │ EP05_04      │ Onset=   6  Offset=  71  SeqLen= 66 │ repression → Negative │ Frames=✓
2026-04-01 18:53:53 │ DEBUG    │ CASMEIIUnifier                 │ Calculated Sequence Length: 76  (Onset=121, Offset=196, Video='EP05_09')
2026-04-01 18:53:53 │ DEBUG    │ CASMEIIUnifier                 │ CASME_II │ sub17 │ EP05_09      │ Onset= 121  Offset= 196  SeqLen= 76 │ repression → Negative │ Frames=✓
2026-04-01 18:53:53 │ DEBUG    │ CASMEIIUnifier                 │ Calculated Sequence Length: 41  (Onset=111, Offset=151, Video='EP05_10')
2026-04-01 18:53:53 │ DEBUG    │ CASMEIIUnifier                 │ CASME_II │ sub17 │ EP05_10      │ Onset= 111  Offset= 151  SeqLen= 41 │ repression → Negative │ Frames=✓
2026-04-01 18:53:53 │ DEBUG    │ CASMEIIUnifier                 │ Calculated Sequence Length: 91  (Onset=71, Offset=161, Video='EP06_04')
2026-04-01 18:53:53 │ DEBUG    │ CASMEIIUnifier                 │ CASME_II │ sub17 │ EP06_04      │ Onset=  71  Offset= 161  SeqLen= 91 │ disgust → Negative │ Frames=✓
2026-04-01 18:53:53 │ DEBUG    │ CASMEIIUnifier                 │ Calculated Sequence Length: 31  (Onset=216, Offset=246, Video='EP06_07')
2026-04-01 18:53:53 │ DEBUG    │ CASMEIIUnifier                 │ CASME_II │ sub17 │ EP06_07      │ Onset= 216  Offset= 246  SeqLen= 31 │ happiness → Positive │ Frames=✓
2026-04-01 18:53:53 │ DEBUG    │ CASMEIIUnifier                 │ Calculated Sequence Length: 76  (Onset=156, Offset=231, Video='EP06_08')
2026-04-01 18:53:53 │ DEBUG    │ CASMEIIUnifier                 │ CASME_II │ sub17 │ EP06_08      │ Onset= 156  Offset= 231  SeqLen= 76 │ repression → Negative │ Frames=✓
2026-04-01 18:53:53 │ DEBUG    │ CASMEIIUnifier                 │ Calculated Sequence Length: 95  (Onset=21, Offset=115, Video='EP07_01')
2026-04-01 18:53:53 │ DEBUG    │ CASMEIIUnifier                 │ CASME_II │ sub17 │ EP07_01      │ Onset=  21  Offset= 115  SeqLen= 95 │ disgust → Negative │ Frames=✓
2026-04-01 18:53:53 │ DEBUG    │ CASMEIIUnifier                 │ Calculated Sequence Length: 68  (Onset=21, Offset=88, Video='EP08_02')
2026-04-01 18:53:53 │ DEBUG    │ CASMEIIUnifier                 │ CASME_II │ sub17 │ EP08_02      │ Onset=  21  Offset=  88  SeqLen= 68 │ disgust → Negative │ Frames=✓
2026-04-01 18:53:53 │ DEBUG    │ CASMEIIUnifier                 │ Calculated Sequence Length: 34  (Onset=51, Offset=84, Video='EP08_03')
2026-04-01 18:53:53 │ DEBUG    │ CASMEIIUnifier                 │ CASME_II │ sub17 │ EP08_03      │ Onset=  51  Offset=  84  SeqLen= 34 │ others → Others │ Frames=✓
2026-04-01 18:53:53 │ DEBUG    │ CASMEIIUnifier                 │ Calculated Sequence Length: 58  (Onset=104, Offset=161, Video='EP10_06')
2026-04-01 18:53:53 │ DEBUG    │ CASMEIIUnifier                 │ CASME_II │ sub17 │ EP10_06      │ Onset= 104  Offset= 161  SeqLen= 58 │ repression → Negative │ Frames=✓
2026-04-01 18:53:53 │ DEBUG    │ CASMEIIUnifier                 │ Calculated Sequence Length: 45  (Onset=9, Offset=53, Video='EP11_01')
2026-04-01 18:53:53 │ DEBUG    │ CASMEIIUnifier                 │ CASME_II │ sub17 │ EP11_01      │ Onset=   9  Offset=  53  SeqLen= 45 │ disgust → Negative │ Frames=✓
2026-04-01 18:53:53 │ DEBUG    │ CASMEIIUnifier                 │ Calculated Sequence Length: 86  (Onset=36, Offset=121, Video='EP11_02')
2026-04-01 18:53:53 │ DEBUG    │ CASMEIIUnifier                 │ CASME_II │ sub17 │ EP11_02      │ Onset=  36  Offset= 121  SeqLen= 86 │ disgust → Negative │ Frames=✓
2026-04-01 18:53:53 │ DEBUG    │ CASMEIIUnifier                 │ Calculated Sequence Length: 54  (Onset=131, Offset=184, Video='EP12_03')
2026-04-01 18:53:53 │ DEBUG    │ CASMEIIUnifier                 │ CASME_II │ sub17 │ EP12_03      │ Onset= 131  Offset= 184  SeqLen= 54 │ repression → Negative │ Frames=✓
2026-04-01 18:53:53 │ DEBUG    │ CASMEIIUnifier                 │ Calculated Sequence Length: 46  (Onset=146, Offset=191, Video='EP13_01')
2026-04-01 18:53:53 │ DEBUG    │ CASMEIIUnifier                 │ CASME_II │ sub17 │ EP13_01      │ Onset= 146  Offset= 191  SeqLen= 46 │ others → Others │ Frames=✓
2026-04-01 18:53:53 │ DEBUG    │ CASMEIIUnifier                 │ Calculated Sequence Length: 86  (Onset=51, Offset=136, Video='EP13_03')
2026-04-01 18:53:53 │ DEBUG    │ CASMEIIUnifier                 │ CASME_II │ sub17 │ EP13_03      │ Onset=  51  Offset= 136  SeqLen= 86 │ disgust → Negative │ Frames=✓
2026-04-01 18:53:53 │ DEBUG    │ CASMEIIUnifier                 │ Calculated Sequence Length: 36  (Onset=86, Offset=121, Video='EP13_04')
2026-04-01 18:53:53 │ DEBUG    │ CASMEIIUnifier                 │ CASME_II │ sub17 │ EP13_04      │ Onset=  86  Offset= 121  SeqLen= 36 │ disgust → Negative │ Frames=✓
2026-04-01 18:53:53 │ DEBUG    │ CASMEIIUnifier                 │ Calculated Sequence Length: 46  (Onset=86, Offset=131, Video='EP13_06')
2026-04-01 18:53:53 │ DEBUG    │ CASMEIIUnifier                 │ CASME_II │ sub17 │ EP13_06      │ Onset=  86  Offset= 131  SeqLen= 46 │ disgust → Negative │ Frames=✓
2026-04-01 18:53:53 │ DEBUG    │ CASMEIIUnifier                 │ Calculated Sequence Length: 96  (Onset=6, Offset=101, Video='EP13_09')
2026-04-01 18:53:53 │ DEBUG    │ CASMEIIUnifier                 │ CASME_II │ sub17 │ EP13_09      │ Onset=   6  Offset= 101  SeqLen= 96 │ happiness → Positive │ Frames=✓
2026-04-01 18:53:53 │ DEBUG    │ CASMEIIUnifier                 │ Calculated Sequence Length: 31  (Onset=81, Offset=111, Video='EP15_01')
2026-04-01 18:53:53 │ DEBUG    │ CASMEIIUnifier                 │ CASME_II │ sub17 │ EP15_01      │ Onset=  81  Offset= 111  SeqLen= 31 │ sadness → Negative │ Frames=✓
2026-04-01 18:53:53 │ DEBUG    │ CASMEIIUnifier                 │ Calculated Sequence Length: 38  (Onset=319, Offset=356, Video='EP15_03')
2026-04-01 18:53:53 │ DEBUG    │ CASMEIIUnifier                 │ CASME_II │ sub17 │ EP15_03      │ Onset= 319  Offset= 356  SeqLen= 38 │ sadness → Negative │ Frames=✓
2026-04-01 18:53:53 │ DEBUG    │ CASMEIIUnifier                 │ Calculated Sequence Length: 77  (Onset=109, Offset=185, Video='EP15_04')
2026-04-01 18:53:53 │ DEBUG    │ CASMEIIUnifier                 │ CASME_II │ sub17 │ EP15_04      │ Onset= 109  Offset= 185  SeqLen= 77 │ repression → Negative │ Frames=✓
2026-04-01 18:53:53 │ DEBUG    │ CASMEIIUnifier                 │ Calculated Sequence Length: 46  (Onset=21, Offset=66, Video='EP15_05')
2026-04-01 18:53:53 │ DEBUG    │ CASMEIIUnifier                 │ CASME_II │ sub17 │ EP15_05      │ Onset=  21  Offset=  66  SeqLen= 46 │ others → Others │ Frames=✓
2026-04-01 18:53:53 │ DEBUG    │ CASMEIIUnifier                 │ Calculated Sequence Length: 64  (Onset=8, Offset=71, Video='EP16_01f')
2026-04-01 18:53:53 │ DEBUG    │ CASMEIIUnifier                 │ CASME_II │ sub17 │ EP16_01f     │ Onset=   8  Offset=  71  SeqLen= 64 │ disgust → Negative │ Frames=✓
2026-04-01 18:53:53 │ DEBUG    │ CASMEIIUnifier                 │ Calculated Sequence Length: 68  (Onset=36, Offset=103, Video='EP18_07')
2026-04-01 18:53:53 │ DEBUG    │ CASMEIIUnifier                 │ CASME_II │ sub17 │ EP18_07      │ Onset=  36  Offset= 103  SeqLen= 68 │ disgust → Negative │ Frames=✓
2026-04-01 18:53:53 │ DEBUG    │ CASMEIIUnifier                 │ Calculated Sequence Length: 37  (Onset=111, Offset=147, Video='EP08_01')
2026-04-01 18:53:53 │ DEBUG    │ CASMEIIUnifier                 │ CASME_II │ sub18 │ EP08_01      │ Onset= 111  Offset= 147  SeqLen= 37 │ others → Others │ Frames=✓
2026-04-01 18:53:53 │ DEBUG    │ CASMEIIUnifier                 │ Calculated Sequence Length: 61  (Onset=66, Offset=126, Video='EP18_01')
2026-04-01 18:53:53 │ DEBUG    │ CASMEIIUnifier                 │ CASME_II │ sub18 │ EP18_01      │ Onset=  66  Offset= 126  SeqLen= 61 │ others → Others │ Frames=✓
2026-04-01 18:53:53 │ DEBUG    │ CASMEIIUnifier                 │ Calculated Sequence Length: 46  (Onset=95, Offset=140, Video='EP19_01')
2026-04-01 18:53:53 │ DEBUG    │ CASMEIIUnifier                 │ CASME_II │ sub18 │ EP19_01      │ Onset=  95  Offset= 140  SeqLen= 46 │ others → Others │ Frames=✓
2026-04-01 18:53:53 │ DEBUG    │ CASMEIIUnifier                 │ Calculated Sequence Length: 100  (Onset=121, Offset=220, Video='EP01_01f')
2026-04-01 18:53:53 │ DEBUG    │ CASMEIIUnifier                 │ CASME_II │ sub19 │ EP01_01f     │ Onset= 121  Offset= 220  SeqLen=100 │ happiness → Positive │ Frames=✓
2026-04-01 18:53:53 │ DEBUG    │ CASMEIIUnifier                 │ Calculated Sequence Length: 92  (Onset=36, Offset=127, Video='EP01_02f')
2026-04-01 18:53:53 │ DEBUG    │ CASMEIIUnifier                 │ CASME_II │ sub19 │ EP01_02f     │ Onset=  36  Offset= 127  SeqLen= 92 │ happiness → Positive │ Frames=✓
2026-04-01 18:53:53 │ DEBUG    │ CASMEIIUnifier                 │ Calculated Sequence Length: 61  (Onset=91, Offset=151, Video='EP02_01')
2026-04-01 18:53:53 │ DEBUG    │ CASMEIIUnifier                 │ CASME_II │ sub19 │ EP02_01      │ Onset=  91  Offset= 151  SeqLen= 61 │ surprise → Surprise │ Frames=✓
2026-04-01 18:53:53 │ DEBUG    │ CASMEIIUnifier                 │ Calculated Sequence Length: 56  (Onset=146, Offset=201, Video='EP06_01f')
2026-04-01 18:53:53 │ DEBUG    │ CASMEIIUnifier                 │ CASME_II │ sub19 │ EP06_01f     │ Onset= 146  Offset= 201  SeqLen= 56 │ surprise → Surprise │ Frames=✓
2026-04-01 18:53:53 │ DEBUG    │ CASMEIIUnifier                 │ Calculated Sequence Length: 81  (Onset=211, Offset=291, Video='EP06_02f')
2026-04-01 18:53:53 │ DEBUG    │ CASMEIIUnifier                 │ CASME_II │ sub19 │ EP06_02f     │ Onset= 211  Offset= 291  SeqLen= 81 │ others → Others │ Frames=✓
2026-04-01 18:53:53 │ DEBUG    │ CASMEIIUnifier                 │ Calculated Sequence Length: 80  (Onset=76, Offset=155, Video='EP08_02')
2026-04-01 18:53:53 │ DEBUG    │ CASMEIIUnifier                 │ CASME_II │ sub19 │ EP08_02      │ Onset=  76  Offset= 155  SeqLen= 80 │ happiness → Positive │ Frames=✓
2026-04-01 18:53:53 │ DEBUG    │ CASMEIIUnifier                 │ Calculated Sequence Length: 56  (Onset=61, Offset=116, Video='EP11_01f')
2026-04-01 18:53:53 │ DEBUG    │ CASMEIIUnifier                 │ CASME_II │ sub19 │ EP11_01f     │ Onset=  61  Offset= 116  SeqLen= 56 │ others → Others │ Frames=✓
2026-04-01 18:53:53 │ DEBUG    │ CASMEIIUnifier                 │ Calculated Sequence Length: 56  (Onset=76, Offset=131, Video='EP11_04f')
2026-04-01 18:53:53 │ DEBUG    │ CASMEIIUnifier                 │ CASME_II │ sub19 │ EP11_04f     │ Onset=  76  Offset= 131  SeqLen= 56 │ surprise → Surprise │ Frames=✓
2026-04-01 18:53:53 │ DEBUG    │ CASMEIIUnifier                 │ Calculated Sequence Length: 86  (Onset=71, Offset=156, Video='EP13_01')
2026-04-01 18:53:53 │ DEBUG    │ CASMEIIUnifier                 │ CASME_II │ sub19 │ EP13_01      │ Onset=  71  Offset= 156  SeqLen= 86 │ disgust → Negative │ Frames=✓
2026-04-01 18:53:53 │ DEBUG    │ CASMEIIUnifier                 │ Calculated Sequence Length: 51  (Onset=51, Offset=101, Video='EP15_03f')
2026-04-01 18:53:53 │ DEBUG    │ CASMEIIUnifier                 │ CASME_II │ sub19 │ EP15_03f     │ Onset=  51  Offset= 101  SeqLen= 51 │ others → Others │ Frames=✓
2026-04-01 18:53:53 │ DEBUG    │ CASMEIIUnifier                 │ Calculated Sequence Length: 51  (Onset=86, Offset=136, Video='EP16_01')
2026-04-01 18:53:53 │ DEBUG    │ CASMEIIUnifier                 │ CASME_II │ sub19 │ EP16_01      │ Onset=  86  Offset= 136  SeqLen= 51 │ disgust → Negative │ Frames=✓
2026-04-01 18:53:53 │ DEBUG    │ CASMEIIUnifier                 │ Calculated Sequence Length: 41  (Onset=61, Offset=101, Video='EP16_02')
2026-04-01 18:53:53 │ DEBUG    │ CASMEIIUnifier                 │ CASME_II │ sub19 │ EP16_02      │ Onset=  61  Offset= 101  SeqLen= 41 │ disgust → Negative │ Frames=✓
2026-04-01 18:53:53 │ DEBUG    │ CASMEIIUnifier                 │ Calculated Sequence Length: 36  (Onset=66, Offset=101, Video='EP19_01')
2026-04-01 18:53:53 │ DEBUG    │ CASMEIIUnifier                 │ CASME_II │ sub19 │ EP19_01      │ Onset=  66  Offset= 101  SeqLen= 36 │ others → Others │ Frames=✓
2026-04-01 18:53:53 │ DEBUG    │ CASMEIIUnifier                 │ Calculated Sequence Length: 46  (Onset=106, Offset=151, Video='EP19_02')
2026-04-01 18:53:53 │ DEBUG    │ CASMEIIUnifier                 │ CASME_II │ sub19 │ EP19_02      │ Onset= 106  Offset= 151  SeqLen= 46 │ surprise → Surprise │ Frames=✓
2026-04-01 18:53:53 │ DEBUG    │ CASMEIIUnifier                 │ Calculated Sequence Length: 56  (Onset=61, Offset=116, Video='EP19_03')
2026-04-01 18:53:53 │ DEBUG    │ CASMEIIUnifier                 │ CASME_II │ sub19 │ EP19_03      │ Onset=  61  Offset= 116  SeqLen= 56 │ surprise → Surprise │ Frames=✓
2026-04-01 18:53:53 │ DEBUG    │ CASMEIIUnifier                 │ Calculated Sequence Length: 41  (Onset=46, Offset=86, Video='EP19_04')
2026-04-01 18:53:53 │ DEBUG    │ CASMEIIUnifier                 │ CASME_II │ sub19 │ EP19_04      │ Onset=  46  Offset=  86  SeqLen= 41 │ sadness → Negative │ Frames=✓
2026-04-01 18:53:53 │ DEBUG    │ CASMEIIUnifier                 │ Calculated Sequence Length: 51  (Onset=76, Offset=126, Video='EP01_03')
2026-04-01 18:53:53 │ DEBUG    │ CASMEIIUnifier                 │ CASME_II │ sub20 │ EP01_03      │ Onset=  76  Offset= 126  SeqLen= 51 │ disgust → Negative │ Frames=✓
2026-04-01 18:53:53 │ DEBUG    │ CASMEIIUnifier                 │ Calculated Sequence Length: 67  (Onset=45, Offset=111, Video='EP03_02')
2026-04-01 18:53:53 │ DEBUG    │ CASMEIIUnifier                 │ CASME_II │ sub20 │ EP03_02      │ Onset=  45  Offset= 111  SeqLen= 67 │ others → Others │ Frames=✓
2026-04-01 18:53:53 │ DEBUG    │ CASMEIIUnifier                 │ Calculated Sequence Length: 31  (Onset=31, Offset=61, Video='EP06_03')
2026-04-01 18:53:53 │ DEBUG    │ CASMEIIUnifier                 │ CASME_II │ sub20 │ EP06_03      │ Onset=  31  Offset=  61  SeqLen= 31 │ disgust → Negative │ Frames=✓
2026-04-01 18:53:53 │ DEBUG    │ CASMEIIUnifier                 │ Calculated Sequence Length: 56  (Onset=96, Offset=151, Video='EP07_04')
2026-04-01 18:53:53 │ DEBUG    │ CASMEIIUnifier                 │ CASME_II │ sub20 │ EP07_04      │ Onset=  96  Offset= 151  SeqLen= 56 │ others → Others │ Frames=✓
2026-04-01 18:53:53 │ DEBUG    │ CASMEIIUnifier                 │ Calculated Sequence Length: 86  (Onset=131, Offset=216, Video='EP10_02')
2026-04-01 18:53:53 │ DEBUG    │ CASMEIIUnifier                 │ CASME_II │ sub20 │ EP10_02      │ Onset= 131  Offset= 216  SeqLen= 86 │ others → Others │ Frames=✓
2026-04-01 18:53:53 │ DEBUG    │ CASMEIIUnifier                 │ Calculated Sequence Length: 66  (Onset=41, Offset=106, Video='EP12_01')
2026-04-01 18:53:53 │ DEBUG    │ CASMEIIUnifier                 │ CASME_II │ sub20 │ EP12_01      │ Onset=  41  Offset= 106  SeqLen= 66 │ others → Others │ Frames=✓
2026-04-01 18:53:53 │ DEBUG    │ CASMEIIUnifier                 │ Calculated Sequence Length: 51  (Onset=71, Offset=121, Video='EP13_02')
2026-04-01 18:53:53 │ DEBUG    │ CASMEIIUnifier                 │ CASME_II │ sub20 │ EP13_02      │ Onset=  71  Offset= 121  SeqLen= 51 │ others → Others │ Frames=✓
2026-04-01 18:53:53 │ DEBUG    │ CASMEIIUnifier                 │ Calculated Sequence Length: 96  (Onset=86, Offset=181, Video='EP15_03f')
2026-04-01 18:53:53 │ DEBUG    │ CASMEIIUnifier                 │ CASME_II │ sub20 │ EP15_03f     │ Onset=  86  Offset= 181  SeqLen= 96 │ others → Others │ Frames=✓
2026-04-01 18:53:53 │ DEBUG    │ CASMEIIUnifier                 │ Calculated Sequence Length: 41  (Onset=71, Offset=111, Video='EP16_01')
2026-04-01 18:53:53 │ DEBUG    │ CASMEIIUnifier                 │ CASME_II │ sub20 │ EP16_01      │ Onset=  71  Offset= 111  SeqLen= 41 │ others → Others │ Frames=✓
2026-04-01 18:53:53 │ DEBUG    │ CASMEIIUnifier                 │ Calculated Sequence Length: 41  (Onset=81, Offset=121, Video='EP16_04')
2026-04-01 18:53:53 │ DEBUG    │ CASMEIIUnifier                 │ CASME_II │ sub20 │ EP16_04      │ Onset=  81  Offset= 121  SeqLen= 41 │ others → Others │ Frames=✓
2026-04-01 18:53:53 │ DEBUG    │ CASMEIIUnifier                 │ Calculated Sequence Length: 79  (Onset=48, Offset=126, Video='EP18_03')
2026-04-01 18:53:53 │ DEBUG    │ CASMEIIUnifier                 │ CASME_II │ sub20 │ EP18_03      │ Onset=  48  Offset= 126  SeqLen= 79 │ others → Others │ Frames=✓
2026-04-01 18:53:53 │ DEBUG    │ CASMEIIUnifier                 │ Calculated Sequence Length: 31  (Onset=6, Offset=36, Video='EP01_07')
2026-04-01 18:53:53 │ DEBUG    │ CASMEIIUnifier                 │ CASME_II │ sub21 │ EP01_07      │ Onset=   6  Offset=  36  SeqLen= 31 │ others → Others │ Frames=✓
2026-04-01 18:53:53 │ DEBUG    │ CASMEIIUnifier                 │ Calculated Sequence Length: 96  (Onset=111, Offset=206, Video='EP05_02')
2026-04-01 18:53:53 │ DEBUG    │ CASMEIIUnifier                 │ CASME_II │ sub21 │ EP05_02      │ Onset= 111  Offset= 206  SeqLen= 96 │ repression → Negative │ Frames=✓
2026-04-01 18:53:53 │ DEBUG    │ CASMEIIUnifier                 │ Calculated Sequence Length: 97  (Onset=50, Offset=146, Video='EP01_12')
2026-04-01 18:53:53 │ DEBUG    │ CASMEIIUnifier                 │ CASME_II │ sub22 │ EP01_12      │ Onset=  50  Offset= 146  SeqLen= 97 │ repression → Negative │ Frames=✓
2026-04-01 18:53:53 │ DEBUG    │ CASMEIIUnifier                 │ Calculated Sequence Length: 106  (Onset=151, Offset=256, Video='EP13_08')
2026-04-01 18:53:53 │ DEBUG    │ CASMEIIUnifier                 │ CASME_II │ sub22 │ EP13_08      │ Onset= 151  Offset= 256  SeqLen=106 │ repression → Negative │ Frames=✓
2026-04-01 18:53:53 │ DEBUG    │ CASMEIIUnifier                 │ Calculated Sequence Length: 95  (Onset=36, Offset=130, Video='EP02_01')
2026-04-01 18:53:53 │ DEBUG    │ CASMEIIUnifier                 │ CASME_II │ sub23 │ EP02_01      │ Onset=  36  Offset= 130  SeqLen= 95 │ happiness → Positive │ Frames=✓
2026-04-01 18:53:53 │ DEBUG    │ CASMEIIUnifier                 │ Calculated Sequence Length: 61  (Onset=51, Offset=111, Video='EP03_14f')
2026-04-01 18:53:53 │ DEBUG    │ CASMEIIUnifier                 │ CASME_II │ sub23 │ EP03_14f     │ Onset=  51  Offset= 111  SeqLen= 61 │ disgust → Negative │ Frames=✓
2026-04-01 18:53:53 │ DEBUG    │ CASMEIIUnifier                 │ Calculated Sequence Length: 100  (Onset=16, Offset=115, Video='EP04_03f')
2026-04-01 18:53:53 │ DEBUG    │ CASMEIIUnifier                 │ CASME_II │ sub23 │ EP04_03f     │ Onset=  16  Offset= 115  SeqLen=100 │ repression → Negative │ Frames=✓
2026-04-01 18:53:53 │ DEBUG    │ CASMEIIUnifier                 │ Calculated Sequence Length: 66  (Onset=106, Offset=171, Video='EP05_24f')
2026-04-01 18:53:53 │ DEBUG    │ CASMEIIUnifier                 │ CASME_II │ sub23 │ EP05_24f     │ Onset= 106  Offset= 171  SeqLen= 66 │ repression → Negative │ Frames=✓
2026-04-01 18:53:53 │ DEBUG    │ CASMEIIUnifier                 │ Calculated Sequence Length: 81  (Onset=51, Offset=131, Video='EP05_25f')
2026-04-01 18:53:53 │ DEBUG    │ CASMEIIUnifier                 │ CASME_II │ sub23 │ EP05_25f     │ Onset=  51  Offset= 131  SeqLen= 81 │ disgust → Negative │ Frames=✓
2026-04-01 18:53:53 │ DEBUG    │ CASMEIIUnifier                 │ Calculated Sequence Length: 61  (Onset=36, Offset=96, Video='EP07_01')
2026-04-01 18:53:53 │ DEBUG    │ CASMEIIUnifier                 │ CASME_II │ sub23 │ EP07_01      │ Onset=  36  Offset=  96  SeqLen= 61 │ others → Others │ Frames=✓
2026-04-01 18:53:53 │ DEBUG    │ CASMEIIUnifier                 │ Calculated Sequence Length: 85  (Onset=46, Offset=130, Video='EP12_02f')
2026-04-01 18:53:53 │ DEBUG    │ CASMEIIUnifier                 │ CASME_II │ sub23 │ EP12_02f     │ Onset=  46  Offset= 130  SeqLen= 85 │ disgust → Negative │ Frames=✓
2026-04-01 18:53:53 │ DEBUG    │ CASMEIIUnifier                 │ Calculated Sequence Length: 76  (Onset=86, Offset=161, Video='EP12_03')
2026-04-01 18:53:53 │ DEBUG    │ CASMEIIUnifier                 │ CASME_II │ sub23 │ EP12_03      │ Onset=  86  Offset= 161  SeqLen= 76 │ disgust → Negative │ Frames=✓
2026-04-01 18:53:53 │ DEBUG    │ CASMEIIUnifier                 │ Calculated Sequence Length: 56  (Onset=36, Offset=91, Video='EP13_03')
2026-04-01 18:53:53 │ DEBUG    │ CASMEIIUnifier                 │ CASME_II │ sub23 │ EP13_03      │ Onset=  36  Offset=  91  SeqLen= 56 │ others → Others │ Frames=✓
2026-04-01 18:53:53 │ DEBUG    │ CASMEIIUnifier                 │ Calculated Sequence Length: 66  (Onset=21, Offset=86, Video='EP13_04')
2026-04-01 18:53:53 │ DEBUG    │ CASMEIIUnifier                 │ CASME_II │ sub23 │ EP13_04      │ Onset=  21  Offset=  86  SeqLen= 66 │ repression → Negative │ Frames=✓
2026-04-01 18:53:53 │ DEBUG    │ CASMEIIUnifier                 │ Calculated Sequence Length: 71  (Onset=56, Offset=126, Video='EP13_07f')
2026-04-01 18:53:53 │ DEBUG    │ CASMEIIUnifier                 │ CASME_II │ sub23 │ EP13_07f     │ Onset=  56  Offset= 126  SeqLen= 71 │ others → Others │ Frames=✓
2026-04-01 18:53:53 │ DEBUG    │ CASMEIIUnifier                 │ Calculated Sequence Length: 66  (Onset=81, Offset=146, Video='EP17_01')
2026-04-01 18:53:53 │ DEBUG    │ CASMEIIUnifier                 │ CASME_II │ sub23 │ EP17_01      │ Onset=  81  Offset= 146  SeqLen= 66 │ others → Others │ Frames=✓
2026-04-01 18:53:53 │ DEBUG    │ CASMEIIUnifier                 │ Calculated Sequence Length: 99  (Onset=33, Offset=131, Video='EP01_08')
2026-04-01 18:53:53 │ DEBUG    │ CASMEIIUnifier                 │ CASME_II │ sub24 │ EP01_08      │ Onset=  33  Offset= 131  SeqLen= 99 │ disgust → Negative │ Frames=✓
2026-04-01 18:53:53 │ DEBUG    │ CASMEIIUnifier                 │ Calculated Sequence Length: 36  (Onset=71, Offset=106, Video='EP02_02f')
2026-04-01 18:53:53 │ DEBUG    │ CASMEIIUnifier                 │ CASME_II │ sub24 │ EP02_02f     │ Onset=  71  Offset= 106  SeqLen= 36 │ disgust → Negative │ Frames=✓
2026-04-01 18:53:53 │ DEBUG    │ CASMEIIUnifier                 │ Calculated Sequence Length: 43  (Onset=24, Offset=66, Video='EP07_01')
2026-04-01 18:53:53 │ DEBUG    │ CASMEIIUnifier                 │ CASME_II │ sub24 │ EP07_01      │ Onset=  24  Offset=  66  SeqLen= 43 │ sadness → Negative │ Frames=✓
2026-04-01 18:53:53 │ DEBUG    │ CASMEIIUnifier                 │ Calculated Sequence Length: 38  (Onset=4, Offset=41, Video='EP07_04f')
2026-04-01 18:53:53 │ DEBUG    │ CASMEIIUnifier                 │ CASME_II │ sub24 │ EP07_04f     │ Onset=   4  Offset=  41  SeqLen= 38 │ sadness → Negative │ Frames=✓
2026-04-01 18:53:53 │ DEBUG    │ CASMEIIUnifier                 │ Calculated Sequence Length: 61  (Onset=121, Offset=181, Video='EP08_02')
2026-04-01 18:53:53 │ DEBUG    │ CASMEIIUnifier                 │ CASME_II │ sub24 │ EP08_02      │ Onset= 121  Offset= 181  SeqLen= 61 │ others → Others │ Frames=✓
2026-04-01 18:53:53 │ DEBUG    │ CASMEIIUnifier                 │ Calculated Sequence Length: 24  (Onset=131, Offset=154, Video='EP10_01f')
2026-04-01 18:53:53 │ DEBUG    │ CASMEIIUnifier                 │ CASME_II │ sub24 │ EP10_01f     │ Onset= 131  Offset= 154  SeqLen= 24 │ others → Others │ Frames=✓
2026-04-01 18:53:53 │ DEBUG    │ CASMEIIUnifier                 │ Calculated Sequence Length: 36  (Onset=101, Offset=136, Video='EP10_02')
2026-04-01 18:53:53 │ DEBUG    │ CASMEIIUnifier                 │ CASME_II │ sub24 │ EP10_02      │ Onset= 101  Offset= 136  SeqLen= 36 │ others → Others │ Frames=✓
2026-04-01 18:53:53 │ DEBUG    │ CASMEIIUnifier                 │ Calculated Sequence Length: 43  (Onset=334, Offset=376, Video='EP10_03')
2026-04-01 18:53:53 │ DEBUG    │ CASMEIIUnifier                 │ CASME_II │ sub24 │ EP10_03      │ Onset= 334  Offset= 376  SeqLen= 43 │ sadness → Negative │ Frames=✓
2026-04-01 18:53:53 │ DEBUG    │ CASMEIIUnifier                 │ Calculated Sequence Length: 41  (Onset=81, Offset=121, Video='EP12_01')
2026-04-01 18:53:53 │ DEBUG    │ CASMEIIUnifier                 │ CASME_II │ sub24 │ EP12_01      │ Onset=  81  Offset= 121  SeqLen= 41 │ others → Others │ Frames=✓
2026-04-01 18:53:53 │ DEBUG    │ CASMEIIUnifier                 │ Calculated Sequence Length: 36  (Onset=53, Offset=88, Video='EP18_03')
2026-04-01 18:53:53 │ DEBUG    │ CASMEIIUnifier                 │ CASME_II │ sub24 │ EP18_03      │ Onset=  53  Offset=  88  SeqLen= 36 │ surprise → Surprise │ Frames=✓
2026-04-01 18:53:53 │ DEBUG    │ CASMEIIUnifier                 │ Calculated Sequence Length: 61  (Onset=56, Offset=116, Video='EP03_01')
2026-04-01 18:53:53 │ DEBUG    │ CASMEIIUnifier                 │ CASME_II │ sub25 │ EP03_01      │ Onset=  56  Offset= 116  SeqLen= 61 │ others → Others │ Frames=✓
2026-04-01 18:53:53 │ DEBUG    │ CASMEIIUnifier                 │ Calculated Sequence Length: 84  (Onset=51, Offset=134, Video='EP03_02')
2026-04-01 18:53:53 │ DEBUG    │ CASMEIIUnifier                 │ CASME_II │ sub25 │ EP03_02      │ Onset=  51  Offset= 134  SeqLen= 84 │ others → Others │ Frames=✓
2026-04-01 18:53:53 │ DEBUG    │ CASMEIIUnifier                 │ Calculated Sequence Length: 36  (Onset=76, Offset=111, Video='EP09_02')
2026-04-01 18:53:53 │ DEBUG    │ CASMEIIUnifier                 │ CASME_II │ sub25 │ EP09_02      │ Onset=  76  Offset= 111  SeqLen= 36 │ disgust → Negative │ Frames=✓
2026-04-01 18:53:53 │ DEBUG    │ CASMEIIUnifier                 │ Calculated Sequence Length: 76  (Onset=101, Offset=176, Video='EP10_01')
2026-04-01 18:53:53 │ DEBUG    │ CASMEIIUnifier                 │ CASME_II │ sub25 │ EP10_01      │ Onset= 101  Offset= 176  SeqLen= 76 │ disgust → Negative │ Frames=✓
2026-04-01 18:53:53 │ DEBUG    │ CASMEIIUnifier                 │ Calculated Sequence Length: 98  (Onset=61, Offset=158, Video='EP10_10')
2026-04-01 18:53:53 │ DEBUG    │ CASMEIIUnifier                 │ CASME_II │ sub25 │ EP10_10      │ Onset=  61  Offset= 158  SeqLen= 98 │ surprise → Surprise │ Frames=✓
2026-04-01 18:53:53 │ DEBUG    │ CASMEIIUnifier                 │ Calculated Sequence Length: 56  (Onset=131, Offset=186, Video='EP12_01')
2026-04-01 18:53:53 │ DEBUG    │ CASMEIIUnifier                 │ CASME_II │ sub25 │ EP12_01      │ Onset= 131  Offset= 186  SeqLen= 56 │ surprise → Surprise │ Frames=✓
2026-04-01 18:53:53 │ DEBUG    │ CASMEIIUnifier                 │ Calculated Sequence Length: 41  (Onset=76, Offset=116, Video='EP18_04f')
2026-04-01 18:53:53 │ DEBUG    │ CASMEIIUnifier                 │ CASME_II │ sub25 │ EP18_04f     │ Onset=  76  Offset= 116  SeqLen= 41 │ disgust → Negative │ Frames=✓
2026-04-01 18:53:53 │ DEBUG    │ CASMEIIUnifier                 │ Calculated Sequence Length: 86  (Onset=116, Offset=201, Video='EP03_10')
2026-04-01 18:53:53 │ DEBUG    │ CASMEIIUnifier                 │ CASME_II │ sub26 │ EP03_10      │ Onset= 116  Offset= 201  SeqLen= 86 │ happiness → Positive │ Frames=✓
2026-04-01 18:53:53 │ DEBUG    │ CASMEIIUnifier                 │ Calculated Sequence Length: 41  (Onset=31, Offset=71, Video='EP07_28')
2026-04-01 18:53:53 │ DEBUG    │ CASMEIIUnifier                 │ CASME_II │ sub26 │ EP07_28      │ Onset=  31  Offset=  71  SeqLen= 41 │ others → Others │ Frames=✓
2026-04-01 18:53:53 │ DEBUG    │ CASMEIIUnifier                 │ Calculated Sequence Length: 99  (Onset=92, Offset=190, Video='EP07_37')
2026-04-01 18:53:53 │ DEBUG    │ CASMEIIUnifier                 │ CASME_II │ sub26 │ EP07_37      │ Onset=  92  Offset= 190  SeqLen= 99 │ others → Others │ Frames=✓
2026-04-01 18:53:53 │ DEBUG    │ CASMEIIUnifier                 │ Calculated Sequence Length: 59  (Onset=31, Offset=89, Video='EP08_04')
2026-04-01 18:53:53 │ DEBUG    │ CASMEIIUnifier                 │ CASME_II │ sub26 │ EP08_04      │ Onset=  31  Offset=  89  SeqLen= 59 │ others → Others │ Frames=✓
2026-04-01 18:53:53 │ DEBUG    │ CASMEIIUnifier                 │ Calculated Sequence Length: 61  (Onset=31, Offset=91, Video='EP09_04')
2026-04-01 18:53:53 │ DEBUG    │ CASMEIIUnifier                 │ CASME_II │ sub26 │ EP09_04      │ Onset=  31  Offset=  91  SeqLen= 61 │ disgust → Negative │ Frames=✓
2026-04-01 18:53:53 │ DEBUG    │ CASMEIIUnifier                 │ Calculated Sequence Length: 56  (Onset=46, Offset=101, Video='EP09_09')
2026-04-01 18:53:53 │ DEBUG    │ CASMEIIUnifier                 │ CASME_II │ sub26 │ EP09_09      │ Onset=  46  Offset= 101  SeqLen= 56 │ disgust → Negative │ Frames=✓
2026-04-01 18:53:53 │ DEBUG    │ CASMEIIUnifier                 │ Calculated Sequence Length: 58  (Onset=4, Offset=61, Video='EP13_01')
2026-04-01 18:53:53 │ DEBUG    │ CASMEIIUnifier                 │ CASME_II │ sub26 │ EP13_01      │ Onset=   4  Offset=  61  SeqLen= 58 │ others → Others │ Frames=✓
2026-04-01 18:53:53 │ DEBUG    │ CASMEIIUnifier                 │ Calculated Sequence Length: 85  (Onset=32, Offset=116, Video='EP13_02')
2026-04-01 18:53:53 │ DEBUG    │ CASMEIIUnifier                 │ CASME_II │ sub26 │ EP13_02      │ Onset=  32  Offset= 116  SeqLen= 85 │ happiness → Positive │ Frames=✓
2026-04-01 18:53:53 │ DEBUG    │ CASMEIIUnifier                 │ Calculated Sequence Length: 82  (Onset=20, Offset=101, Video='EP13_11')
2026-04-01 18:53:53 │ DEBUG    │ CASMEIIUnifier                 │ CASME_II │ sub26 │ EP13_11      │ Onset=  20  Offset= 101  SeqLen= 82 │ disgust → Negative │ Frames=✓
2026-04-01 18:53:53 │ DEBUG    │ CASMEIIUnifier                 │ Calculated Sequence Length: 40  (Onset=42, Offset=81, Video='EP15_01')
2026-04-01 18:53:53 │ DEBUG    │ CASMEIIUnifier                 │ CASME_II │ sub26 │ EP15_01      │ Onset=  42  Offset=  81  SeqLen= 40 │ sadness → Negative │ Frames=✓
2026-04-01 18:53:53 │ DEBUG    │ CASMEIIUnifier                 │ Calculated Sequence Length: 51  (Onset=26, Offset=76, Video='EP16_01')
2026-04-01 18:53:53 │ DEBUG    │ CASMEIIUnifier                 │ CASME_II │ sub26 │ EP16_01      │ Onset=  26  Offset=  76  SeqLen= 51 │ disgust → Negative │ Frames=✓
2026-04-01 18:53:53 │ DEBUG    │ CASMEIIUnifier                 │ Calculated Sequence Length: 61  (Onset=11, Offset=71, Video='EP18_44')
2026-04-01 18:53:53 │ DEBUG    │ CASMEIIUnifier                 │ CASME_II │ sub26 │ EP18_44      │ Onset=  11  Offset=  71  SeqLen= 61 │ disgust → Negative │ Frames=✓
2026-04-01 18:53:53 │ DEBUG    │ CASMEIIUnifier                 │ Calculated Sequence Length: 71  (Onset=31, Offset=101, Video='EP18_46')
2026-04-01 18:53:53 │ DEBUG    │ CASMEIIUnifier                 │ CASME_II │ sub26 │ EP18_46      │ Onset=  31  Offset= 101  SeqLen= 71 │ others → Others │ Frames=✓
2026-04-01 18:53:53 │ DEBUG    │ CASMEIIUnifier                 │ Calculated Sequence Length: 81  (Onset=6, Offset=86, Video='EP18_47')
2026-04-01 18:53:53 │ DEBUG    │ CASMEIIUnifier                 │ CASME_II │ sub26 │ EP18_47      │ Onset=   6  Offset=  86  SeqLen= 81 │ disgust → Negative │ Frames=✓
2026-04-01 18:53:53 │ DEBUG    │ CASMEIIUnifier                 │ Calculated Sequence Length: 65  (Onset=16, Offset=80, Video='EP18_49')
2026-04-01 18:53:53 │ DEBUG    │ CASMEIIUnifier                 │ CASME_II │ sub26 │ EP18_49      │ Onset=  16  Offset=  80  SeqLen= 65 │ disgust → Negative │ Frames=✓
2026-04-01 18:53:53 │ DEBUG    │ CASMEIIUnifier                 │ Calculated Sequence Length: 84  (Onset=78, Offset=161, Video='EP18_50')
2026-04-01 18:53:53 │ DEBUG    │ CASMEIIUnifier                 │ CASME_II │ sub26 │ EP18_50      │ Onset=  78  Offset= 161  SeqLen= 84 │ disgust → Negative │ Frames=✓
2026-04-01 18:53:53 │ DEBUG    │ CASMEIIUnifier                 │ Calculated Sequence Length: 61  (Onset=21, Offset=81, Video='EP18_51')
2026-04-01 18:53:53 │ DEBUG    │ CASMEIIUnifier                 │ CASME_II │ sub26 │ EP18_51      │ Onset=  21  Offset=  81  SeqLen= 61 │ disgust → Negative │ Frames=✓
2026-04-01 18:53:53 │ INFO     │ CASMEIIUnifier                 │ CASME II unification complete.  255 samples processed.
2026-04-01 18:53:53 │ INFO     │ CASMEIIUnifier                 │ Transformation complete.  Shape: (255, 15)
2026-04-01 18:53:53 │ INFO     │ CASMEIIUnifier                 │ Unified emotion distribution:
Unified_Emotion
Others      99
Negative    99
Positive    32
Surprise    25
2026-04-01 18:53:53 │ INFO     │ CASMEIIUnifier                 │ Sequence Length stats (valid only):  min=24  max=141  mean=67.2  median=61.0  std=22.6
2026-04-01 18:53:53 │ INFO     │ CASMEIIUnifier                 │ Validation passed.  Final sample count: 255
2026-04-01 18:53:53 │ WARNING  │ CheckpointManager              │ Checkpoint SAVED — block 'CASME_II_metadata' marked FAILED.  Reason: Unable to find a usable engine; tried using: 'pyarrow', 'fastparquet'.
A suitable version of pyarrow or fastparquet is required for parquet support.
Trying to import the above resulted in these errors:
 - `Import pyarrow` failed. pyarrow is required for parquet support. Use pip or conda to install the pyarrow package.
 - `Import fastparquet` failed. fastparquet is required for parquet support. Use pip or conda to install the fastparquet package.
2026-04-01 18:53:54 │ ERROR    │ PipelineManager                │ FATAL — Block 'CASME_II_metadata' failed.  The pipeline will exit.  Fix the issue and re-run; completed blocks will be skipped.
Traceback (most recent call last):
  File "C:\Users\Addhyan\Desktop\Thesis\Thesis3\Stage1_DataPipeline\pipeline_manager.py", line 185, in _process_block
    df.to_parquet(str(intermediate_path), index=False)
    ~~~~~~~~~~~~~^^^^^^^^^^^^^^^^^^^^^^^^^^^^^^^^^^^^^
  File "C:\Users\Addhyan\AppData\Roaming\Python\Python313\site-packages\pandas\core\frame.py", line 3135, in to_parquet
    return to_parquet(
        self,
    ...<7 lines>...
        **kwargs,
    )
  File "C:\Users\Addhyan\AppData\Roaming\Python\Python313\site-packages\pandas\io\parquet.py", line 486, in to_parquet
    impl = get_engine(engine)
  File "C:\Users\Addhyan\AppData\Roaming\Python\Python313\site-packages\pandas\io\parquet.py", line 68, in get_engine
    raise ImportError(
    ...<7 lines>...
    )
ImportError: Unable to find a usable engine; tried using: 'pyarrow', 'fastparquet'.
A suitable version of pyarrow or fastparquet is required for parquet support.
Trying to import the above resulted in these errors:
 - `Import pyarrow` failed. pyarrow is required for parquet support. Use pip or conda to install the pyarrow package.
 - `Import fastparquet` failed. fastparquet is required for parquet support. Use pip or conda to install the fastparquet package.
2026-04-01 18:53:54 │ ERROR    │ main_step1                     │ Pipeline terminated with an unrecoverable error.  Fix the issue and re-run — completed blocks will be skipped thanks to the checkpoint system.
Traceback (most recent call last):
  File "C:\Users\Addhyan\Desktop\Thesis\Thesis3\Stage1_DataPipeline\main_step1.py", line 170, in main
    master_df = manager.run()
  File "C:\Users\Addhyan\Desktop\Thesis\Thesis3\Stage1_DataPipeline\pipeline_manager.py", line 108, in run
    casme_ii_df = self._process_block(
        block_name=self.BLOCK_CASME_II,
        unifier_factory=lambda: CASMEIIUnifier(),
        intermediate_path=self._casme2_path,
    )
  File "C:\Users\Addhyan\Desktop\Thesis\Thesis3\Stage1_DataPipeline\pipeline_manager.py", line 185, in _process_block
    df.to_parquet(str(intermediate_path), index=False)
    ~~~~~~~~~~~~~^^^^^^^^^^^^^^^^^^^^^^^^^^^^^^^^^^^^^
  File "C:\Users\Addhyan\AppData\Roaming\Python\Python313\site-packages\pandas\core\frame.py", line 3135, in to_parquet
    return to_parquet(
        self,
    ...<7 lines>...
        **kwargs,
    )
  File "C:\Users\Addhyan\AppData\Roaming\Python\Python313\site-packages\pandas\io\parquet.py", line 486, in to_parquet
    impl = get_engine(engine)
  File "C:\Users\Addhyan\AppData\Roaming\Python\Python313\site-packages\pandas\io\parquet.py", line 68, in get_engine
    raise ImportError(
    ...<7 lines>...
    )
ImportError: Unable to find a usable engine; tried using: 'pyarrow', 'fastparquet'.
A suitable version of pyarrow or fastparquet is required for parquet support.
Trying to import the above resulted in these errors:
 - `Import pyarrow` failed. pyarrow is required for parquet support. Use pip or conda to install the pyarrow package.
 - `Import fastparquet` failed. fastparquet is required for parquet support. Use pip or conda to install the fastparquet package.
2026-04-01 18:54:12 │ DEBUG    │ main_step1                     │ Logger 'main_step1' initialised.  Console=INFO  File=DEBUG  → C:\Users\Addhyan\Desktop\Thesis\Thesis3\Stage1_DataPipeline\logs\pipeline_step1.log
2026-04-01 18:54:12 │ INFO     │ main_step1                     │ ╔════════════════════════════════════════════════════════════════════╗
2026-04-01 18:54:12 │ INFO     │ main_step1                     │ ║  Micro-Expression Recognition — Thesis Data Pipeline            ║
2026-04-01 18:54:12 │ INFO     │ main_step1                     │ ║  Stage 1 / Step 1: Unified Metadata Generation                  ║
2026-04-01 18:54:12 │ INFO     │ main_step1                     │ ╚════════════════════════════════════════════════════════════════════╝
2026-04-01 18:54:12 │ INFO     │ main_step1                     │ --force flag detected.  Resetting all checkpoints …
2026-04-01 18:54:12 │ INFO     │ main_step1                     │   🗑  Deleted file: C:\Users\Addhyan\Desktop\Thesis\Thesis3\Processed_Data\checkpoints\processed_state.json
2026-04-01 18:54:12 │ DEBUG    │ main_step1                     │   (not found, skipping): C:\Users\Addhyan\Desktop\Thesis\Thesis3\Processed_Data\master_thesis_labels.csv
2026-04-01 18:54:12 │ INFO     │ main_step1                     │   🗑  Deleted directory: C:\Users\Addhyan\Desktop\Thesis\Thesis3\Processed_Data\intermediates
2026-04-01 18:54:12 │ INFO     │ main_step1                     │ Force reset complete.  All checkpoints cleared.
2026-04-01 18:54:12 │ INFO     │ main_step1                     │ Running pre-flight checks …
2026-04-01 18:54:12 │ INFO     │ main_step1                     │   ✓  CASME II Excel:     C:\Users\Addhyan\Desktop\Thesis\Thesis3\DATASETS\CASME II\CASME2-coding-20140508.xlsx
2026-04-01 18:54:12 │ INFO     │ main_step1                     │   ✓  CASME II Frames:    C:\Users\Addhyan\Desktop\Thesis\Thesis3\DATASETS\CASME II\Cropped
2026-04-01 18:54:12 │ INFO     │ main_step1                     │   ✓  CAS(ME)^2 Excel:    C:\Users\Addhyan\Desktop\Thesis\Thesis3\DATASETS\CAS(ME)^2code_final.xlsx
2026-04-01 18:54:12 │ INFO     │ main_step1                     │   ✓  CAS(ME)^2 Frames:   C:\Users\Addhyan\Desktop\Thesis\Thesis3\DATASETS\cropped
2026-04-01 18:54:12 │ INFO     │ main_step1                     │ All pre-flight checks passed.  ✓

2026-04-01 18:54:12 │ DEBUG    │ PipelineManager                │ Logger 'PipelineManager' initialised.  Console=INFO  File=DEBUG  → C:\Users\Addhyan\Desktop\Thesis\Thesis3\Stage1_DataPipeline\logs\pipeline_step1.log
2026-04-01 18:54:12 │ DEBUG    │ CheckpointManager              │ Logger 'CheckpointManager' initialised.  Console=INFO  File=DEBUG  → C:\Users\Addhyan\Desktop\Thesis\Thesis3\Stage1_DataPipeline\logs\pipeline_step1.log
2026-04-01 18:54:12 │ INFO     │ CheckpointManager              │ Created new checkpoint file at C:\Users\Addhyan\Desktop\Thesis\Thesis3\Processed_Data\checkpoints\processed_state.json
2026-04-01 18:54:12 │ INFO     │ PipelineManager                │ ╔════════════════════════════════════════════════════════════════════╗
2026-04-01 18:54:12 │ INFO     │ PipelineManager                │ ║  STAGE 1 / STEP 1 — Unified Metadata Pipeline                    ║
2026-04-01 18:54:12 │ INFO     │ PipelineManager                │ ╚════════════════════════════════════════════════════════════════════╝
2026-04-01 18:54:12 │ INFO     │ PipelineManager                │ Checkpoint status:
No blocks registered yet.
2026-04-01 18:54:12 │ DEBUG    │ CASMEIIUnifier                 │ Logger 'CASMEIIUnifier' initialised.  Console=INFO  File=DEBUG  → C:\Users\Addhyan\Desktop\Thesis\Thesis3\Stage1_DataPipeline\logs\pipeline_step1.log
2026-04-01 18:54:12 │ INFO     │ CASMEIIUnifier                 │ ══════════════════════════════════════════════════════════════════════
2026-04-01 18:54:12 │ INFO     │ CASMEIIUnifier                 │ Starting unification for: CASMEIIUnifier
2026-04-01 18:54:12 │ INFO     │ CASMEIIUnifier                 │ ══════════════════════════════════════════════════════════════════════
2026-04-01 18:54:12 │ INFO     │ CASMEIIUnifier                 │ Reading CASME II Excel: C:\Users\Addhyan\Desktop\Thesis\Thesis3\DATASETS\CASME II\CASME2-coding-20140508.xlsx
2026-04-01 18:54:12 │ INFO     │ CASMEIIUnifier                 │ Successfully read 255 rows × 9 columns from CASME II Excel.
2026-04-01 18:54:12 │ DEBUG    │ CASMEIIUnifier                 │ Raw columns: ['Subject', 'Filename', 'Unnamed: 2', 'OnsetFrame', 'ApexFrame', 'OffsetFrame', 'Unnamed: 6', 'Action Units', 'Estimated Emotion']
2026-04-01 18:54:12 │ INFO     │ CASMEIIUnifier                 │ Raw DataFrame loaded.  Shape: (255, 9)
2026-04-01 18:54:12 │ DEBUG    │ CASMEIIUnifier                 │ Calculated Sequence Length: 41  (Onset=46, Offset=86, Video='EP02_01f')
2026-04-01 18:54:12 │ DEBUG    │ CASMEIIUnifier                 │ CASME_II │ sub01 │ EP02_01f     │ Onset=  46  Offset=  86  SeqLen= 41 │ happiness → Positive │ Frames=✓
2026-04-01 18:54:12 │ DEBUG    │ CASMEIIUnifier                 │ Calculated Sequence Length: 31  (Onset=131, Offset=161, Video='EP03_02')
2026-04-01 18:54:12 │ DEBUG    │ CASMEIIUnifier                 │ CASME_II │ sub01 │ EP03_02      │ Onset= 131  Offset= 161  SeqLen= 31 │ others → Others │ Frames=✓
2026-04-01 18:54:12 │ DEBUG    │ CASMEIIUnifier                 │ Calculated Sequence Length: 56  (Onset=21, Offset=76, Video='EP04_02')
2026-04-01 18:54:12 │ DEBUG    │ CASMEIIUnifier                 │ CASME_II │ sub01 │ EP04_02      │ Onset=  21  Offset=  76  SeqLen= 56 │ others → Others │ Frames=✓
2026-04-01 18:54:12 │ DEBUG    │ CASMEIIUnifier                 │ Calculated Sequence Length: 26  (Onset=31, Offset=56, Video='EP04_03')
2026-04-01 18:54:12 │ DEBUG    │ CASMEIIUnifier                 │ CASME_II │ sub01 │ EP04_03      │ Onset=  31  Offset=  56  SeqLen= 26 │ others → Others │ Frames=✓
2026-04-01 18:54:12 │ DEBUG    │ CASMEIIUnifier                 │ Calculated Sequence Length: 44  (Onset=23, Offset=66, Video='EP04_04')
2026-04-01 18:54:12 │ DEBUG    │ CASMEIIUnifier                 │ CASME_II │ sub01 │ EP04_04      │ Onset=  23  Offset=  66  SeqLen= 44 │ others → Others │ Frames=✓
2026-04-01 18:54:12 │ DEBUG    │ CASMEIIUnifier                 │ Calculated Sequence Length: 41  (Onset=26, Offset=66, Video='EP19_01')
2026-04-01 18:54:12 │ DEBUG    │ CASMEIIUnifier                 │ CASME_II │ sub01 │ EP19_01      │ Onset=  26  Offset=  66  SeqLen= 41 │ others → Others │ Frames=✓
2026-04-01 18:54:12 │ DEBUG    │ CASMEIIUnifier                 │ Calculated Sequence Length: 81  (Onset=81, Offset=161, Video='EP19_03f')
2026-04-01 18:54:12 │ DEBUG    │ CASMEIIUnifier                 │ CASME_II │ sub01 │ EP19_03f     │ Onset=  81  Offset= 161  SeqLen= 81 │ others → Others │ Frames=✓
2026-04-01 18:54:12 │ DEBUG    │ CASMEIIUnifier                 │ Calculated Sequence Length: 51  (Onset=396, Offset=446, Video='EP19_05f')
2026-04-01 18:54:12 │ DEBUG    │ CASMEIIUnifier                 │ CASME_II │ sub01 │ EP19_05f     │ Onset= 396  Offset= 446  SeqLen= 51 │ disgust → Negative │ Frames=✓
2026-04-01 18:54:12 │ DEBUG    │ CASMEIIUnifier                 │ Calculated Sequence Length: 126  (Onset=36, Offset=161, Video='EP19_06f')
2026-04-01 18:54:12 │ DEBUG    │ CASMEIIUnifier                 │ CASME_II │ sub01 │ EP19_06f     │ Onset=  36  Offset= 161  SeqLen=126 │ disgust → Negative │ Frames=✓
2026-04-01 18:54:12 │ DEBUG    │ CASMEIIUnifier                 │ Calculated Sequence Length: 51  (Onset=46, Offset=96, Video='EP01_11f')
2026-04-01 18:54:12 │ DEBUG    │ CASMEIIUnifier                 │ CASME_II │ sub02 │ EP01_11f     │ Onset=  46  Offset=  96  SeqLen= 51 │ repression → Negative │ Frames=✓
2026-04-01 18:54:12 │ DEBUG    │ CASMEIIUnifier                 │ Calculated Sequence Length: 111  (Onset=31, Offset=141, Video='EP02_04f')
2026-04-01 18:54:12 │ DEBUG    │ CASMEIIUnifier                 │ CASME_II │ sub02 │ EP02_04f     │ Onset=  31  Offset= 141  SeqLen=111 │ repression → Negative │ Frames=✓
2026-04-01 18:54:12 │ DEBUG    │ CASMEIIUnifier                 │ Calculated Sequence Length: 121  (Onset=16, Offset=136, Video='EP03_02f')
2026-04-01 18:54:12 │ DEBUG    │ CASMEIIUnifier                 │ CASME_II │ sub02 │ EP03_02f     │ Onset=  16  Offset= 136  SeqLen=121 │ repression → Negative │ Frames=✓
2026-04-01 18:54:12 │ DEBUG    │ CASMEIIUnifier                 │ Calculated Sequence Length: 100  (Onset=56, Offset=155, Video='EP06_01f')
2026-04-01 18:54:12 │ DEBUG    │ CASMEIIUnifier                 │ CASME_II │ sub02 │ EP06_01f     │ Onset=  56  Offset= 155  SeqLen=100 │ repression → Negative │ Frames=✓
2026-04-01 18:54:12 │ DEBUG    │ CASMEIIUnifier                 │ Calculated Sequence Length: 76  (Onset=36, Offset=111, Video='EP06_02f')
2026-04-01 18:54:12 │ DEBUG    │ CASMEIIUnifier                 │ CASME_II │ sub02 │ EP06_02f     │ Onset=  36  Offset= 111  SeqLen= 76 │ repression → Negative │ Frames=✓
2026-04-01 18:54:12 │ DEBUG    │ CASMEIIUnifier                 │ Calculated Sequence Length: 91  (Onset=16, Offset=106, Video='EP08_04')
2026-04-01 18:54:12 │ DEBUG    │ CASMEIIUnifier                 │ CASME_II │ sub02 │ EP08_04      │ Onset=  16  Offset= 106  SeqLen= 91 │ others → Others │ Frames=✓
2026-04-01 18:54:12 │ DEBUG    │ CASMEIIUnifier                 │ Calculated Sequence Length: 100  (Onset=26, Offset=125, Video='EP09_01')
2026-04-01 18:54:12 │ DEBUG    │ CASMEIIUnifier                 │ CASME_II │ sub02 │ EP09_01      │ Onset=  26  Offset= 125  SeqLen=100 │ happiness → Positive │ Frames=✓
2026-04-01 18:54:12 │ DEBUG    │ CASMEIIUnifier                 │ Calculated Sequence Length: 141  (Onset=11, Offset=151, Video='EP09_06f')
2026-04-01 18:54:12 │ DEBUG    │ CASMEIIUnifier                 │ CASME_II │ sub02 │ EP09_06f     │ Onset=  11  Offset= 151  SeqLen=141 │ others → Others │ Frames=✓
2026-04-01 18:54:12 │ DEBUG    │ CASMEIIUnifier                 │ Calculated Sequence Length: 41  (Onset=26, Offset=66, Video='EP09_10')
2026-04-01 18:54:12 │ DEBUG    │ CASMEIIUnifier                 │ CASME_II │ sub02 │ EP09_10      │ Onset=  26  Offset=  66  SeqLen= 41 │ others → Others │ Frames=✓
2026-04-01 18:54:12 │ DEBUG    │ CASMEIIUnifier                 │ Calculated Sequence Length: 91  (Onset=16, Offset=106, Video='EP11_01')
2026-04-01 18:54:12 │ DEBUG    │ CASMEIIUnifier                 │ CASME_II │ sub02 │ EP11_01      │ Onset=  16  Offset= 106  SeqLen= 91 │ surprise → Surprise │ Frames=✓
2026-04-01 18:54:12 │ DEBUG    │ CASMEIIUnifier                 │ Calculated Sequence Length: 56  (Onset=21, Offset=76, Video='EP13_04')
2026-04-01 18:54:12 │ DEBUG    │ CASMEIIUnifier                 │ CASME_II │ sub02 │ EP13_04      │ Onset=  21  Offset=  76  SeqLen= 56 │ surprise → Surprise │ Frames=✓
2026-04-01 18:54:12 │ DEBUG    │ CASMEIIUnifier                 │ Calculated Sequence Length: 46  (Onset=81, Offset=126, Video='EP14_01')
2026-04-01 18:54:12 │ DEBUG    │ CASMEIIUnifier                 │ CASME_II │ sub02 │ EP14_01      │ Onset=  81  Offset= 126  SeqLen= 46 │ surprise → Surprise │ Frames=✓
2026-04-01 18:54:12 │ DEBUG    │ CASMEIIUnifier                 │ Calculated Sequence Length: 71  (Onset=26, Offset=96, Video='EP15_04')
2026-04-01 18:54:12 │ DEBUG    │ CASMEIIUnifier                 │ CASME_II │ sub02 │ EP15_04      │ Onset=  26  Offset=  96  SeqLen= 71 │ others → Others │ Frames=✓
2026-04-01 18:54:12 │ DEBUG    │ CASMEIIUnifier                 │ Calculated Sequence Length: 41  (Onset=51, Offset=91, Video='EP01_2')
2026-04-01 18:54:12 │ DEBUG    │ CASMEIIUnifier                 │ CASME_II │ sub03 │ EP01_2       │ Onset=  51  Offset=  91  SeqLen= 41 │ surprise → Surprise │ Frames=✓
2026-04-01 18:54:12 │ DEBUG    │ CASMEIIUnifier                 │ Calculated Sequence Length: 61  (Onset=16, Offset=76, Video='EP07_03')
2026-04-01 18:54:12 │ DEBUG    │ CASMEIIUnifier                 │ CASME_II │ sub03 │ EP07_03      │ Onset=  16  Offset=  76  SeqLen= 61 │ others → Others │ Frames=✓
2026-04-01 18:54:12 │ DEBUG    │ CASMEIIUnifier                 │ Calculated Sequence Length: 86  (Onset=21, Offset=106, Video='EP07_04')
2026-04-01 18:54:12 │ DEBUG    │ CASMEIIUnifier                 │ CASME_II │ sub03 │ EP07_04      │ Onset=  21  Offset= 106  SeqLen= 86 │ disgust → Negative │ Frames=✓
2026-04-01 18:54:12 │ DEBUG    │ CASMEIIUnifier                 │ Calculated Sequence Length: 81  (Onset=11, Offset=91, Video='EP08_1')
2026-04-01 18:54:12 │ DEBUG    │ CASMEIIUnifier                 │ CASME_II │ sub03 │ EP08_1       │ Onset=  11  Offset=  91  SeqLen= 81 │ others → Others │ Frames=✓
2026-04-01 18:54:12 │ DEBUG    │ CASMEIIUnifier                 │ Calculated Sequence Length: 61  (Onset=61, Offset=121, Video='EP09_03')
2026-04-01 18:54:12 │ DEBUG    │ CASMEIIUnifier                 │ CASME_II │ sub03 │ EP09_03      │ Onset=  61  Offset= 121  SeqLen= 61 │ disgust → Negative │ Frames=✓
2026-04-01 18:54:12 │ DEBUG    │ CASMEIIUnifier                 │ Calculated Sequence Length: 101  (Onset=26, Offset=126, Video='EP18_06')
2026-04-01 18:54:12 │ DEBUG    │ CASMEIIUnifier                 │ CASME_II │ sub03 │ EP18_06      │ Onset=  26  Offset= 126  SeqLen=101 │ disgust → Negative │ Frames=✓
2026-04-01 18:54:12 │ DEBUG    │ CASMEIIUnifier                 │ Calculated Sequence Length: 41  (Onset=101, Offset=141, Video='EP19_08')
2026-04-01 18:54:12 │ DEBUG    │ CASMEIIUnifier                 │ CASME_II │ sub03 │ EP19_08      │ Onset= 101  Offset= 141  SeqLen= 41 │ disgust → Negative │ Frames=✓
2026-04-01 18:54:12 │ DEBUG    │ CASMEIIUnifier                 │ Non-numeric ApexFrame for sub04/EP12_01f: '/'
2026-04-01 18:54:12 │ DEBUG    │ CASMEIIUnifier                 │ Calculated Sequence Length: 61  (Onset=261, Offset=321, Video='EP12_01f')
2026-04-01 18:54:12 │ DEBUG    │ CASMEIIUnifier                 │ CASME_II │ sub04 │ EP12_01f     │ Onset= 261  Offset= 321  SeqLen= 61 │ disgust → Negative │ Frames=✓
2026-04-01 18:54:12 │ DEBUG    │ CASMEIIUnifier                 │ Calculated Sequence Length: 51  (Onset=356, Offset=406, Video='EP12_02f')
2026-04-01 18:54:12 │ DEBUG    │ CASMEIIUnifier                 │ CASME_II │ sub04 │ EP12_02f     │ Onset= 356  Offset= 406  SeqLen= 51 │ disgust → Negative │ Frames=✓
2026-04-01 18:54:12 │ DEBUG    │ CASMEIIUnifier                 │ Calculated Sequence Length: 61  (Onset=51, Offset=111, Video='EP13_02f')
2026-04-01 18:54:12 │ DEBUG    │ CASMEIIUnifier                 │ CASME_II │ sub04 │ EP13_02f     │ Onset=  51  Offset= 111  SeqLen= 61 │ others → Others │ Frames=✓
2026-04-01 18:54:12 │ DEBUG    │ CASMEIIUnifier                 │ Calculated Sequence Length: 91  (Onset=71, Offset=161, Video='EP13_06f')
2026-04-01 18:54:12 │ DEBUG    │ CASMEIIUnifier                 │ CASME_II │ sub04 │ EP13_06f     │ Onset=  71  Offset= 161  SeqLen= 91 │ disgust → Negative │ Frames=✓
2026-04-01 18:54:12 │ DEBUG    │ CASMEIIUnifier                 │ Calculated Sequence Length: 36  (Onset=191, Offset=226, Video='EP19_01f')
2026-04-01 18:54:12 │ DEBUG    │ CASMEIIUnifier                 │ CASME_II │ sub04 │ EP19_01f     │ Onset= 191  Offset= 226  SeqLen= 36 │ others → Others │ Frames=✓
2026-04-01 18:54:12 │ DEBUG    │ CASMEIIUnifier                 │ Calculated Sequence Length: 66  (Onset=36, Offset=101, Video='EP02_07')
2026-04-01 18:54:12 │ DEBUG    │ CASMEIIUnifier                 │ CASME_II │ sub05 │ EP02_07      │ Onset=  36  Offset= 101  SeqLen= 66 │ surprise → Surprise │ Frames=✓
2026-04-01 18:54:12 │ DEBUG    │ CASMEIIUnifier                 │ Calculated Sequence Length: 61  (Onset=41, Offset=101, Video='EP03_01')
2026-04-01 18:54:12 │ DEBUG    │ CASMEIIUnifier                 │ CASME_II │ sub05 │ EP03_01      │ Onset=  41  Offset= 101  SeqLen= 61 │ happiness → Positive │ Frames=✓
2026-04-01 18:54:12 │ DEBUG    │ CASMEIIUnifier                 │ Calculated Sequence Length: 51  (Onset=33, Offset=83, Video='EP03_06')
2026-04-01 18:54:12 │ DEBUG    │ CASMEIIUnifier                 │ CASME_II │ sub05 │ EP03_06      │ Onset=  33  Offset=  83  SeqLen= 51 │ surprise → Surprise │ Frames=✓
2026-04-01 18:54:12 │ DEBUG    │ CASMEIIUnifier                 │ Calculated Sequence Length: 43  (Onset=41, Offset=83, Video='EP03_07')
2026-04-01 18:54:12 │ DEBUG    │ CASMEIIUnifier                 │ CASME_II │ sub05 │ EP03_07      │ Onset=  41  Offset=  83  SeqLen= 43 │ others → Others │ Frames=✓
2026-04-01 18:54:12 │ DEBUG    │ CASMEIIUnifier                 │ Calculated Sequence Length: 51  (Onset=16, Offset=66, Video='EP04_05')
2026-04-01 18:54:12 │ DEBUG    │ CASMEIIUnifier                 │ CASME_II │ sub05 │ EP04_05      │ Onset=  16  Offset=  66  SeqLen= 51 │ surprise → Surprise │ Frames=✓
2026-04-01 18:54:12 │ DEBUG    │ CASMEIIUnifier                 │ Calculated Sequence Length: 86  (Onset=6, Offset=91, Video='EP04_06')
2026-04-01 18:54:12 │ DEBUG    │ CASMEIIUnifier                 │ CASME_II │ sub05 │ EP04_06      │ Onset=   6  Offset=  91  SeqLen= 86 │ surprise → Surprise │ Frames=✓
2026-04-01 18:54:12 │ DEBUG    │ CASMEIIUnifier                 │ Calculated Sequence Length: 91  (Onset=51, Offset=141, Video='EP05_03')
2026-04-01 18:54:12 │ DEBUG    │ CASMEIIUnifier                 │ CASME_II │ sub05 │ EP05_03      │ Onset=  51  Offset= 141  SeqLen= 91 │ others → Others │ Frames=✓
2026-04-01 18:54:12 │ DEBUG    │ CASMEIIUnifier                 │ Calculated Sequence Length: 88  (Onset=49, Offset=136, Video='EP05_09')
2026-04-01 18:54:12 │ DEBUG    │ CASMEIIUnifier                 │ CASME_II │ sub05 │ EP05_09      │ Onset=  49  Offset= 136  SeqLen= 88 │ others → Others │ Frames=✓
2026-04-01 18:54:12 │ DEBUG    │ CASMEIIUnifier                 │ Calculated Sequence Length: 52  (Onset=85, Offset=136, Video='EP06_10')
2026-04-01 18:54:12 │ DEBUG    │ CASMEIIUnifier                 │ CASME_II │ sub05 │ EP06_10      │ Onset=  85  Offset= 136  SeqLen= 52 │ others → Others │ Frames=✓
2026-04-01 18:54:12 │ DEBUG    │ CASMEIIUnifier                 │ Calculated Sequence Length: 58  (Onset=49, Offset=106, Video='EP07_01')
2026-04-01 18:54:12 │ DEBUG    │ CASMEIIUnifier                 │ CASME_II │ sub05 │ EP07_01      │ Onset=  49  Offset= 106  SeqLen= 58 │ others → Others │ Frames=✓
2026-04-01 18:54:12 │ DEBUG    │ CASMEIIUnifier                 │ Calculated Sequence Length: 66  (Onset=6, Offset=71, Video='EP08_05')
2026-04-01 18:54:12 │ DEBUG    │ CASMEIIUnifier                 │ CASME_II │ sub05 │ EP08_05      │ Onset=   6  Offset=  71  SeqLen= 66 │ others → Others │ Frames=✓
2026-04-01 18:54:12 │ DEBUG    │ CASMEIIUnifier                 │ Calculated Sequence Length: 55  (Onset=69, Offset=123, Video='EP09_05f')
2026-04-01 18:54:12 │ DEBUG    │ CASMEIIUnifier                 │ CASME_II │ sub05 │ EP09_05f     │ Onset=  69  Offset= 123  SeqLen= 55 │ disgust → Negative │ Frames=✓
2026-04-01 18:54:12 │ DEBUG    │ CASMEIIUnifier                 │ Calculated Sequence Length: 51  (Onset=11, Offset=61, Video='EP12_03f')
2026-04-01 18:54:12 │ DEBUG    │ CASMEIIUnifier                 │ CASME_II │ sub05 │ EP12_03f     │ Onset=  11  Offset=  61  SeqLen= 51 │ surprise → Surprise │ Frames=✓
2026-04-01 18:54:12 │ DEBUG    │ CASMEIIUnifier                 │ Calculated Sequence Length: 76  (Onset=46, Offset=121, Video='EP12_06')
2026-04-01 18:54:12 │ DEBUG    │ CASMEIIUnifier                 │ CASME_II │ sub05 │ EP12_06      │ Onset=  46  Offset= 121  SeqLen= 76 │ others → Others │ Frames=✓
2026-04-01 18:54:12 │ DEBUG    │ CASMEIIUnifier                 │ Calculated Sequence Length: 76  (Onset=36, Offset=111, Video='EP13_04f')
2026-04-01 18:54:12 │ DEBUG    │ CASMEIIUnifier                 │ CASME_II │ sub05 │ EP13_04f     │ Onset=  36  Offset= 111  SeqLen= 76 │ others → Others │ Frames=✓
2026-04-01 18:54:12 │ DEBUG    │ CASMEIIUnifier                 │ Calculated Sequence Length: 61  (Onset=16, Offset=76, Video='EP13_06')
2026-04-01 18:54:12 │ DEBUG    │ CASMEIIUnifier                 │ CASME_II │ sub05 │ EP13_06      │ Onset=  16  Offset=  76  SeqLen= 61 │ others → Others │ Frames=✓
2026-04-01 18:54:12 │ DEBUG    │ CASMEIIUnifier                 │ Calculated Sequence Length: 100  (Onset=39, Offset=138, Video='EP16_03f')
2026-04-01 18:54:12 │ DEBUG    │ CASMEIIUnifier                 │ CASME_II │ sub05 │ EP16_03f     │ Onset=  39  Offset= 138  SeqLen=100 │ others → Others │ Frames=✓
2026-04-01 18:54:12 │ DEBUG    │ CASMEIIUnifier                 │ Calculated Sequence Length: 41  (Onset=141, Offset=181, Video='EP16_04f')
2026-04-01 18:54:12 │ DEBUG    │ CASMEIIUnifier                 │ CASME_II │ sub05 │ EP16_04f     │ Onset= 141  Offset= 181  SeqLen= 41 │ others → Others │ Frames=✓
2026-04-01 18:54:12 │ DEBUG    │ CASMEIIUnifier                 │ Calculated Sequence Length: 53  (Onset=6, Offset=58, Video='EP19_03')
2026-04-01 18:54:12 │ DEBUG    │ CASMEIIUnifier                 │ CASME_II │ sub05 │ EP19_03      │ Onset=   6  Offset=  58  SeqLen= 53 │ others → Others │ Frames=✓
2026-04-01 18:54:12 │ DEBUG    │ CASMEIIUnifier                 │ Calculated Sequence Length: 56  (Onset=81, Offset=136, Video='EP01_01')
2026-04-01 18:54:12 │ DEBUG    │ CASMEIIUnifier                 │ CASME_II │ sub06 │ EP01_01      │ Onset=  81  Offset= 136  SeqLen= 56 │ happiness → Positive │ Frames=✓
2026-04-01 18:54:12 │ DEBUG    │ CASMEIIUnifier                 │ Calculated Sequence Length: 50  (Onset=99, Offset=148, Video='EP02_31')
2026-04-01 18:54:12 │ DEBUG    │ CASMEIIUnifier                 │ CASME_II │ sub06 │ EP02_31      │ Onset=  99  Offset= 148  SeqLen= 50 │ surprise → Surprise │ Frames=✓
2026-04-01 18:54:12 │ DEBUG    │ CASMEIIUnifier                 │ Calculated Sequence Length: 46  (Onset=116, Offset=161, Video='EP10_08')
2026-04-01 18:54:12 │ DEBUG    │ CASMEIIUnifier                 │ CASME_II │ sub06 │ EP10_08      │ Onset= 116  Offset= 161  SeqLen= 46 │ others → Others │ Frames=✓
2026-04-01 18:54:12 │ DEBUG    │ CASMEIIUnifier                 │ Calculated Sequence Length: 51  (Onset=56, Offset=106, Video='EP15_02')
2026-04-01 18:54:12 │ DEBUG    │ CASMEIIUnifier                 │ CASME_II │ sub06 │ EP15_02      │ Onset=  56  Offset= 106  SeqLen= 51 │ surprise → Surprise │ Frames=✓
2026-04-01 18:54:12 │ DEBUG    │ CASMEIIUnifier                 │ Calculated Sequence Length: 58  (Onset=94, Offset=151, Video='EP16_05')
2026-04-01 18:54:12 │ DEBUG    │ CASMEIIUnifier                 │ CASME_II │ sub06 │ EP16_05      │ Onset=  94  Offset= 151  SeqLen= 58 │ disgust → Negative │ Frames=✓
2026-04-01 18:54:12 │ DEBUG    │ CASMEIIUnifier                 │ Calculated Sequence Length: 78  (Onset=79, Offset=156, Video='EP01_01')
2026-04-01 18:54:12 │ DEBUG    │ CASMEIIUnifier                 │ CASME_II │ sub07 │ EP01_01      │ Onset=  79  Offset= 156  SeqLen= 78 │ disgust → Negative │ Frames=✓
2026-04-01 18:54:12 │ DEBUG    │ CASMEIIUnifier                 │ Calculated Sequence Length: 66  (Onset=11, Offset=76, Video='EP03_04')
2026-04-01 18:54:12 │ DEBUG    │ CASMEIIUnifier                 │ CASME_II │ sub07 │ EP03_04      │ Onset=  11  Offset=  76  SeqLen= 66 │ others → Others │ Frames=✓
2026-04-01 18:54:12 │ DEBUG    │ CASMEIIUnifier                 │ Calculated Sequence Length: 54  (Onset=15, Offset=68, Video='EP06_01')
2026-04-01 18:54:12 │ DEBUG    │ CASMEIIUnifier                 │ CASME_II │ sub07 │ EP06_01      │ Onset=  15  Offset=  68  SeqLen= 54 │ others → Others │ Frames=✓
2026-04-01 18:54:12 │ DEBUG    │ CASMEIIUnifier                 │ Calculated Sequence Length: 81  (Onset=11, Offset=91, Video='EP06_02_01')
2026-04-01 18:54:12 │ DEBUG    │ CASMEIIUnifier                 │ CASME_II │ sub07 │ EP06_02_01   │ Onset=  11  Offset=  91  SeqLen= 81 │ disgust → Negative │ Frames=✓
2026-04-01 18:54:12 │ DEBUG    │ CASMEIIUnifier                 │ Calculated Sequence Length: 56  (Onset=36, Offset=91, Video='EP06_02_02')
2026-04-01 18:54:12 │ DEBUG    │ CASMEIIUnifier                 │ CASME_II │ sub07 │ EP06_02_02   │ Onset=  36  Offset=  91  SeqLen= 56 │ disgust → Negative │ Frames=✓
2026-04-01 18:54:12 │ DEBUG    │ CASMEIIUnifier                 │ Calculated Sequence Length: 51  (Onset=141, Offset=191, Video='EP08_02')
2026-04-01 18:54:12 │ DEBUG    │ CASMEIIUnifier                 │ CASME_II │ sub07 │ EP08_02      │ Onset= 141  Offset= 191  SeqLen= 51 │ disgust → Negative │ Frames=✓
2026-04-01 18:54:12 │ DEBUG    │ CASMEIIUnifier                 │ Calculated Sequence Length: 56  (Onset=36, Offset=91, Video='EP15_01')
2026-04-01 18:54:12 │ DEBUG    │ CASMEIIUnifier                 │ CASME_II │ sub07 │ EP15_01      │ Onset=  36  Offset=  91  SeqLen= 56 │ disgust → Negative │ Frames=✓
2026-04-01 18:54:12 │ DEBUG    │ CASMEIIUnifier                 │ Calculated Sequence Length: 46  (Onset=6, Offset=51, Video='EP18_01')
2026-04-01 18:54:12 │ DEBUG    │ CASMEIIUnifier                 │ CASME_II │ sub07 │ EP18_01      │ Onset=   6  Offset=  51  SeqLen= 46 │ others → Others │ Frames=✓
2026-04-01 18:54:12 │ DEBUG    │ CASMEIIUnifier                 │ Calculated Sequence Length: 86  (Onset=11, Offset=96, Video='EP18_03')
2026-04-01 18:54:12 │ DEBUG    │ CASMEIIUnifier                 │ CASME_II │ sub07 │ EP18_03      │ Onset=  11  Offset=  96  SeqLen= 86 │ others → Others │ Frames=✓
2026-04-01 18:54:12 │ DEBUG    │ CASMEIIUnifier                 │ Calculated Sequence Length: 93  (Onset=26, Offset=118, Video='EP12_07f')
2026-04-01 18:54:12 │ DEBUG    │ CASMEIIUnifier                 │ CASME_II │ sub08 │ EP12_07f     │ Onset=  26  Offset= 118  SeqLen= 93 │ others → Others │ Frames=✓
2026-04-01 18:54:12 │ DEBUG    │ CASMEIIUnifier                 │ Calculated Sequence Length: 100  (Onset=71, Offset=170, Video='EP12_08f')
2026-04-01 18:54:12 │ DEBUG    │ CASMEIIUnifier                 │ CASME_II │ sub08 │ EP12_08f     │ Onset=  71  Offset= 170  SeqLen=100 │ others → Others │ Frames=✓
2026-04-01 18:54:12 │ DEBUG    │ CASMEIIUnifier                 │ Calculated Sequence Length: 78  (Onset=49, Offset=126, Video='EP13_01f')
2026-04-01 18:54:12 │ DEBUG    │ CASMEIIUnifier                 │ CASME_II │ sub08 │ EP13_01f     │ Onset=  49  Offset= 126  SeqLen= 78 │ repression → Negative │ Frames=✓
2026-04-01 18:54:12 │ DEBUG    │ CASMEIIUnifier                 │ Calculated Sequence Length: 71  (Onset=21, Offset=91, Video='EP02_01f')
2026-04-01 18:54:12 │ DEBUG    │ CASMEIIUnifier                 │ CASME_II │ sub09 │ EP02_01f     │ Onset=  21  Offset=  91  SeqLen= 71 │ happiness → Positive │ Frames=✓
2026-04-01 18:54:12 │ DEBUG    │ CASMEIIUnifier                 │ Calculated Sequence Length: 131  (Onset=66, Offset=196, Video='EP05_02')
2026-04-01 18:54:12 │ DEBUG    │ CASMEIIUnifier                 │ CASME_II │ sub09 │ EP05_02      │ Onset=  66  Offset= 196  SeqLen=131 │ others → Others │ Frames=✓
2026-04-01 18:54:12 │ DEBUG    │ CASMEIIUnifier                 │ Calculated Sequence Length: 66  (Onset=91, Offset=156, Video='EP05_03')
2026-04-01 18:54:12 │ DEBUG    │ CASMEIIUnifier                 │ CASME_II │ sub09 │ EP05_03      │ Onset=  91  Offset= 156  SeqLen= 66 │ others → Others │ Frames=✓
2026-04-01 18:54:12 │ DEBUG    │ CASMEIIUnifier                 │ Calculated Sequence Length: 51  (Onset=46, Offset=96, Video='EP05_05')
2026-04-01 18:54:12 │ DEBUG    │ CASMEIIUnifier                 │ CASME_II │ sub09 │ EP05_05      │ Onset=  46  Offset=  96  SeqLen= 51 │ happiness → Positive │ Frames=✓
2026-04-01 18:54:12 │ DEBUG    │ CASMEIIUnifier                 │ Calculated Sequence Length: 121  (Onset=66, Offset=186, Video='EP06_01f')
2026-04-01 18:54:12 │ DEBUG    │ CASMEIIUnifier                 │ CASME_II │ sub09 │ EP06_01f     │ Onset=  66  Offset= 186  SeqLen=121 │ repression → Negative │ Frames=✓
2026-04-01 18:54:12 │ DEBUG    │ CASMEIIUnifier                 │ Calculated Sequence Length: 96  (Onset=36, Offset=131, Video='EP06_02f')
2026-04-01 18:54:12 │ DEBUG    │ CASMEIIUnifier                 │ CASME_II │ sub09 │ EP06_02f     │ Onset=  36  Offset= 131  SeqLen= 96 │ happiness → Positive │ Frames=✓
2026-04-01 18:54:12 │ DEBUG    │ CASMEIIUnifier                 │ Calculated Sequence Length: 121  (Onset=26, Offset=146, Video='EP09_04')
2026-04-01 18:54:12 │ DEBUG    │ CASMEIIUnifier                 │ CASME_II │ sub09 │ EP09_04      │ Onset=  26  Offset= 146  SeqLen=121 │ repression → Negative │ Frames=✓
2026-04-01 18:54:12 │ DEBUG    │ CASMEIIUnifier                 │ Calculated Sequence Length: 86  (Onset=26, Offset=111, Video='EP09_05')
2026-04-01 18:54:12 │ DEBUG    │ CASMEIIUnifier                 │ CASME_II │ sub09 │ EP09_05      │ Onset=  26  Offset= 111  SeqLen= 86 │ repression → Negative │ Frames=✓
2026-04-01 18:54:12 │ DEBUG    │ CASMEIIUnifier                 │ Calculated Sequence Length: 61  (Onset=26, Offset=86, Video='EP09f')
2026-04-01 18:54:12 │ DEBUG    │ CASMEIIUnifier                 │ CASME_II │ sub09 │ EP09f        │ Onset=  26  Offset=  86  SeqLen= 61 │ happiness → Positive │ Frames=✓
2026-04-01 18:54:12 │ DEBUG    │ CASMEIIUnifier                 │ Calculated Sequence Length: 91  (Onset=31, Offset=121, Video='EP13_01')
2026-04-01 18:54:12 │ DEBUG    │ CASMEIIUnifier                 │ CASME_II │ sub09 │ EP13_01      │ Onset=  31  Offset= 121  SeqLen= 91 │ repression → Negative │ Frames=✓
2026-04-01 18:54:12 │ DEBUG    │ CASMEIIUnifier                 │ Calculated Sequence Length: 61  (Onset=71, Offset=131, Video='EP13_02')
2026-04-01 18:54:12 │ DEBUG    │ CASMEIIUnifier                 │ CASME_II │ sub09 │ EP13_02      │ Onset=  71  Offset= 131  SeqLen= 61 │ fear → Negative │ Frames=✓
2026-04-01 18:54:12 │ DEBUG    │ CASMEIIUnifier                 │ Calculated Sequence Length: 56  (Onset=56, Offset=111, Video='EP15_05')
2026-04-01 18:54:12 │ DEBUG    │ CASMEIIUnifier                 │ CASME_II │ sub09 │ EP15_05      │ Onset=  56  Offset= 111  SeqLen= 56 │ happiness → Positive │ Frames=✓
2026-04-01 18:54:12 │ DEBUG    │ CASMEIIUnifier                 │ Calculated Sequence Length: 71  (Onset=6, Offset=76, Video='EP17_08')
2026-04-01 18:54:12 │ DEBUG    │ CASMEIIUnifier                 │ CASME_II │ sub09 │ EP17_08      │ Onset=   6  Offset=  76  SeqLen= 71 │ repression → Negative │ Frames=✓
2026-04-01 18:54:12 │ DEBUG    │ CASMEIIUnifier                 │ Calculated Sequence Length: 71  (Onset=11, Offset=81, Video='EP18_03')
2026-04-01 18:54:12 │ DEBUG    │ CASMEIIUnifier                 │ CASME_II │ sub09 │ EP18_03      │ Onset=  11  Offset=  81  SeqLen= 71 │ others → Others │ Frames=✓
2026-04-01 18:54:12 │ DEBUG    │ CASMEIIUnifier                 │ Calculated Sequence Length: 91  (Onset=11, Offset=101, Video='EP06_01f')
2026-04-01 18:54:12 │ DEBUG    │ CASMEIIUnifier                 │ CASME_II │ sub10 │ EP06_01f     │ Onset=  11  Offset= 101  SeqLen= 91 │ others → Others │ Frames=✓
2026-04-01 18:54:12 │ DEBUG    │ CASMEIIUnifier                 │ Calculated Sequence Length: 66  (Onset=76, Offset=141, Video='EP08_01f')
2026-04-01 18:54:12 │ DEBUG    │ CASMEIIUnifier                 │ CASME_II │ sub10 │ EP08_01f     │ Onset=  76  Offset= 141  SeqLen= 66 │ others → Others │ Frames=✓
2026-04-01 18:54:12 │ DEBUG    │ CASMEIIUnifier                 │ Calculated Sequence Length: 61  (Onset=111, Offset=171, Video='EP10_01f')
2026-04-01 18:54:12 │ DEBUG    │ CASMEIIUnifier                 │ CASME_II │ sub10 │ EP10_01f     │ Onset= 111  Offset= 171  SeqLen= 61 │ others → Others │ Frames=✓
2026-04-01 18:54:12 │ DEBUG    │ CASMEIIUnifier                 │ Calculated Sequence Length: 71  (Onset=31, Offset=101, Video='EP11_01')
2026-04-01 18:54:12 │ DEBUG    │ CASMEIIUnifier                 │ CASME_II │ sub10 │ EP11_01      │ Onset=  31  Offset= 101  SeqLen= 71 │ others → Others │ Frames=✓
2026-04-01 18:54:12 │ DEBUG    │ CASMEIIUnifier                 │ Calculated Sequence Length: 56  (Onset=36, Offset=91, Video='EP11_01f')
2026-04-01 18:54:12 │ DEBUG    │ CASMEIIUnifier                 │ CASME_II │ sub10 │ EP11_01f     │ Onset=  36  Offset=  91  SeqLen= 56 │ others → Others │ Frames=✓
2026-04-01 18:54:12 │ DEBUG    │ CASMEIIUnifier                 │ Calculated Sequence Length: 61  (Onset=26, Offset=86, Video='EP12_02f')
2026-04-01 18:54:12 │ DEBUG    │ CASMEIIUnifier                 │ CASME_II │ sub10 │ EP12_02f     │ Onset=  26  Offset=  86  SeqLen= 61 │ others → Others │ Frames=✓
2026-04-01 18:54:12 │ DEBUG    │ CASMEIIUnifier                 │ Calculated Sequence Length: 86  (Onset=26, Offset=111, Video='EP12_03f')
2026-04-01 18:54:12 │ DEBUG    │ CASMEIIUnifier                 │ CASME_II │ sub10 │ EP12_03f     │ Onset=  26  Offset= 111  SeqLen= 86 │ others → Others │ Frames=✓
2026-04-01 18:54:12 │ DEBUG    │ CASMEIIUnifier                 │ Calculated Sequence Length: 86  (Onset=61, Offset=146, Video='EP12_04')
2026-04-01 18:54:12 │ DEBUG    │ CASMEIIUnifier                 │ CASME_II │ sub10 │ EP12_04      │ Onset=  61  Offset= 146  SeqLen= 86 │ others → Others │ Frames=✓
2026-04-01 18:54:12 │ DEBUG    │ CASMEIIUnifier                 │ Calculated Sequence Length: 66  (Onset=11, Offset=76, Video='EP13_01')
2026-04-01 18:54:12 │ DEBUG    │ CASMEIIUnifier                 │ CASME_II │ sub10 │ EP13_01      │ Onset=  11  Offset=  76  SeqLen= 66 │ fear → Negative │ Frames=✓
2026-04-01 18:54:12 │ DEBUG    │ CASMEIIUnifier                 │ Calculated Sequence Length: 91  (Onset=41, Offset=131, Video='EP13_02f')
2026-04-01 18:54:12 │ DEBUG    │ CASMEIIUnifier                 │ CASME_II │ sub10 │ EP13_02f     │ Onset=  41  Offset= 131  SeqLen= 91 │ others → Others │ Frames=✓
2026-04-01 18:54:12 │ DEBUG    │ CASMEIIUnifier                 │ Calculated Sequence Length: 66  (Onset=11, Offset=76, Video='EP13_03f')
2026-04-01 18:54:12 │ DEBUG    │ CASMEIIUnifier                 │ CASME_II │ sub10 │ EP13_03f     │ Onset=  11  Offset=  76  SeqLen= 66 │ others → Others │ Frames=✓
2026-04-01 18:54:12 │ DEBUG    │ CASMEIIUnifier                 │ Calculated Sequence Length: 90  (Onset=21, Offset=110, Video='EP16_02f')
2026-04-01 18:54:12 │ DEBUG    │ CASMEIIUnifier                 │ CASME_II │ sub10 │ EP16_02f     │ Onset=  21  Offset= 110  SeqLen= 90 │ others → Others │ Frames=✓
2026-04-01 18:54:12 │ DEBUG    │ CASMEIIUnifier                 │ Calculated Sequence Length: 63  (Onset=11, Offset=73, Video='EP18_01f')
2026-04-01 18:54:12 │ DEBUG    │ CASMEIIUnifier                 │ CASME_II │ sub10 │ EP18_01f     │ Onset=  11  Offset=  73  SeqLen= 63 │ others → Others │ Frames=✓
2026-04-01 18:54:12 │ DEBUG    │ CASMEIIUnifier                 │ Calculated Sequence Length: 46  (Onset=81, Offset=126, Video='EP19_04f')
2026-04-01 18:54:12 │ DEBUG    │ CASMEIIUnifier                 │ CASME_II │ sub10 │ EP19_04f     │ Onset=  81  Offset= 126  SeqLen= 46 │ others → Others │ Frames=✓
2026-04-01 18:54:12 │ DEBUG    │ CASMEIIUnifier                 │ Calculated Sequence Length: 46  (Onset=71, Offset=116, Video='EP02_06f')
2026-04-01 18:54:12 │ DEBUG    │ CASMEIIUnifier                 │ CASME_II │ sub11 │ EP02_06f     │ Onset=  71  Offset= 116  SeqLen= 46 │ others → Others │ Frames=✓
2026-04-01 18:54:12 │ DEBUG    │ CASMEIIUnifier                 │ Calculated Sequence Length: 51  (Onset=96, Offset=146, Video='EP08_01f')
2026-04-01 18:54:12 │ DEBUG    │ CASMEIIUnifier                 │ CASME_II │ sub11 │ EP08_01f     │ Onset=  96  Offset= 146  SeqLen= 51 │ disgust → Negative │ Frames=✓
2026-04-01 18:54:12 │ DEBUG    │ CASMEIIUnifier                 │ Calculated Sequence Length: 95  (Onset=91, Offset=185, Video='EP12_03f')
2026-04-01 18:54:12 │ DEBUG    │ CASMEIIUnifier                 │ CASME_II │ sub11 │ EP12_03f     │ Onset=  91  Offset= 185  SeqLen= 95 │ others → Others │ Frames=✓
2026-04-01 18:54:12 │ DEBUG    │ CASMEIIUnifier                 │ Calculated Sequence Length: 91  (Onset=51, Offset=141, Video='EP13_02f')
2026-04-01 18:54:12 │ DEBUG    │ CASMEIIUnifier                 │ CASME_II │ sub11 │ EP13_02f     │ Onset=  51  Offset= 141  SeqLen= 91 │ disgust → Negative │ Frames=✓
2026-04-01 18:54:12 │ DEBUG    │ CASMEIIUnifier                 │ Calculated Sequence Length: 76  (Onset=6, Offset=81, Video='EP13_03f')
2026-04-01 18:54:12 │ DEBUG    │ CASMEIIUnifier                 │ CASME_II │ sub11 │ EP13_03f     │ Onset=   6  Offset=  81  SeqLen= 76 │ disgust → Negative │ Frames=✓
2026-04-01 18:54:12 │ DEBUG    │ CASMEIIUnifier                 │ Calculated Sequence Length: 96  (Onset=16, Offset=111, Video='EP13_05f')
2026-04-01 18:54:12 │ DEBUG    │ CASMEIIUnifier                 │ CASME_II │ sub11 │ EP13_05f     │ Onset=  16  Offset= 111  SeqLen= 96 │ disgust → Negative │ Frames=✓
2026-04-01 18:54:12 │ DEBUG    │ CASMEIIUnifier                 │ Calculated Sequence Length: 56  (Onset=56, Offset=111, Video='EP15_01f')
2026-04-01 18:54:12 │ DEBUG    │ CASMEIIUnifier                 │ CASME_II │ sub11 │ EP15_01f     │ Onset=  56  Offset= 111  SeqLen= 56 │ others → Others │ Frames=✓
2026-04-01 18:54:12 │ DEBUG    │ CASMEIIUnifier                 │ Calculated Sequence Length: 36  (Onset=61, Offset=96, Video='EP15_04f')
2026-04-01 18:54:12 │ DEBUG    │ CASMEIIUnifier                 │ CASME_II │ sub11 │ EP15_04f     │ Onset=  61  Offset=  96  SeqLen= 36 │ others → Others │ Frames=✓
2026-04-01 18:54:12 │ DEBUG    │ CASMEIIUnifier                 │ Calculated Sequence Length: 76  (Onset=56, Offset=131, Video='EP18_03f')
2026-04-01 18:54:12 │ DEBUG    │ CASMEIIUnifier                 │ CASME_II │ sub11 │ EP18_03f     │ Onset=  56  Offset= 131  SeqLen= 76 │ others → Others │ Frames=✓
2026-04-01 18:54:12 │ DEBUG    │ CASMEIIUnifier                 │ Calculated Sequence Length: 141  (Onset=11, Offset=151, Video='EP19_03f')
2026-04-01 18:54:12 │ DEBUG    │ CASMEIIUnifier                 │ CASME_II │ sub11 │ EP19_03f     │ Onset=  11  Offset= 151  SeqLen=141 │ others → Others │ Frames=✓
2026-04-01 18:54:12 │ DEBUG    │ CASMEIIUnifier                 │ Calculated Sequence Length: 76  (Onset=31, Offset=106, Video='EP01_02')
2026-04-01 18:54:12 │ DEBUG    │ CASMEIIUnifier                 │ CASME_II │ sub12 │ EP01_02      │ Onset=  31  Offset= 106  SeqLen= 76 │ disgust → Negative │ Frames=✓
2026-04-01 18:54:12 │ DEBUG    │ CASMEIIUnifier                 │ Calculated Sequence Length: 100  (Onset=41, Offset=140, Video='EP02_05')
2026-04-01 18:54:12 │ DEBUG    │ CASMEIIUnifier                 │ CASME_II │ sub12 │ EP02_05      │ Onset=  41  Offset= 140  SeqLen=100 │ surprise → Surprise │ Frames=✓
2026-04-01 18:54:12 │ DEBUG    │ CASMEIIUnifier                 │ Calculated Sequence Length: 66  (Onset=26, Offset=91, Video='EP03_02')
2026-04-01 18:54:12 │ DEBUG    │ CASMEIIUnifier                 │ CASME_II │ sub12 │ EP03_02      │ Onset=  26  Offset=  91  SeqLen= 66 │ others → Others │ Frames=✓
2026-04-01 18:54:12 │ DEBUG    │ CASMEIIUnifier                 │ Calculated Sequence Length: 97  (Onset=60, Offset=156, Video='EP03_04')
2026-04-01 18:54:12 │ DEBUG    │ CASMEIIUnifier                 │ CASME_II │ sub12 │ EP03_04      │ Onset=  60  Offset= 156  SeqLen= 97 │ happiness → Positive │ Frames=✓
2026-04-01 18:54:12 │ DEBUG    │ CASMEIIUnifier                 │ Calculated Sequence Length: 100  (Onset=36, Offset=135, Video='EP04_16')
2026-04-01 18:54:12 │ DEBUG    │ CASMEIIUnifier                 │ CASME_II │ sub12 │ EP04_16      │ Onset=  36  Offset= 135  SeqLen=100 │ disgust → Negative │ Frames=✓
2026-04-01 18:54:12 │ DEBUG    │ CASMEIIUnifier                 │ Calculated Sequence Length: 76  (Onset=36, Offset=111, Video='EP06_06')
2026-04-01 18:54:12 │ DEBUG    │ CASMEIIUnifier                 │ CASME_II │ sub12 │ EP06_06      │ Onset=  36  Offset= 111  SeqLen= 76 │ surprise → Surprise │ Frames=✓
2026-04-01 18:54:12 │ DEBUG    │ CASMEIIUnifier                 │ Calculated Sequence Length: 61  (Onset=46, Offset=106, Video='EP08_01')
2026-04-01 18:54:12 │ DEBUG    │ CASMEIIUnifier                 │ CASME_II │ sub12 │ EP08_01      │ Onset=  46  Offset= 106  SeqLen= 61 │ surprise → Surprise │ Frames=✓
2026-04-01 18:54:12 │ DEBUG    │ CASMEIIUnifier                 │ Calculated Sequence Length: 81  (Onset=76, Offset=156, Video='EP08_03')
2026-04-01 18:54:12 │ DEBUG    │ CASMEIIUnifier                 │ CASME_II │ sub12 │ EP08_03      │ Onset=  76  Offset= 156  SeqLen= 81 │ surprise → Surprise │ Frames=✓
2026-04-01 18:54:12 │ DEBUG    │ CASMEIIUnifier                 │ Calculated Sequence Length: 76  (Onset=111, Offset=186, Video='EP08_07')
2026-04-01 18:54:12 │ DEBUG    │ CASMEIIUnifier                 │ CASME_II │ sub12 │ EP08_07      │ Onset= 111  Offset= 186  SeqLen= 76 │ happiness → Positive │ Frames=✓
2026-04-01 18:54:12 │ DEBUG    │ CASMEIIUnifier                 │ Calculated Sequence Length: 86  (Onset=16, Offset=101, Video='EP09_02')
2026-04-01 18:54:12 │ DEBUG    │ CASMEIIUnifier                 │ CASME_II │ sub12 │ EP09_02      │ Onset=  16  Offset= 101  SeqLen= 86 │ disgust → Negative │ Frames=✓
2026-04-01 18:54:12 │ DEBUG    │ CASMEIIUnifier                 │ Calculated Sequence Length: 46  (Onset=66, Offset=111, Video='EP09_06')
2026-04-01 18:54:12 │ DEBUG    │ CASMEIIUnifier                 │ CASME_II │ sub12 │ EP09_06      │ Onset=  66  Offset= 111  SeqLen= 46 │ disgust → Negative │ Frames=✓
2026-04-01 18:54:12 │ DEBUG    │ CASMEIIUnifier                 │ Calculated Sequence Length: 91  (Onset=136, Offset=226, Video='EP16_02')
2026-04-01 18:54:12 │ DEBUG    │ CASMEIIUnifier                 │ CASME_II │ sub12 │ EP16_02      │ Onset= 136  Offset= 226  SeqLen= 91 │ disgust → Negative │ Frames=✓
2026-04-01 18:54:12 │ DEBUG    │ CASMEIIUnifier                 │ Calculated Sequence Length: 56  (Onset=76, Offset=131, Video='EP01_01')
2026-04-01 18:54:12 │ DEBUG    │ CASMEIIUnifier                 │ CASME_II │ sub13 │ EP01_01      │ Onset=  76  Offset= 131  SeqLen= 56 │ others → Others │ Frames=✓
2026-04-01 18:54:12 │ DEBUG    │ CASMEIIUnifier                 │ Calculated Sequence Length: 41  (Onset=76, Offset=116, Video='EP01_02')
2026-04-01 18:54:12 │ DEBUG    │ CASMEIIUnifier                 │ CASME_II │ sub13 │ EP01_02      │ Onset=  76  Offset= 116  SeqLen= 41 │ others → Others │ Frames=✓
2026-04-01 18:54:12 │ DEBUG    │ CASMEIIUnifier                 │ Calculated Sequence Length: 58  (Onset=11, Offset=68, Video='EP02_02')
2026-04-01 18:54:12 │ DEBUG    │ CASMEIIUnifier                 │ CASME_II │ sub13 │ EP02_02      │ Onset=  11  Offset=  68  SeqLen= 58 │ others → Others │ Frames=✓
2026-04-01 18:54:12 │ DEBUG    │ CASMEIIUnifier                 │ Calculated Sequence Length: 41  (Onset=26, Offset=66, Video='EP02_03')
2026-04-01 18:54:12 │ DEBUG    │ CASMEIIUnifier                 │ CASME_II │ sub13 │ EP02_03      │ Onset=  26  Offset=  66  SeqLen= 41 │ others → Others │ Frames=✓
2026-04-01 18:54:12 │ DEBUG    │ CASMEIIUnifier                 │ Calculated Sequence Length: 81  (Onset=31, Offset=111, Video='EP03_01')
2026-04-01 18:54:12 │ DEBUG    │ CASMEIIUnifier                 │ CASME_II │ sub13 │ EP03_01      │ Onset=  31  Offset= 111  SeqLen= 81 │ happiness → Positive │ Frames=✓
2026-04-01 18:54:12 │ DEBUG    │ CASMEIIUnifier                 │ Calculated Sequence Length: 53  (Onset=54, Offset=106, Video='EP08_01')
2026-04-01 18:54:12 │ DEBUG    │ CASMEIIUnifier                 │ CASME_II │ sub13 │ EP08_01      │ Onset=  54  Offset= 106  SeqLen= 53 │ others → Others │ Frames=✓
2026-04-01 18:54:12 │ DEBUG    │ CASMEIIUnifier                 │ Calculated Sequence Length: 76  (Onset=51, Offset=126, Video='EP09_10')
2026-04-01 18:54:12 │ DEBUG    │ CASMEIIUnifier                 │ CASME_II │ sub13 │ EP09_10      │ Onset=  51  Offset= 126  SeqLen= 76 │ happiness → Positive │ Frames=✓
2026-04-01 18:54:12 │ DEBUG    │ CASMEIIUnifier                 │ Calculated Sequence Length: 56  (Onset=6, Offset=61, Video='EP12_01')
2026-04-01 18:54:12 │ DEBUG    │ CASMEIIUnifier                 │ CASME_II │ sub13 │ EP12_01      │ Onset=   6  Offset=  61  SeqLen= 56 │ others → Others │ Frames=✓
2026-04-01 18:54:12 │ DEBUG    │ CASMEIIUnifier                 │ Calculated Sequence Length: 76  (Onset=11, Offset=86, Video='EP04_04f')
2026-04-01 18:54:12 │ DEBUG    │ CASMEIIUnifier                 │ CASME_II │ sub14 │ EP04_04f     │ Onset=  11  Offset=  86  SeqLen= 76 │ others → Others │ Frames=✓
2026-04-01 18:54:12 │ DEBUG    │ CASMEIIUnifier                 │ Calculated Sequence Length: 36  (Onset=6, Offset=41, Video='EP09_03')
2026-04-01 18:54:12 │ DEBUG    │ CASMEIIUnifier                 │ CASME_II │ sub14 │ EP09_03      │ Onset=   6  Offset=  41  SeqLen= 36 │ happiness → Positive │ Frames=✓
2026-04-01 18:54:12 │ DEBUG    │ CASMEIIUnifier                 │ Calculated Sequence Length: 86  (Onset=21, Offset=106, Video='EP09_04')
2026-04-01 18:54:12 │ DEBUG    │ CASMEIIUnifier                 │ CASME_II │ sub14 │ EP09_04      │ Onset=  21  Offset= 106  SeqLen= 86 │ happiness → Positive │ Frames=✓
2026-04-01 18:54:12 │ DEBUG    │ CASMEIIUnifier                 │ Calculated Sequence Length: 81  (Onset=11, Offset=91, Video='EP09_06')
2026-04-01 18:54:12 │ DEBUG    │ CASMEIIUnifier                 │ CASME_II │ sub14 │ EP09_06      │ Onset=  11  Offset=  91  SeqLen= 81 │ happiness → Positive │ Frames=✓
2026-04-01 18:54:12 │ DEBUG    │ CASMEIIUnifier                 │ Calculated Sequence Length: 61  (Onset=16, Offset=76, Video='EP03_02')
2026-04-01 18:54:12 │ DEBUG    │ CASMEIIUnifier                 │ CASME_II │ sub15 │ EP03_02      │ Onset=  16  Offset=  76  SeqLen= 61 │ happiness → Positive │ Frames=✓
2026-04-01 18:54:12 │ DEBUG    │ CASMEIIUnifier                 │ Calculated Sequence Length: 91  (Onset=21, Offset=111, Video='EP04_02')
2026-04-01 18:54:12 │ DEBUG    │ CASMEIIUnifier                 │ CASME_II │ sub15 │ EP04_02      │ Onset=  21  Offset= 111  SeqLen= 91 │ surprise → Surprise │ Frames=✓
2026-04-01 18:54:12 │ DEBUG    │ CASMEIIUnifier                 │ Calculated Sequence Length: 58  (Onset=21, Offset=78, Video='EP08_02')
2026-04-01 18:54:12 │ DEBUG    │ CASMEIIUnifier                 │ CASME_II │ sub15 │ EP08_02      │ Onset=  21  Offset=  78  SeqLen= 58 │ disgust → Negative │ Frames=✓
2026-04-01 18:54:12 │ DEBUG    │ CASMEIIUnifier                 │ Calculated Sequence Length: 91  (Onset=66, Offset=156, Video='EP01_05')
2026-04-01 18:54:12 │ DEBUG    │ CASMEIIUnifier                 │ CASME_II │ sub16 │ EP01_05      │ Onset=  66  Offset= 156  SeqLen= 91 │ happiness → Positive │ Frames=✓
2026-04-01 18:54:12 │ DEBUG    │ CASMEIIUnifier                 │ Calculated Sequence Length: 38  (Onset=73, Offset=110, Video='EP01_08')
2026-04-01 18:54:12 │ DEBUG    │ CASMEIIUnifier                 │ CASME_II │ sub16 │ EP01_08      │ Onset=  73  Offset= 110  SeqLen= 38 │ repression → Negative │ Frames=✓
2026-04-01 18:54:12 │ DEBUG    │ CASMEIIUnifier                 │ Calculated Sequence Length: 113  (Onset=51, Offset=163, Video='EP01_09f')
2026-04-01 18:54:12 │ DEBUG    │ CASMEIIUnifier                 │ CASME_II │ sub16 │ EP01_09f     │ Onset=  51  Offset= 163  SeqLen=113 │ others → Others │ Frames=✓
2026-04-01 18:54:12 │ DEBUG    │ CASMEIIUnifier                 │ Calculated Sequence Length: 91  (Onset=181, Offset=271, Video='EP04_02f')
2026-04-01 18:54:12 │ DEBUG    │ CASMEIIUnifier                 │ CASME_II │ sub16 │ EP04_02f     │ Onset= 181  Offset= 271  SeqLen= 91 │ happiness → Positive │ Frames=✓
2026-04-01 18:54:12 │ DEBUG    │ CASMEIIUnifier                 │ Calculated Sequence Length: 41  (Onset=81, Offset=121, Video='EP01_06')
2026-04-01 18:54:12 │ DEBUG    │ CASMEIIUnifier                 │ CASME_II │ sub17 │ EP01_06      │ Onset=  81  Offset= 121  SeqLen= 41 │ happiness → Positive │ Frames=✓
2026-04-01 18:54:12 │ DEBUG    │ CASMEIIUnifier                 │ Calculated Sequence Length: 91  (Onset=76, Offset=166, Video='EP01_13')
2026-04-01 18:54:12 │ DEBUG    │ CASMEIIUnifier                 │ CASME_II │ sub17 │ EP01_13      │ Onset=  76  Offset= 166  SeqLen= 91 │ surprise → Surprise │ Frames=✓
2026-04-01 18:54:12 │ DEBUG    │ CASMEIIUnifier                 │ Calculated Sequence Length: 41  (Onset=86, Offset=126, Video='EP01_15')
2026-04-01 18:54:12 │ DEBUG    │ CASMEIIUnifier                 │ CASME_II │ sub17 │ EP01_15      │ Onset=  86  Offset= 126  SeqLen= 41 │ happiness → Positive │ Frames=✓
2026-04-01 18:54:12 │ DEBUG    │ CASMEIIUnifier                 │ Calculated Sequence Length: 46  (Onset=91, Offset=136, Video='EP02_01')
2026-04-01 18:54:12 │ DEBUG    │ CASMEIIUnifier                 │ CASME_II │ sub17 │ EP02_01      │ Onset=  91  Offset= 136  SeqLen= 46 │ disgust → Negative │ Frames=✓
2026-04-01 18:54:12 │ DEBUG    │ CASMEIIUnifier                 │ Calculated Sequence Length: 51  (Onset=81, Offset=131, Video='EP02_03')
2026-04-01 18:54:12 │ DEBUG    │ CASMEIIUnifier                 │ CASME_II │ sub17 │ EP02_03      │ Onset=  81  Offset= 131  SeqLen= 51 │ disgust → Negative │ Frames=✓
2026-04-01 18:54:12 │ DEBUG    │ CASMEIIUnifier                 │ Calculated Sequence Length: 50  (Onset=161, Offset=210, Video='EP02_11')
2026-04-01 18:54:12 │ DEBUG    │ CASMEIIUnifier                 │ CASME_II │ sub17 │ EP02_11      │ Onset= 161  Offset= 210  SeqLen= 50 │ disgust → Negative │ Frames=✓
2026-04-01 18:54:12 │ DEBUG    │ CASMEIIUnifier                 │ Calculated Sequence Length: 91  (Onset=91, Offset=181, Video='EP02_18f')
2026-04-01 18:54:12 │ DEBUG    │ CASMEIIUnifier                 │ CASME_II │ sub17 │ EP02_18f     │ Onset=  91  Offset= 181  SeqLen= 91 │ repression → Negative │ Frames=✓
2026-04-01 18:54:12 │ DEBUG    │ CASMEIIUnifier                 │ Calculated Sequence Length: 44  (Onset=118, Offset=161, Video='EP03_02')
2026-04-01 18:54:12 │ DEBUG    │ CASMEIIUnifier                 │ CASME_II │ sub17 │ EP03_02      │ Onset= 118  Offset= 161  SeqLen= 44 │ disgust → Negative │ Frames=✓
2026-04-01 18:54:12 │ DEBUG    │ CASMEIIUnifier                 │ Calculated Sequence Length: 66  (Onset=96, Offset=161, Video='EP03_09')
2026-04-01 18:54:12 │ DEBUG    │ CASMEIIUnifier                 │ CASME_II │ sub17 │ EP03_09      │ Onset=  96  Offset= 161  SeqLen= 66 │ happiness → Positive │ Frames=✓
2026-04-01 18:54:12 │ DEBUG    │ CASMEIIUnifier                 │ Calculated Sequence Length: 97  (Onset=25, Offset=121, Video='EP05_02')
2026-04-01 18:54:12 │ DEBUG    │ CASMEIIUnifier                 │ CASME_II │ sub17 │ EP05_02      │ Onset=  25  Offset= 121  SeqLen= 97 │ happiness → Positive │ Frames=✓
2026-04-01 18:54:12 │ DEBUG    │ CASMEIIUnifier                 │ Calculated Sequence Length: 81  (Onset=21, Offset=101, Video='EP05_03')
2026-04-01 18:54:12 │ DEBUG    │ CASMEIIUnifier                 │ CASME_II │ sub17 │ EP05_03      │ Onset=  21  Offset= 101  SeqLen= 81 │ happiness → Positive │ Frames=✓
2026-04-01 18:54:12 │ DEBUG    │ CASMEIIUnifier                 │ Calculated Sequence Length: 66  (Onset=11, Offset=76, Video='EP05_03f')
2026-04-01 18:54:12 │ DEBUG    │ CASMEIIUnifier                 │ CASME_II │ sub17 │ EP05_03f     │ Onset=  11  Offset=  76  SeqLen= 66 │ repression → Negative │ Frames=✓
2026-04-01 18:54:12 │ DEBUG    │ CASMEIIUnifier                 │ Calculated Sequence Length: 66  (Onset=6, Offset=71, Video='EP05_04')
2026-04-01 18:54:12 │ DEBUG    │ CASMEIIUnifier                 │ CASME_II │ sub17 │ EP05_04      │ Onset=   6  Offset=  71  SeqLen= 66 │ repression → Negative │ Frames=✓
2026-04-01 18:54:12 │ DEBUG    │ CASMEIIUnifier                 │ Calculated Sequence Length: 76  (Onset=121, Offset=196, Video='EP05_09')
2026-04-01 18:54:12 │ DEBUG    │ CASMEIIUnifier                 │ CASME_II │ sub17 │ EP05_09      │ Onset= 121  Offset= 196  SeqLen= 76 │ repression → Negative │ Frames=✓
2026-04-01 18:54:12 │ DEBUG    │ CASMEIIUnifier                 │ Calculated Sequence Length: 41  (Onset=111, Offset=151, Video='EP05_10')
2026-04-01 18:54:12 │ DEBUG    │ CASMEIIUnifier                 │ CASME_II │ sub17 │ EP05_10      │ Onset= 111  Offset= 151  SeqLen= 41 │ repression → Negative │ Frames=✓
2026-04-01 18:54:12 │ DEBUG    │ CASMEIIUnifier                 │ Calculated Sequence Length: 91  (Onset=71, Offset=161, Video='EP06_04')
2026-04-01 18:54:12 │ DEBUG    │ CASMEIIUnifier                 │ CASME_II │ sub17 │ EP06_04      │ Onset=  71  Offset= 161  SeqLen= 91 │ disgust → Negative │ Frames=✓
2026-04-01 18:54:12 │ DEBUG    │ CASMEIIUnifier                 │ Calculated Sequence Length: 31  (Onset=216, Offset=246, Video='EP06_07')
2026-04-01 18:54:12 │ DEBUG    │ CASMEIIUnifier                 │ CASME_II │ sub17 │ EP06_07      │ Onset= 216  Offset= 246  SeqLen= 31 │ happiness → Positive │ Frames=✓
2026-04-01 18:54:12 │ DEBUG    │ CASMEIIUnifier                 │ Calculated Sequence Length: 76  (Onset=156, Offset=231, Video='EP06_08')
2026-04-01 18:54:12 │ DEBUG    │ CASMEIIUnifier                 │ CASME_II │ sub17 │ EP06_08      │ Onset= 156  Offset= 231  SeqLen= 76 │ repression → Negative │ Frames=✓
2026-04-01 18:54:12 │ DEBUG    │ CASMEIIUnifier                 │ Calculated Sequence Length: 95  (Onset=21, Offset=115, Video='EP07_01')
2026-04-01 18:54:12 │ DEBUG    │ CASMEIIUnifier                 │ CASME_II │ sub17 │ EP07_01      │ Onset=  21  Offset= 115  SeqLen= 95 │ disgust → Negative │ Frames=✓
2026-04-01 18:54:12 │ DEBUG    │ CASMEIIUnifier                 │ Calculated Sequence Length: 68  (Onset=21, Offset=88, Video='EP08_02')
2026-04-01 18:54:12 │ DEBUG    │ CASMEIIUnifier                 │ CASME_II │ sub17 │ EP08_02      │ Onset=  21  Offset=  88  SeqLen= 68 │ disgust → Negative │ Frames=✓
2026-04-01 18:54:12 │ DEBUG    │ CASMEIIUnifier                 │ Calculated Sequence Length: 34  (Onset=51, Offset=84, Video='EP08_03')
2026-04-01 18:54:12 │ DEBUG    │ CASMEIIUnifier                 │ CASME_II │ sub17 │ EP08_03      │ Onset=  51  Offset=  84  SeqLen= 34 │ others → Others │ Frames=✓
2026-04-01 18:54:12 │ DEBUG    │ CASMEIIUnifier                 │ Calculated Sequence Length: 58  (Onset=104, Offset=161, Video='EP10_06')
2026-04-01 18:54:12 │ DEBUG    │ CASMEIIUnifier                 │ CASME_II │ sub17 │ EP10_06      │ Onset= 104  Offset= 161  SeqLen= 58 │ repression → Negative │ Frames=✓
2026-04-01 18:54:12 │ DEBUG    │ CASMEIIUnifier                 │ Calculated Sequence Length: 45  (Onset=9, Offset=53, Video='EP11_01')
2026-04-01 18:54:12 │ DEBUG    │ CASMEIIUnifier                 │ CASME_II │ sub17 │ EP11_01      │ Onset=   9  Offset=  53  SeqLen= 45 │ disgust → Negative │ Frames=✓
2026-04-01 18:54:12 │ DEBUG    │ CASMEIIUnifier                 │ Calculated Sequence Length: 86  (Onset=36, Offset=121, Video='EP11_02')
2026-04-01 18:54:12 │ DEBUG    │ CASMEIIUnifier                 │ CASME_II │ sub17 │ EP11_02      │ Onset=  36  Offset= 121  SeqLen= 86 │ disgust → Negative │ Frames=✓
2026-04-01 18:54:12 │ DEBUG    │ CASMEIIUnifier                 │ Calculated Sequence Length: 54  (Onset=131, Offset=184, Video='EP12_03')
2026-04-01 18:54:12 │ DEBUG    │ CASMEIIUnifier                 │ CASME_II │ sub17 │ EP12_03      │ Onset= 131  Offset= 184  SeqLen= 54 │ repression → Negative │ Frames=✓
2026-04-01 18:54:12 │ DEBUG    │ CASMEIIUnifier                 │ Calculated Sequence Length: 46  (Onset=146, Offset=191, Video='EP13_01')
2026-04-01 18:54:12 │ DEBUG    │ CASMEIIUnifier                 │ CASME_II │ sub17 │ EP13_01      │ Onset= 146  Offset= 191  SeqLen= 46 │ others → Others │ Frames=✓
2026-04-01 18:54:12 │ DEBUG    │ CASMEIIUnifier                 │ Calculated Sequence Length: 86  (Onset=51, Offset=136, Video='EP13_03')
2026-04-01 18:54:12 │ DEBUG    │ CASMEIIUnifier                 │ CASME_II │ sub17 │ EP13_03      │ Onset=  51  Offset= 136  SeqLen= 86 │ disgust → Negative │ Frames=✓
2026-04-01 18:54:12 │ DEBUG    │ CASMEIIUnifier                 │ Calculated Sequence Length: 36  (Onset=86, Offset=121, Video='EP13_04')
2026-04-01 18:54:12 │ DEBUG    │ CASMEIIUnifier                 │ CASME_II │ sub17 │ EP13_04      │ Onset=  86  Offset= 121  SeqLen= 36 │ disgust → Negative │ Frames=✓
2026-04-01 18:54:12 │ DEBUG    │ CASMEIIUnifier                 │ Calculated Sequence Length: 46  (Onset=86, Offset=131, Video='EP13_06')
2026-04-01 18:54:12 │ DEBUG    │ CASMEIIUnifier                 │ CASME_II │ sub17 │ EP13_06      │ Onset=  86  Offset= 131  SeqLen= 46 │ disgust → Negative │ Frames=✓
2026-04-01 18:54:12 │ DEBUG    │ CASMEIIUnifier                 │ Calculated Sequence Length: 96  (Onset=6, Offset=101, Video='EP13_09')
2026-04-01 18:54:12 │ DEBUG    │ CASMEIIUnifier                 │ CASME_II │ sub17 │ EP13_09      │ Onset=   6  Offset= 101  SeqLen= 96 │ happiness → Positive │ Frames=✓
2026-04-01 18:54:12 │ DEBUG    │ CASMEIIUnifier                 │ Calculated Sequence Length: 31  (Onset=81, Offset=111, Video='EP15_01')
2026-04-01 18:54:12 │ DEBUG    │ CASMEIIUnifier                 │ CASME_II │ sub17 │ EP15_01      │ Onset=  81  Offset= 111  SeqLen= 31 │ sadness → Negative │ Frames=✓
2026-04-01 18:54:12 │ DEBUG    │ CASMEIIUnifier                 │ Calculated Sequence Length: 38  (Onset=319, Offset=356, Video='EP15_03')
2026-04-01 18:54:12 │ DEBUG    │ CASMEIIUnifier                 │ CASME_II │ sub17 │ EP15_03      │ Onset= 319  Offset= 356  SeqLen= 38 │ sadness → Negative │ Frames=✓
2026-04-01 18:54:12 │ DEBUG    │ CASMEIIUnifier                 │ Calculated Sequence Length: 77  (Onset=109, Offset=185, Video='EP15_04')
2026-04-01 18:54:12 │ DEBUG    │ CASMEIIUnifier                 │ CASME_II │ sub17 │ EP15_04      │ Onset= 109  Offset= 185  SeqLen= 77 │ repression → Negative │ Frames=✓
2026-04-01 18:54:12 │ DEBUG    │ CASMEIIUnifier                 │ Calculated Sequence Length: 46  (Onset=21, Offset=66, Video='EP15_05')
2026-04-01 18:54:12 │ DEBUG    │ CASMEIIUnifier                 │ CASME_II │ sub17 │ EP15_05      │ Onset=  21  Offset=  66  SeqLen= 46 │ others → Others │ Frames=✓
2026-04-01 18:54:12 │ DEBUG    │ CASMEIIUnifier                 │ Calculated Sequence Length: 64  (Onset=8, Offset=71, Video='EP16_01f')
2026-04-01 18:54:12 │ DEBUG    │ CASMEIIUnifier                 │ CASME_II │ sub17 │ EP16_01f     │ Onset=   8  Offset=  71  SeqLen= 64 │ disgust → Negative │ Frames=✓
2026-04-01 18:54:12 │ DEBUG    │ CASMEIIUnifier                 │ Calculated Sequence Length: 68  (Onset=36, Offset=103, Video='EP18_07')
2026-04-01 18:54:12 │ DEBUG    │ CASMEIIUnifier                 │ CASME_II │ sub17 │ EP18_07      │ Onset=  36  Offset= 103  SeqLen= 68 │ disgust → Negative │ Frames=✓
2026-04-01 18:54:12 │ DEBUG    │ CASMEIIUnifier                 │ Calculated Sequence Length: 37  (Onset=111, Offset=147, Video='EP08_01')
2026-04-01 18:54:12 │ DEBUG    │ CASMEIIUnifier                 │ CASME_II │ sub18 │ EP08_01      │ Onset= 111  Offset= 147  SeqLen= 37 │ others → Others │ Frames=✓
2026-04-01 18:54:12 │ DEBUG    │ CASMEIIUnifier                 │ Calculated Sequence Length: 61  (Onset=66, Offset=126, Video='EP18_01')
2026-04-01 18:54:12 │ DEBUG    │ CASMEIIUnifier                 │ CASME_II │ sub18 │ EP18_01      │ Onset=  66  Offset= 126  SeqLen= 61 │ others → Others │ Frames=✓
2026-04-01 18:54:12 │ DEBUG    │ CASMEIIUnifier                 │ Calculated Sequence Length: 46  (Onset=95, Offset=140, Video='EP19_01')
2026-04-01 18:54:12 │ DEBUG    │ CASMEIIUnifier                 │ CASME_II │ sub18 │ EP19_01      │ Onset=  95  Offset= 140  SeqLen= 46 │ others → Others │ Frames=✓
2026-04-01 18:54:12 │ DEBUG    │ CASMEIIUnifier                 │ Calculated Sequence Length: 100  (Onset=121, Offset=220, Video='EP01_01f')
2026-04-01 18:54:12 │ DEBUG    │ CASMEIIUnifier                 │ CASME_II │ sub19 │ EP01_01f     │ Onset= 121  Offset= 220  SeqLen=100 │ happiness → Positive │ Frames=✓
2026-04-01 18:54:12 │ DEBUG    │ CASMEIIUnifier                 │ Calculated Sequence Length: 92  (Onset=36, Offset=127, Video='EP01_02f')
2026-04-01 18:54:12 │ DEBUG    │ CASMEIIUnifier                 │ CASME_II │ sub19 │ EP01_02f     │ Onset=  36  Offset= 127  SeqLen= 92 │ happiness → Positive │ Frames=✓
2026-04-01 18:54:12 │ DEBUG    │ CASMEIIUnifier                 │ Calculated Sequence Length: 61  (Onset=91, Offset=151, Video='EP02_01')
2026-04-01 18:54:12 │ DEBUG    │ CASMEIIUnifier                 │ CASME_II │ sub19 │ EP02_01      │ Onset=  91  Offset= 151  SeqLen= 61 │ surprise → Surprise │ Frames=✓
2026-04-01 18:54:12 │ DEBUG    │ CASMEIIUnifier                 │ Calculated Sequence Length: 56  (Onset=146, Offset=201, Video='EP06_01f')
2026-04-01 18:54:12 │ DEBUG    │ CASMEIIUnifier                 │ CASME_II │ sub19 │ EP06_01f     │ Onset= 146  Offset= 201  SeqLen= 56 │ surprise → Surprise │ Frames=✓
2026-04-01 18:54:12 │ DEBUG    │ CASMEIIUnifier                 │ Calculated Sequence Length: 81  (Onset=211, Offset=291, Video='EP06_02f')
2026-04-01 18:54:12 │ DEBUG    │ CASMEIIUnifier                 │ CASME_II │ sub19 │ EP06_02f     │ Onset= 211  Offset= 291  SeqLen= 81 │ others → Others │ Frames=✓
2026-04-01 18:54:12 │ DEBUG    │ CASMEIIUnifier                 │ Calculated Sequence Length: 80  (Onset=76, Offset=155, Video='EP08_02')
2026-04-01 18:54:12 │ DEBUG    │ CASMEIIUnifier                 │ CASME_II │ sub19 │ EP08_02      │ Onset=  76  Offset= 155  SeqLen= 80 │ happiness → Positive │ Frames=✓
2026-04-01 18:54:12 │ DEBUG    │ CASMEIIUnifier                 │ Calculated Sequence Length: 56  (Onset=61, Offset=116, Video='EP11_01f')
2026-04-01 18:54:12 │ DEBUG    │ CASMEIIUnifier                 │ CASME_II │ sub19 │ EP11_01f     │ Onset=  61  Offset= 116  SeqLen= 56 │ others → Others │ Frames=✓
2026-04-01 18:54:12 │ DEBUG    │ CASMEIIUnifier                 │ Calculated Sequence Length: 56  (Onset=76, Offset=131, Video='EP11_04f')
2026-04-01 18:54:12 │ DEBUG    │ CASMEIIUnifier                 │ CASME_II │ sub19 │ EP11_04f     │ Onset=  76  Offset= 131  SeqLen= 56 │ surprise → Surprise │ Frames=✓
2026-04-01 18:54:12 │ DEBUG    │ CASMEIIUnifier                 │ Calculated Sequence Length: 86  (Onset=71, Offset=156, Video='EP13_01')
2026-04-01 18:54:12 │ DEBUG    │ CASMEIIUnifier                 │ CASME_II │ sub19 │ EP13_01      │ Onset=  71  Offset= 156  SeqLen= 86 │ disgust → Negative │ Frames=✓
2026-04-01 18:54:12 │ DEBUG    │ CASMEIIUnifier                 │ Calculated Sequence Length: 51  (Onset=51, Offset=101, Video='EP15_03f')
2026-04-01 18:54:12 │ DEBUG    │ CASMEIIUnifier                 │ CASME_II │ sub19 │ EP15_03f     │ Onset=  51  Offset= 101  SeqLen= 51 │ others → Others │ Frames=✓
2026-04-01 18:54:12 │ DEBUG    │ CASMEIIUnifier                 │ Calculated Sequence Length: 51  (Onset=86, Offset=136, Video='EP16_01')
2026-04-01 18:54:12 │ DEBUG    │ CASMEIIUnifier                 │ CASME_II │ sub19 │ EP16_01      │ Onset=  86  Offset= 136  SeqLen= 51 │ disgust → Negative │ Frames=✓
2026-04-01 18:54:12 │ DEBUG    │ CASMEIIUnifier                 │ Calculated Sequence Length: 41  (Onset=61, Offset=101, Video='EP16_02')
2026-04-01 18:54:12 │ DEBUG    │ CASMEIIUnifier                 │ CASME_II │ sub19 │ EP16_02      │ Onset=  61  Offset= 101  SeqLen= 41 │ disgust → Negative │ Frames=✓
2026-04-01 18:54:12 │ DEBUG    │ CASMEIIUnifier                 │ Calculated Sequence Length: 36  (Onset=66, Offset=101, Video='EP19_01')
2026-04-01 18:54:12 │ DEBUG    │ CASMEIIUnifier                 │ CASME_II │ sub19 │ EP19_01      │ Onset=  66  Offset= 101  SeqLen= 36 │ others → Others │ Frames=✓
2026-04-01 18:54:12 │ DEBUG    │ CASMEIIUnifier                 │ Calculated Sequence Length: 46  (Onset=106, Offset=151, Video='EP19_02')
2026-04-01 18:54:12 │ DEBUG    │ CASMEIIUnifier                 │ CASME_II │ sub19 │ EP19_02      │ Onset= 106  Offset= 151  SeqLen= 46 │ surprise → Surprise │ Frames=✓
2026-04-01 18:54:12 │ DEBUG    │ CASMEIIUnifier                 │ Calculated Sequence Length: 56  (Onset=61, Offset=116, Video='EP19_03')
2026-04-01 18:54:12 │ DEBUG    │ CASMEIIUnifier                 │ CASME_II │ sub19 │ EP19_03      │ Onset=  61  Offset= 116  SeqLen= 56 │ surprise → Surprise │ Frames=✓
2026-04-01 18:54:12 │ DEBUG    │ CASMEIIUnifier                 │ Calculated Sequence Length: 41  (Onset=46, Offset=86, Video='EP19_04')
2026-04-01 18:54:12 │ DEBUG    │ CASMEIIUnifier                 │ CASME_II │ sub19 │ EP19_04      │ Onset=  46  Offset=  86  SeqLen= 41 │ sadness → Negative │ Frames=✓
2026-04-01 18:54:12 │ DEBUG    │ CASMEIIUnifier                 │ Calculated Sequence Length: 51  (Onset=76, Offset=126, Video='EP01_03')
2026-04-01 18:54:12 │ DEBUG    │ CASMEIIUnifier                 │ CASME_II │ sub20 │ EP01_03      │ Onset=  76  Offset= 126  SeqLen= 51 │ disgust → Negative │ Frames=✓
2026-04-01 18:54:12 │ DEBUG    │ CASMEIIUnifier                 │ Calculated Sequence Length: 67  (Onset=45, Offset=111, Video='EP03_02')
2026-04-01 18:54:12 │ DEBUG    │ CASMEIIUnifier                 │ CASME_II │ sub20 │ EP03_02      │ Onset=  45  Offset= 111  SeqLen= 67 │ others → Others │ Frames=✓
2026-04-01 18:54:12 │ DEBUG    │ CASMEIIUnifier                 │ Calculated Sequence Length: 31  (Onset=31, Offset=61, Video='EP06_03')
2026-04-01 18:54:12 │ DEBUG    │ CASMEIIUnifier                 │ CASME_II │ sub20 │ EP06_03      │ Onset=  31  Offset=  61  SeqLen= 31 │ disgust → Negative │ Frames=✓
2026-04-01 18:54:12 │ DEBUG    │ CASMEIIUnifier                 │ Calculated Sequence Length: 56  (Onset=96, Offset=151, Video='EP07_04')
2026-04-01 18:54:12 │ DEBUG    │ CASMEIIUnifier                 │ CASME_II │ sub20 │ EP07_04      │ Onset=  96  Offset= 151  SeqLen= 56 │ others → Others │ Frames=✓
2026-04-01 18:54:12 │ DEBUG    │ CASMEIIUnifier                 │ Calculated Sequence Length: 86  (Onset=131, Offset=216, Video='EP10_02')
2026-04-01 18:54:12 │ DEBUG    │ CASMEIIUnifier                 │ CASME_II │ sub20 │ EP10_02      │ Onset= 131  Offset= 216  SeqLen= 86 │ others → Others │ Frames=✓
2026-04-01 18:54:12 │ DEBUG    │ CASMEIIUnifier                 │ Calculated Sequence Length: 66  (Onset=41, Offset=106, Video='EP12_01')
2026-04-01 18:54:12 │ DEBUG    │ CASMEIIUnifier                 │ CASME_II │ sub20 │ EP12_01      │ Onset=  41  Offset= 106  SeqLen= 66 │ others → Others │ Frames=✓
2026-04-01 18:54:12 │ DEBUG    │ CASMEIIUnifier                 │ Calculated Sequence Length: 51  (Onset=71, Offset=121, Video='EP13_02')
2026-04-01 18:54:12 │ DEBUG    │ CASMEIIUnifier                 │ CASME_II │ sub20 │ EP13_02      │ Onset=  71  Offset= 121  SeqLen= 51 │ others → Others │ Frames=✓
2026-04-01 18:54:12 │ DEBUG    │ CASMEIIUnifier                 │ Calculated Sequence Length: 96  (Onset=86, Offset=181, Video='EP15_03f')
2026-04-01 18:54:12 │ DEBUG    │ CASMEIIUnifier                 │ CASME_II │ sub20 │ EP15_03f     │ Onset=  86  Offset= 181  SeqLen= 96 │ others → Others │ Frames=✓
2026-04-01 18:54:12 │ DEBUG    │ CASMEIIUnifier                 │ Calculated Sequence Length: 41  (Onset=71, Offset=111, Video='EP16_01')
2026-04-01 18:54:12 │ DEBUG    │ CASMEIIUnifier                 │ CASME_II │ sub20 │ EP16_01      │ Onset=  71  Offset= 111  SeqLen= 41 │ others → Others │ Frames=✓
2026-04-01 18:54:12 │ DEBUG    │ CASMEIIUnifier                 │ Calculated Sequence Length: 41  (Onset=81, Offset=121, Video='EP16_04')
2026-04-01 18:54:12 │ DEBUG    │ CASMEIIUnifier                 │ CASME_II │ sub20 │ EP16_04      │ Onset=  81  Offset= 121  SeqLen= 41 │ others → Others │ Frames=✓
2026-04-01 18:54:12 │ DEBUG    │ CASMEIIUnifier                 │ Calculated Sequence Length: 79  (Onset=48, Offset=126, Video='EP18_03')
2026-04-01 18:54:12 │ DEBUG    │ CASMEIIUnifier                 │ CASME_II │ sub20 │ EP18_03      │ Onset=  48  Offset= 126  SeqLen= 79 │ others → Others │ Frames=✓
2026-04-01 18:54:12 │ DEBUG    │ CASMEIIUnifier                 │ Calculated Sequence Length: 31  (Onset=6, Offset=36, Video='EP01_07')
2026-04-01 18:54:12 │ DEBUG    │ CASMEIIUnifier                 │ CASME_II │ sub21 │ EP01_07      │ Onset=   6  Offset=  36  SeqLen= 31 │ others → Others │ Frames=✓
2026-04-01 18:54:12 │ DEBUG    │ CASMEIIUnifier                 │ Calculated Sequence Length: 96  (Onset=111, Offset=206, Video='EP05_02')
2026-04-01 18:54:12 │ DEBUG    │ CASMEIIUnifier                 │ CASME_II │ sub21 │ EP05_02      │ Onset= 111  Offset= 206  SeqLen= 96 │ repression → Negative │ Frames=✓
2026-04-01 18:54:12 │ DEBUG    │ CASMEIIUnifier                 │ Calculated Sequence Length: 97  (Onset=50, Offset=146, Video='EP01_12')
2026-04-01 18:54:12 │ DEBUG    │ CASMEIIUnifier                 │ CASME_II │ sub22 │ EP01_12      │ Onset=  50  Offset= 146  SeqLen= 97 │ repression → Negative │ Frames=✓
2026-04-01 18:54:12 │ DEBUG    │ CASMEIIUnifier                 │ Calculated Sequence Length: 106  (Onset=151, Offset=256, Video='EP13_08')
2026-04-01 18:54:12 │ DEBUG    │ CASMEIIUnifier                 │ CASME_II │ sub22 │ EP13_08      │ Onset= 151  Offset= 256  SeqLen=106 │ repression → Negative │ Frames=✓
2026-04-01 18:54:12 │ DEBUG    │ CASMEIIUnifier                 │ Calculated Sequence Length: 95  (Onset=36, Offset=130, Video='EP02_01')
2026-04-01 18:54:12 │ DEBUG    │ CASMEIIUnifier                 │ CASME_II │ sub23 │ EP02_01      │ Onset=  36  Offset= 130  SeqLen= 95 │ happiness → Positive │ Frames=✓
2026-04-01 18:54:12 │ DEBUG    │ CASMEIIUnifier                 │ Calculated Sequence Length: 61  (Onset=51, Offset=111, Video='EP03_14f')
2026-04-01 18:54:12 │ DEBUG    │ CASMEIIUnifier                 │ CASME_II │ sub23 │ EP03_14f     │ Onset=  51  Offset= 111  SeqLen= 61 │ disgust → Negative │ Frames=✓
2026-04-01 18:54:12 │ DEBUG    │ CASMEIIUnifier                 │ Calculated Sequence Length: 100  (Onset=16, Offset=115, Video='EP04_03f')
2026-04-01 18:54:12 │ DEBUG    │ CASMEIIUnifier                 │ CASME_II │ sub23 │ EP04_03f     │ Onset=  16  Offset= 115  SeqLen=100 │ repression → Negative │ Frames=✓
2026-04-01 18:54:12 │ DEBUG    │ CASMEIIUnifier                 │ Calculated Sequence Length: 66  (Onset=106, Offset=171, Video='EP05_24f')
2026-04-01 18:54:12 │ DEBUG    │ CASMEIIUnifier                 │ CASME_II │ sub23 │ EP05_24f     │ Onset= 106  Offset= 171  SeqLen= 66 │ repression → Negative │ Frames=✓
2026-04-01 18:54:12 │ DEBUG    │ CASMEIIUnifier                 │ Calculated Sequence Length: 81  (Onset=51, Offset=131, Video='EP05_25f')
2026-04-01 18:54:12 │ DEBUG    │ CASMEIIUnifier                 │ CASME_II │ sub23 │ EP05_25f     │ Onset=  51  Offset= 131  SeqLen= 81 │ disgust → Negative │ Frames=✓
2026-04-01 18:54:12 │ DEBUG    │ CASMEIIUnifier                 │ Calculated Sequence Length: 61  (Onset=36, Offset=96, Video='EP07_01')
2026-04-01 18:54:12 │ DEBUG    │ CASMEIIUnifier                 │ CASME_II │ sub23 │ EP07_01      │ Onset=  36  Offset=  96  SeqLen= 61 │ others → Others │ Frames=✓
2026-04-01 18:54:12 │ DEBUG    │ CASMEIIUnifier                 │ Calculated Sequence Length: 85  (Onset=46, Offset=130, Video='EP12_02f')
2026-04-01 18:54:12 │ DEBUG    │ CASMEIIUnifier                 │ CASME_II │ sub23 │ EP12_02f     │ Onset=  46  Offset= 130  SeqLen= 85 │ disgust → Negative │ Frames=✓
2026-04-01 18:54:12 │ DEBUG    │ CASMEIIUnifier                 │ Calculated Sequence Length: 76  (Onset=86, Offset=161, Video='EP12_03')
2026-04-01 18:54:12 │ DEBUG    │ CASMEIIUnifier                 │ CASME_II │ sub23 │ EP12_03      │ Onset=  86  Offset= 161  SeqLen= 76 │ disgust → Negative │ Frames=✓
2026-04-01 18:54:12 │ DEBUG    │ CASMEIIUnifier                 │ Calculated Sequence Length: 56  (Onset=36, Offset=91, Video='EP13_03')
2026-04-01 18:54:12 │ DEBUG    │ CASMEIIUnifier                 │ CASME_II │ sub23 │ EP13_03      │ Onset=  36  Offset=  91  SeqLen= 56 │ others → Others │ Frames=✓
2026-04-01 18:54:12 │ DEBUG    │ CASMEIIUnifier                 │ Calculated Sequence Length: 66  (Onset=21, Offset=86, Video='EP13_04')
2026-04-01 18:54:12 │ DEBUG    │ CASMEIIUnifier                 │ CASME_II │ sub23 │ EP13_04      │ Onset=  21  Offset=  86  SeqLen= 66 │ repression → Negative │ Frames=✓
2026-04-01 18:54:12 │ DEBUG    │ CASMEIIUnifier                 │ Calculated Sequence Length: 71  (Onset=56, Offset=126, Video='EP13_07f')
2026-04-01 18:54:12 │ DEBUG    │ CASMEIIUnifier                 │ CASME_II │ sub23 │ EP13_07f     │ Onset=  56  Offset= 126  SeqLen= 71 │ others → Others │ Frames=✓
2026-04-01 18:54:12 │ DEBUG    │ CASMEIIUnifier                 │ Calculated Sequence Length: 66  (Onset=81, Offset=146, Video='EP17_01')
2026-04-01 18:54:12 │ DEBUG    │ CASMEIIUnifier                 │ CASME_II │ sub23 │ EP17_01      │ Onset=  81  Offset= 146  SeqLen= 66 │ others → Others │ Frames=✓
2026-04-01 18:54:12 │ DEBUG    │ CASMEIIUnifier                 │ Calculated Sequence Length: 99  (Onset=33, Offset=131, Video='EP01_08')
2026-04-01 18:54:12 │ DEBUG    │ CASMEIIUnifier                 │ CASME_II │ sub24 │ EP01_08      │ Onset=  33  Offset= 131  SeqLen= 99 │ disgust → Negative │ Frames=✓
2026-04-01 18:54:12 │ DEBUG    │ CASMEIIUnifier                 │ Calculated Sequence Length: 36  (Onset=71, Offset=106, Video='EP02_02f')
2026-04-01 18:54:12 │ DEBUG    │ CASMEIIUnifier                 │ CASME_II │ sub24 │ EP02_02f     │ Onset=  71  Offset= 106  SeqLen= 36 │ disgust → Negative │ Frames=✓
2026-04-01 18:54:12 │ DEBUG    │ CASMEIIUnifier                 │ Calculated Sequence Length: 43  (Onset=24, Offset=66, Video='EP07_01')
2026-04-01 18:54:12 │ DEBUG    │ CASMEIIUnifier                 │ CASME_II │ sub24 │ EP07_01      │ Onset=  24  Offset=  66  SeqLen= 43 │ sadness → Negative │ Frames=✓
2026-04-01 18:54:12 │ DEBUG    │ CASMEIIUnifier                 │ Calculated Sequence Length: 38  (Onset=4, Offset=41, Video='EP07_04f')
2026-04-01 18:54:12 │ DEBUG    │ CASMEIIUnifier                 │ CASME_II │ sub24 │ EP07_04f     │ Onset=   4  Offset=  41  SeqLen= 38 │ sadness → Negative │ Frames=✓
2026-04-01 18:54:12 │ DEBUG    │ CASMEIIUnifier                 │ Calculated Sequence Length: 61  (Onset=121, Offset=181, Video='EP08_02')
2026-04-01 18:54:12 │ DEBUG    │ CASMEIIUnifier                 │ CASME_II │ sub24 │ EP08_02      │ Onset= 121  Offset= 181  SeqLen= 61 │ others → Others │ Frames=✓
2026-04-01 18:54:12 │ DEBUG    │ CASMEIIUnifier                 │ Calculated Sequence Length: 24  (Onset=131, Offset=154, Video='EP10_01f')
2026-04-01 18:54:12 │ DEBUG    │ CASMEIIUnifier                 │ CASME_II │ sub24 │ EP10_01f     │ Onset= 131  Offset= 154  SeqLen= 24 │ others → Others │ Frames=✓
2026-04-01 18:54:12 │ DEBUG    │ CASMEIIUnifier                 │ Calculated Sequence Length: 36  (Onset=101, Offset=136, Video='EP10_02')
2026-04-01 18:54:12 │ DEBUG    │ CASMEIIUnifier                 │ CASME_II │ sub24 │ EP10_02      │ Onset= 101  Offset= 136  SeqLen= 36 │ others → Others │ Frames=✓
2026-04-01 18:54:12 │ DEBUG    │ CASMEIIUnifier                 │ Calculated Sequence Length: 43  (Onset=334, Offset=376, Video='EP10_03')
2026-04-01 18:54:12 │ DEBUG    │ CASMEIIUnifier                 │ CASME_II │ sub24 │ EP10_03      │ Onset= 334  Offset= 376  SeqLen= 43 │ sadness → Negative │ Frames=✓
2026-04-01 18:54:12 │ DEBUG    │ CASMEIIUnifier                 │ Calculated Sequence Length: 41  (Onset=81, Offset=121, Video='EP12_01')
2026-04-01 18:54:12 │ DEBUG    │ CASMEIIUnifier                 │ CASME_II │ sub24 │ EP12_01      │ Onset=  81  Offset= 121  SeqLen= 41 │ others → Others │ Frames=✓
2026-04-01 18:54:12 │ DEBUG    │ CASMEIIUnifier                 │ Calculated Sequence Length: 36  (Onset=53, Offset=88, Video='EP18_03')
2026-04-01 18:54:12 │ DEBUG    │ CASMEIIUnifier                 │ CASME_II │ sub24 │ EP18_03      │ Onset=  53  Offset=  88  SeqLen= 36 │ surprise → Surprise │ Frames=✓
2026-04-01 18:54:12 │ DEBUG    │ CASMEIIUnifier                 │ Calculated Sequence Length: 61  (Onset=56, Offset=116, Video='EP03_01')
2026-04-01 18:54:12 │ DEBUG    │ CASMEIIUnifier                 │ CASME_II │ sub25 │ EP03_01      │ Onset=  56  Offset= 116  SeqLen= 61 │ others → Others │ Frames=✓
2026-04-01 18:54:12 │ DEBUG    │ CASMEIIUnifier                 │ Calculated Sequence Length: 84  (Onset=51, Offset=134, Video='EP03_02')
2026-04-01 18:54:12 │ DEBUG    │ CASMEIIUnifier                 │ CASME_II │ sub25 │ EP03_02      │ Onset=  51  Offset= 134  SeqLen= 84 │ others → Others │ Frames=✓
2026-04-01 18:54:12 │ DEBUG    │ CASMEIIUnifier                 │ Calculated Sequence Length: 36  (Onset=76, Offset=111, Video='EP09_02')
2026-04-01 18:54:12 │ DEBUG    │ CASMEIIUnifier                 │ CASME_II │ sub25 │ EP09_02      │ Onset=  76  Offset= 111  SeqLen= 36 │ disgust → Negative │ Frames=✓
2026-04-01 18:54:12 │ DEBUG    │ CASMEIIUnifier                 │ Calculated Sequence Length: 76  (Onset=101, Offset=176, Video='EP10_01')
2026-04-01 18:54:12 │ DEBUG    │ CASMEIIUnifier                 │ CASME_II │ sub25 │ EP10_01      │ Onset= 101  Offset= 176  SeqLen= 76 │ disgust → Negative │ Frames=✓
2026-04-01 18:54:12 │ DEBUG    │ CASMEIIUnifier                 │ Calculated Sequence Length: 98  (Onset=61, Offset=158, Video='EP10_10')
2026-04-01 18:54:12 │ DEBUG    │ CASMEIIUnifier                 │ CASME_II │ sub25 │ EP10_10      │ Onset=  61  Offset= 158  SeqLen= 98 │ surprise → Surprise │ Frames=✓
2026-04-01 18:54:12 │ DEBUG    │ CASMEIIUnifier                 │ Calculated Sequence Length: 56  (Onset=131, Offset=186, Video='EP12_01')
2026-04-01 18:54:12 │ DEBUG    │ CASMEIIUnifier                 │ CASME_II │ sub25 │ EP12_01      │ Onset= 131  Offset= 186  SeqLen= 56 │ surprise → Surprise │ Frames=✓
2026-04-01 18:54:12 │ DEBUG    │ CASMEIIUnifier                 │ Calculated Sequence Length: 41  (Onset=76, Offset=116, Video='EP18_04f')
2026-04-01 18:54:12 │ DEBUG    │ CASMEIIUnifier                 │ CASME_II │ sub25 │ EP18_04f     │ Onset=  76  Offset= 116  SeqLen= 41 │ disgust → Negative │ Frames=✓
2026-04-01 18:54:12 │ DEBUG    │ CASMEIIUnifier                 │ Calculated Sequence Length: 86  (Onset=116, Offset=201, Video='EP03_10')
2026-04-01 18:54:12 │ DEBUG    │ CASMEIIUnifier                 │ CASME_II │ sub26 │ EP03_10      │ Onset= 116  Offset= 201  SeqLen= 86 │ happiness → Positive │ Frames=✓
2026-04-01 18:54:12 │ DEBUG    │ CASMEIIUnifier                 │ Calculated Sequence Length: 41  (Onset=31, Offset=71, Video='EP07_28')
2026-04-01 18:54:12 │ DEBUG    │ CASMEIIUnifier                 │ CASME_II │ sub26 │ EP07_28      │ Onset=  31  Offset=  71  SeqLen= 41 │ others → Others │ Frames=✓
2026-04-01 18:54:12 │ DEBUG    │ CASMEIIUnifier                 │ Calculated Sequence Length: 99  (Onset=92, Offset=190, Video='EP07_37')
2026-04-01 18:54:12 │ DEBUG    │ CASMEIIUnifier                 │ CASME_II │ sub26 │ EP07_37      │ Onset=  92  Offset= 190  SeqLen= 99 │ others → Others │ Frames=✓
2026-04-01 18:54:12 │ DEBUG    │ CASMEIIUnifier                 │ Calculated Sequence Length: 59  (Onset=31, Offset=89, Video='EP08_04')
2026-04-01 18:54:12 │ DEBUG    │ CASMEIIUnifier                 │ CASME_II │ sub26 │ EP08_04      │ Onset=  31  Offset=  89  SeqLen= 59 │ others → Others │ Frames=✓
2026-04-01 18:54:12 │ DEBUG    │ CASMEIIUnifier                 │ Calculated Sequence Length: 61  (Onset=31, Offset=91, Video='EP09_04')
2026-04-01 18:54:12 │ DEBUG    │ CASMEIIUnifier                 │ CASME_II │ sub26 │ EP09_04      │ Onset=  31  Offset=  91  SeqLen= 61 │ disgust → Negative │ Frames=✓
2026-04-01 18:54:12 │ DEBUG    │ CASMEIIUnifier                 │ Calculated Sequence Length: 56  (Onset=46, Offset=101, Video='EP09_09')
2026-04-01 18:54:12 │ DEBUG    │ CASMEIIUnifier                 │ CASME_II │ sub26 │ EP09_09      │ Onset=  46  Offset= 101  SeqLen= 56 │ disgust → Negative │ Frames=✓
2026-04-01 18:54:12 │ DEBUG    │ CASMEIIUnifier                 │ Calculated Sequence Length: 58  (Onset=4, Offset=61, Video='EP13_01')
2026-04-01 18:54:12 │ DEBUG    │ CASMEIIUnifier                 │ CASME_II │ sub26 │ EP13_01      │ Onset=   4  Offset=  61  SeqLen= 58 │ others → Others │ Frames=✓
2026-04-01 18:54:12 │ DEBUG    │ CASMEIIUnifier                 │ Calculated Sequence Length: 85  (Onset=32, Offset=116, Video='EP13_02')
2026-04-01 18:54:12 │ DEBUG    │ CASMEIIUnifier                 │ CASME_II │ sub26 │ EP13_02      │ Onset=  32  Offset= 116  SeqLen= 85 │ happiness → Positive │ Frames=✓
2026-04-01 18:54:12 │ DEBUG    │ CASMEIIUnifier                 │ Calculated Sequence Length: 82  (Onset=20, Offset=101, Video='EP13_11')
2026-04-01 18:54:12 │ DEBUG    │ CASMEIIUnifier                 │ CASME_II │ sub26 │ EP13_11      │ Onset=  20  Offset= 101  SeqLen= 82 │ disgust → Negative │ Frames=✓
2026-04-01 18:54:12 │ DEBUG    │ CASMEIIUnifier                 │ Calculated Sequence Length: 40  (Onset=42, Offset=81, Video='EP15_01')
2026-04-01 18:54:12 │ DEBUG    │ CASMEIIUnifier                 │ CASME_II │ sub26 │ EP15_01      │ Onset=  42  Offset=  81  SeqLen= 40 │ sadness → Negative │ Frames=✓
2026-04-01 18:54:12 │ DEBUG    │ CASMEIIUnifier                 │ Calculated Sequence Length: 51  (Onset=26, Offset=76, Video='EP16_01')
2026-04-01 18:54:12 │ DEBUG    │ CASMEIIUnifier                 │ CASME_II │ sub26 │ EP16_01      │ Onset=  26  Offset=  76  SeqLen= 51 │ disgust → Negative │ Frames=✓
2026-04-01 18:54:12 │ DEBUG    │ CASMEIIUnifier                 │ Calculated Sequence Length: 61  (Onset=11, Offset=71, Video='EP18_44')
2026-04-01 18:54:12 │ DEBUG    │ CASMEIIUnifier                 │ CASME_II │ sub26 │ EP18_44      │ Onset=  11  Offset=  71  SeqLen= 61 │ disgust → Negative │ Frames=✓
2026-04-01 18:54:12 │ DEBUG    │ CASMEIIUnifier                 │ Calculated Sequence Length: 71  (Onset=31, Offset=101, Video='EP18_46')
2026-04-01 18:54:12 │ DEBUG    │ CASMEIIUnifier                 │ CASME_II │ sub26 │ EP18_46      │ Onset=  31  Offset= 101  SeqLen= 71 │ others → Others │ Frames=✓
2026-04-01 18:54:12 │ DEBUG    │ CASMEIIUnifier                 │ Calculated Sequence Length: 81  (Onset=6, Offset=86, Video='EP18_47')
2026-04-01 18:54:12 │ DEBUG    │ CASMEIIUnifier                 │ CASME_II │ sub26 │ EP18_47      │ Onset=   6  Offset=  86  SeqLen= 81 │ disgust → Negative │ Frames=✓
2026-04-01 18:54:12 │ DEBUG    │ CASMEIIUnifier                 │ Calculated Sequence Length: 65  (Onset=16, Offset=80, Video='EP18_49')
2026-04-01 18:54:12 │ DEBUG    │ CASMEIIUnifier                 │ CASME_II │ sub26 │ EP18_49      │ Onset=  16  Offset=  80  SeqLen= 65 │ disgust → Negative │ Frames=✓
2026-04-01 18:54:12 │ DEBUG    │ CASMEIIUnifier                 │ Calculated Sequence Length: 84  (Onset=78, Offset=161, Video='EP18_50')
2026-04-01 18:54:12 │ DEBUG    │ CASMEIIUnifier                 │ CASME_II │ sub26 │ EP18_50      │ Onset=  78  Offset= 161  SeqLen= 84 │ disgust → Negative │ Frames=✓
2026-04-01 18:54:12 │ DEBUG    │ CASMEIIUnifier                 │ Calculated Sequence Length: 61  (Onset=21, Offset=81, Video='EP18_51')
2026-04-01 18:54:12 │ DEBUG    │ CASMEIIUnifier                 │ CASME_II │ sub26 │ EP18_51      │ Onset=  21  Offset=  81  SeqLen= 61 │ disgust → Negative │ Frames=✓
2026-04-01 18:54:12 │ INFO     │ CASMEIIUnifier                 │ CASME II unification complete.  255 samples processed.
2026-04-01 18:54:12 │ INFO     │ CASMEIIUnifier                 │ Transformation complete.  Shape: (255, 15)
2026-04-01 18:54:12 │ INFO     │ CASMEIIUnifier                 │ Unified emotion distribution:
Unified_Emotion
Others      99
Negative    99
Positive    32
Surprise    25
2026-04-01 18:54:12 │ INFO     │ CASMEIIUnifier                 │ Sequence Length stats (valid only):  min=24  max=141  mean=67.2  median=61.0  std=22.6
2026-04-01 18:54:12 │ INFO     │ CASMEIIUnifier                 │ Validation passed.  Final sample count: 255
2026-04-01 18:54:12 │ WARNING  │ CheckpointManager              │ Checkpoint SAVED — block 'CASME_II_metadata' marked FAILED.  Reason: Unable to find a usable engine; tried using: 'pyarrow', 'fastparquet'.
A suitable version of pyarrow or fastparquet is required for parquet support.
Trying to import the above resulted in these errors:
 - `Import pyarrow` failed. pyarrow is required for parquet support. Use pip or conda to install the pyarrow package.
 - `Import fastparquet` failed. fastparquet is required for parquet support. Use pip or conda to install the fastparquet package.
2026-04-01 18:54:12 │ ERROR    │ PipelineManager                │ FATAL — Block 'CASME_II_metadata' failed.  The pipeline will exit.  Fix the issue and re-run; completed blocks will be skipped.
Traceback (most recent call last):
  File "C:\Users\Addhyan\Desktop\Thesis\Thesis3\Stage1_DataPipeline\pipeline_manager.py", line 185, in _process_block
    df.to_parquet(str(intermediate_path), index=False)
    ~~~~~~~~~~~~~^^^^^^^^^^^^^^^^^^^^^^^^^^^^^^^^^^^^^
  File "C:\Users\Addhyan\AppData\Roaming\Python\Python313\site-packages\pandas\core\frame.py", line 3135, in to_parquet
    return to_parquet(
        self,
    ...<7 lines>...
        **kwargs,
    )
  File "C:\Users\Addhyan\AppData\Roaming\Python\Python313\site-packages\pandas\io\parquet.py", line 486, in to_parquet
    impl = get_engine(engine)
  File "C:\Users\Addhyan\AppData\Roaming\Python\Python313\site-packages\pandas\io\parquet.py", line 68, in get_engine
    raise ImportError(
    ...<7 lines>...
    )
ImportError: Unable to find a usable engine; tried using: 'pyarrow', 'fastparquet'.
A suitable version of pyarrow or fastparquet is required for parquet support.
Trying to import the above resulted in these errors:
 - `Import pyarrow` failed. pyarrow is required for parquet support. Use pip or conda to install the pyarrow package.
 - `Import fastparquet` failed. fastparquet is required for parquet support. Use pip or conda to install the fastparquet package.
2026-04-01 18:54:12 │ ERROR    │ main_step1                     │ Pipeline terminated with an unrecoverable error.  Fix the issue and re-run — completed blocks will be skipped thanks to the checkpoint system.
Traceback (most recent call last):
  File "C:\Users\Addhyan\Desktop\Thesis\Thesis3\Stage1_DataPipeline\main_step1.py", line 170, in main
    master_df = manager.run()
  File "C:\Users\Addhyan\Desktop\Thesis\Thesis3\Stage1_DataPipeline\pipeline_manager.py", line 108, in run
    casme_ii_df = self._process_block(
        block_name=self.BLOCK_CASME_II,
        unifier_factory=lambda: CASMEIIUnifier(),
        intermediate_path=self._casme2_path,
    )
  File "C:\Users\Addhyan\Desktop\Thesis\Thesis3\Stage1_DataPipeline\pipeline_manager.py", line 185, in _process_block
    df.to_parquet(str(intermediate_path), index=False)
    ~~~~~~~~~~~~~^^^^^^^^^^^^^^^^^^^^^^^^^^^^^^^^^^^^^
  File "C:\Users\Addhyan\AppData\Roaming\Python\Python313\site-packages\pandas\core\frame.py", line 3135, in to_parquet
    return to_parquet(
        self,
    ...<7 lines>...
        **kwargs,
    )
  File "C:\Users\Addhyan\AppData\Roaming\Python\Python313\site-packages\pandas\io\parquet.py", line 486, in to_parquet
    impl = get_engine(engine)
  File "C:\Users\Addhyan\AppData\Roaming\Python\Python313\site-packages\pandas\io\parquet.py", line 68, in get_engine
    raise ImportError(
    ...<7 lines>...
    )
ImportError: Unable to find a usable engine; tried using: 'pyarrow', 'fastparquet'.
A suitable version of pyarrow or fastparquet is required for parquet support.
Trying to import the above resulted in these errors:
 - `Import pyarrow` failed. pyarrow is required for parquet support. Use pip or conda to install the pyarrow package.
 - `Import fastparquet` failed. fastparquet is required for parquet support. Use pip or conda to install the fastparquet package.
2026-04-01 18:55:12 │ DEBUG    │ main_step1                     │ Logger 'main_step1' initialised.  Console=INFO  File=DEBUG  → C:\Users\Addhyan\Desktop\Thesis\Thesis3\Stage1_DataPipeline\logs\pipeline_step1.log
2026-04-01 18:55:12 │ INFO     │ main_step1                     │ ╔════════════════════════════════════════════════════════════════════╗
2026-04-01 18:55:12 │ INFO     │ main_step1                     │ ║  Micro-Expression Recognition — Thesis Data Pipeline            ║
2026-04-01 18:55:12 │ INFO     │ main_step1                     │ ║  Stage 1 / Step 1: Unified Metadata Generation                  ║
2026-04-01 18:55:12 │ INFO     │ main_step1                     │ ╚════════════════════════════════════════════════════════════════════╝
2026-04-01 18:55:12 │ INFO     │ main_step1                     │ --force flag detected.  Resetting all checkpoints …
2026-04-01 18:55:12 │ INFO     │ main_step1                     │   🗑  Deleted file: C:\Users\Addhyan\Desktop\Thesis\Thesis3\Processed_Data\checkpoints\processed_state.json
2026-04-01 18:55:12 │ DEBUG    │ main_step1                     │   (not found, skipping): C:\Users\Addhyan\Desktop\Thesis\Thesis3\Processed_Data\master_thesis_labels.csv
2026-04-01 18:55:12 │ INFO     │ main_step1                     │   🗑  Deleted directory: C:\Users\Addhyan\Desktop\Thesis\Thesis3\Processed_Data\intermediates
2026-04-01 18:55:12 │ INFO     │ main_step1                     │ Force reset complete.  All checkpoints cleared.
2026-04-01 18:55:12 │ INFO     │ main_step1                     │ Running pre-flight checks …
2026-04-01 18:55:12 │ INFO     │ main_step1                     │   ✓  CASME II Excel:     C:\Users\Addhyan\Desktop\Thesis\Thesis3\DATASETS\CASME II\CASME2-coding-20140508.xlsx
2026-04-01 18:55:12 │ INFO     │ main_step1                     │   ✓  CASME II Frames:    C:\Users\Addhyan\Desktop\Thesis\Thesis3\DATASETS\CASME II\Cropped
2026-04-01 18:55:12 │ INFO     │ main_step1                     │   ✓  CAS(ME)^2 Excel:    C:\Users\Addhyan\Desktop\Thesis\Thesis3\DATASETS\CAS(ME)^2code_final.xlsx
2026-04-01 18:55:12 │ INFO     │ main_step1                     │   ✓  CAS(ME)^2 Frames:   C:\Users\Addhyan\Desktop\Thesis\Thesis3\DATASETS\cropped
2026-04-01 18:55:12 │ INFO     │ main_step1                     │ All pre-flight checks passed.  ✓

2026-04-01 18:55:12 │ DEBUG    │ PipelineManager                │ Logger 'PipelineManager' initialised.  Console=INFO  File=DEBUG  → C:\Users\Addhyan\Desktop\Thesis\Thesis3\Stage1_DataPipeline\logs\pipeline_step1.log
2026-04-01 18:55:12 │ DEBUG    │ CheckpointManager              │ Logger 'CheckpointManager' initialised.  Console=INFO  File=DEBUG  → C:\Users\Addhyan\Desktop\Thesis\Thesis3\Stage1_DataPipeline\logs\pipeline_step1.log
2026-04-01 18:55:12 │ INFO     │ CheckpointManager              │ Created new checkpoint file at C:\Users\Addhyan\Desktop\Thesis\Thesis3\Processed_Data\checkpoints\processed_state.json
2026-04-01 18:55:12 │ INFO     │ PipelineManager                │ ╔════════════════════════════════════════════════════════════════════╗
2026-04-01 18:55:12 │ INFO     │ PipelineManager                │ ║  STAGE 1 / STEP 1 — Unified Metadata Pipeline                    ║
2026-04-01 18:55:12 │ INFO     │ PipelineManager                │ ╚════════════════════════════════════════════════════════════════════╝
2026-04-01 18:55:12 │ INFO     │ PipelineManager                │ Checkpoint status:
No blocks registered yet.
2026-04-01 18:55:12 │ DEBUG    │ CASMEIIUnifier                 │ Logger 'CASMEIIUnifier' initialised.  Console=INFO  File=DEBUG  → C:\Users\Addhyan\Desktop\Thesis\Thesis3\Stage1_DataPipeline\logs\pipeline_step1.log
2026-04-01 18:55:12 │ INFO     │ CASMEIIUnifier                 │ ══════════════════════════════════════════════════════════════════════
2026-04-01 18:55:12 │ INFO     │ CASMEIIUnifier                 │ Starting unification for: CASMEIIUnifier
2026-04-01 18:55:12 │ INFO     │ CASMEIIUnifier                 │ ══════════════════════════════════════════════════════════════════════
2026-04-01 18:55:12 │ INFO     │ CASMEIIUnifier                 │ Reading CASME II Excel: C:\Users\Addhyan\Desktop\Thesis\Thesis3\DATASETS\CASME II\CASME2-coding-20140508.xlsx
2026-04-01 18:55:12 │ INFO     │ CASMEIIUnifier                 │ Successfully read 255 rows × 9 columns from CASME II Excel.
2026-04-01 18:55:12 │ DEBUG    │ CASMEIIUnifier                 │ Raw columns: ['Subject', 'Filename', 'Unnamed: 2', 'OnsetFrame', 'ApexFrame', 'OffsetFrame', 'Unnamed: 6', 'Action Units', 'Estimated Emotion']
2026-04-01 18:55:12 │ INFO     │ CASMEIIUnifier                 │ Raw DataFrame loaded.  Shape: (255, 9)
2026-04-01 18:55:12 │ DEBUG    │ CASMEIIUnifier                 │ Calculated Sequence Length: 41  (Onset=46, Offset=86, Video='EP02_01f')
2026-04-01 18:55:12 │ DEBUG    │ CASMEIIUnifier                 │ CASME_II │ sub01 │ EP02_01f     │ Onset=  46  Offset=  86  SeqLen= 41 │ happiness → Positive │ Frames=✓
2026-04-01 18:55:12 │ DEBUG    │ CASMEIIUnifier                 │ Calculated Sequence Length: 31  (Onset=131, Offset=161, Video='EP03_02')
2026-04-01 18:55:12 │ DEBUG    │ CASMEIIUnifier                 │ CASME_II │ sub01 │ EP03_02      │ Onset= 131  Offset= 161  SeqLen= 31 │ others → Others │ Frames=✓
2026-04-01 18:55:12 │ DEBUG    │ CASMEIIUnifier                 │ Calculated Sequence Length: 56  (Onset=21, Offset=76, Video='EP04_02')
2026-04-01 18:55:12 │ DEBUG    │ CASMEIIUnifier                 │ CASME_II │ sub01 │ EP04_02      │ Onset=  21  Offset=  76  SeqLen= 56 │ others → Others │ Frames=✓
2026-04-01 18:55:12 │ DEBUG    │ CASMEIIUnifier                 │ Calculated Sequence Length: 26  (Onset=31, Offset=56, Video='EP04_03')
2026-04-01 18:55:12 │ DEBUG    │ CASMEIIUnifier                 │ CASME_II │ sub01 │ EP04_03      │ Onset=  31  Offset=  56  SeqLen= 26 │ others → Others │ Frames=✓
2026-04-01 18:55:12 │ DEBUG    │ CASMEIIUnifier                 │ Calculated Sequence Length: 44  (Onset=23, Offset=66, Video='EP04_04')
2026-04-01 18:55:12 │ DEBUG    │ CASMEIIUnifier                 │ CASME_II │ sub01 │ EP04_04      │ Onset=  23  Offset=  66  SeqLen= 44 │ others → Others │ Frames=✓
2026-04-01 18:55:12 │ DEBUG    │ CASMEIIUnifier                 │ Calculated Sequence Length: 41  (Onset=26, Offset=66, Video='EP19_01')
2026-04-01 18:55:12 │ DEBUG    │ CASMEIIUnifier                 │ CASME_II │ sub01 │ EP19_01      │ Onset=  26  Offset=  66  SeqLen= 41 │ others → Others │ Frames=✓
2026-04-01 18:55:12 │ DEBUG    │ CASMEIIUnifier                 │ Calculated Sequence Length: 81  (Onset=81, Offset=161, Video='EP19_03f')
2026-04-01 18:55:12 │ DEBUG    │ CASMEIIUnifier                 │ CASME_II │ sub01 │ EP19_03f     │ Onset=  81  Offset= 161  SeqLen= 81 │ others → Others │ Frames=✓
2026-04-01 18:55:12 │ DEBUG    │ CASMEIIUnifier                 │ Calculated Sequence Length: 51  (Onset=396, Offset=446, Video='EP19_05f')
2026-04-01 18:55:12 │ DEBUG    │ CASMEIIUnifier                 │ CASME_II │ sub01 │ EP19_05f     │ Onset= 396  Offset= 446  SeqLen= 51 │ disgust → Negative │ Frames=✓
2026-04-01 18:55:12 │ DEBUG    │ CASMEIIUnifier                 │ Calculated Sequence Length: 126  (Onset=36, Offset=161, Video='EP19_06f')
2026-04-01 18:55:12 │ DEBUG    │ CASMEIIUnifier                 │ CASME_II │ sub01 │ EP19_06f     │ Onset=  36  Offset= 161  SeqLen=126 │ disgust → Negative │ Frames=✓
2026-04-01 18:55:12 │ DEBUG    │ CASMEIIUnifier                 │ Calculated Sequence Length: 51  (Onset=46, Offset=96, Video='EP01_11f')
2026-04-01 18:55:12 │ DEBUG    │ CASMEIIUnifier                 │ CASME_II │ sub02 │ EP01_11f     │ Onset=  46  Offset=  96  SeqLen= 51 │ repression → Negative │ Frames=✓
2026-04-01 18:55:12 │ DEBUG    │ CASMEIIUnifier                 │ Calculated Sequence Length: 111  (Onset=31, Offset=141, Video='EP02_04f')
2026-04-01 18:55:12 │ DEBUG    │ CASMEIIUnifier                 │ CASME_II │ sub02 │ EP02_04f     │ Onset=  31  Offset= 141  SeqLen=111 │ repression → Negative │ Frames=✓
2026-04-01 18:55:12 │ DEBUG    │ CASMEIIUnifier                 │ Calculated Sequence Length: 121  (Onset=16, Offset=136, Video='EP03_02f')
2026-04-01 18:55:12 │ DEBUG    │ CASMEIIUnifier                 │ CASME_II │ sub02 │ EP03_02f     │ Onset=  16  Offset= 136  SeqLen=121 │ repression → Negative │ Frames=✓
2026-04-01 18:55:12 │ DEBUG    │ CASMEIIUnifier                 │ Calculated Sequence Length: 100  (Onset=56, Offset=155, Video='EP06_01f')
2026-04-01 18:55:12 │ DEBUG    │ CASMEIIUnifier                 │ CASME_II │ sub02 │ EP06_01f     │ Onset=  56  Offset= 155  SeqLen=100 │ repression → Negative │ Frames=✓
2026-04-01 18:55:12 │ DEBUG    │ CASMEIIUnifier                 │ Calculated Sequence Length: 76  (Onset=36, Offset=111, Video='EP06_02f')
2026-04-01 18:55:12 │ DEBUG    │ CASMEIIUnifier                 │ CASME_II │ sub02 │ EP06_02f     │ Onset=  36  Offset= 111  SeqLen= 76 │ repression → Negative │ Frames=✓
2026-04-01 18:55:12 │ DEBUG    │ CASMEIIUnifier                 │ Calculated Sequence Length: 91  (Onset=16, Offset=106, Video='EP08_04')
2026-04-01 18:55:12 │ DEBUG    │ CASMEIIUnifier                 │ CASME_II │ sub02 │ EP08_04      │ Onset=  16  Offset= 106  SeqLen= 91 │ others → Others │ Frames=✓
2026-04-01 18:55:12 │ DEBUG    │ CASMEIIUnifier                 │ Calculated Sequence Length: 100  (Onset=26, Offset=125, Video='EP09_01')
2026-04-01 18:55:12 │ DEBUG    │ CASMEIIUnifier                 │ CASME_II │ sub02 │ EP09_01      │ Onset=  26  Offset= 125  SeqLen=100 │ happiness → Positive │ Frames=✓
2026-04-01 18:55:12 │ DEBUG    │ CASMEIIUnifier                 │ Calculated Sequence Length: 141  (Onset=11, Offset=151, Video='EP09_06f')
2026-04-01 18:55:12 │ DEBUG    │ CASMEIIUnifier                 │ CASME_II │ sub02 │ EP09_06f     │ Onset=  11  Offset= 151  SeqLen=141 │ others → Others │ Frames=✓
2026-04-01 18:55:12 │ DEBUG    │ CASMEIIUnifier                 │ Calculated Sequence Length: 41  (Onset=26, Offset=66, Video='EP09_10')
2026-04-01 18:55:12 │ DEBUG    │ CASMEIIUnifier                 │ CASME_II │ sub02 │ EP09_10      │ Onset=  26  Offset=  66  SeqLen= 41 │ others → Others │ Frames=✓
2026-04-01 18:55:12 │ DEBUG    │ CASMEIIUnifier                 │ Calculated Sequence Length: 91  (Onset=16, Offset=106, Video='EP11_01')
2026-04-01 18:55:12 │ DEBUG    │ CASMEIIUnifier                 │ CASME_II │ sub02 │ EP11_01      │ Onset=  16  Offset= 106  SeqLen= 91 │ surprise → Surprise │ Frames=✓
2026-04-01 18:55:12 │ DEBUG    │ CASMEIIUnifier                 │ Calculated Sequence Length: 56  (Onset=21, Offset=76, Video='EP13_04')
2026-04-01 18:55:12 │ DEBUG    │ CASMEIIUnifier                 │ CASME_II │ sub02 │ EP13_04      │ Onset=  21  Offset=  76  SeqLen= 56 │ surprise → Surprise │ Frames=✓
2026-04-01 18:55:12 │ DEBUG    │ CASMEIIUnifier                 │ Calculated Sequence Length: 46  (Onset=81, Offset=126, Video='EP14_01')
2026-04-01 18:55:12 │ DEBUG    │ CASMEIIUnifier                 │ CASME_II │ sub02 │ EP14_01      │ Onset=  81  Offset= 126  SeqLen= 46 │ surprise → Surprise │ Frames=✓
2026-04-01 18:55:12 │ DEBUG    │ CASMEIIUnifier                 │ Calculated Sequence Length: 71  (Onset=26, Offset=96, Video='EP15_04')
2026-04-01 18:55:12 │ DEBUG    │ CASMEIIUnifier                 │ CASME_II │ sub02 │ EP15_04      │ Onset=  26  Offset=  96  SeqLen= 71 │ others → Others │ Frames=✓
2026-04-01 18:55:12 │ DEBUG    │ CASMEIIUnifier                 │ Calculated Sequence Length: 41  (Onset=51, Offset=91, Video='EP01_2')
2026-04-01 18:55:12 │ DEBUG    │ CASMEIIUnifier                 │ CASME_II │ sub03 │ EP01_2       │ Onset=  51  Offset=  91  SeqLen= 41 │ surprise → Surprise │ Frames=✓
2026-04-01 18:55:12 │ DEBUG    │ CASMEIIUnifier                 │ Calculated Sequence Length: 61  (Onset=16, Offset=76, Video='EP07_03')
2026-04-01 18:55:12 │ DEBUG    │ CASMEIIUnifier                 │ CASME_II │ sub03 │ EP07_03      │ Onset=  16  Offset=  76  SeqLen= 61 │ others → Others │ Frames=✓
2026-04-01 18:55:12 │ DEBUG    │ CASMEIIUnifier                 │ Calculated Sequence Length: 86  (Onset=21, Offset=106, Video='EP07_04')
2026-04-01 18:55:12 │ DEBUG    │ CASMEIIUnifier                 │ CASME_II │ sub03 │ EP07_04      │ Onset=  21  Offset= 106  SeqLen= 86 │ disgust → Negative │ Frames=✓
2026-04-01 18:55:12 │ DEBUG    │ CASMEIIUnifier                 │ Calculated Sequence Length: 81  (Onset=11, Offset=91, Video='EP08_1')
2026-04-01 18:55:12 │ DEBUG    │ CASMEIIUnifier                 │ CASME_II │ sub03 │ EP08_1       │ Onset=  11  Offset=  91  SeqLen= 81 │ others → Others │ Frames=✓
2026-04-01 18:55:12 │ DEBUG    │ CASMEIIUnifier                 │ Calculated Sequence Length: 61  (Onset=61, Offset=121, Video='EP09_03')
2026-04-01 18:55:12 │ DEBUG    │ CASMEIIUnifier                 │ CASME_II │ sub03 │ EP09_03      │ Onset=  61  Offset= 121  SeqLen= 61 │ disgust → Negative │ Frames=✓
2026-04-01 18:55:12 │ DEBUG    │ CASMEIIUnifier                 │ Calculated Sequence Length: 101  (Onset=26, Offset=126, Video='EP18_06')
2026-04-01 18:55:12 │ DEBUG    │ CASMEIIUnifier                 │ CASME_II │ sub03 │ EP18_06      │ Onset=  26  Offset= 126  SeqLen=101 │ disgust → Negative │ Frames=✓
2026-04-01 18:55:12 │ DEBUG    │ CASMEIIUnifier                 │ Calculated Sequence Length: 41  (Onset=101, Offset=141, Video='EP19_08')
2026-04-01 18:55:12 │ DEBUG    │ CASMEIIUnifier                 │ CASME_II │ sub03 │ EP19_08      │ Onset= 101  Offset= 141  SeqLen= 41 │ disgust → Negative │ Frames=✓
2026-04-01 18:55:12 │ DEBUG    │ CASMEIIUnifier                 │ Non-numeric ApexFrame for sub04/EP12_01f: '/'
2026-04-01 18:55:12 │ DEBUG    │ CASMEIIUnifier                 │ Calculated Sequence Length: 61  (Onset=261, Offset=321, Video='EP12_01f')
2026-04-01 18:55:12 │ DEBUG    │ CASMEIIUnifier                 │ CASME_II │ sub04 │ EP12_01f     │ Onset= 261  Offset= 321  SeqLen= 61 │ disgust → Negative │ Frames=✓
2026-04-01 18:55:12 │ DEBUG    │ CASMEIIUnifier                 │ Calculated Sequence Length: 51  (Onset=356, Offset=406, Video='EP12_02f')
2026-04-01 18:55:12 │ DEBUG    │ CASMEIIUnifier                 │ CASME_II │ sub04 │ EP12_02f     │ Onset= 356  Offset= 406  SeqLen= 51 │ disgust → Negative │ Frames=✓
2026-04-01 18:55:12 │ DEBUG    │ CASMEIIUnifier                 │ Calculated Sequence Length: 61  (Onset=51, Offset=111, Video='EP13_02f')
2026-04-01 18:55:12 │ DEBUG    │ CASMEIIUnifier                 │ CASME_II │ sub04 │ EP13_02f     │ Onset=  51  Offset= 111  SeqLen= 61 │ others → Others │ Frames=✓
2026-04-01 18:55:12 │ DEBUG    │ CASMEIIUnifier                 │ Calculated Sequence Length: 91  (Onset=71, Offset=161, Video='EP13_06f')
2026-04-01 18:55:12 │ DEBUG    │ CASMEIIUnifier                 │ CASME_II │ sub04 │ EP13_06f     │ Onset=  71  Offset= 161  SeqLen= 91 │ disgust → Negative │ Frames=✓
2026-04-01 18:55:12 │ DEBUG    │ CASMEIIUnifier                 │ Calculated Sequence Length: 36  (Onset=191, Offset=226, Video='EP19_01f')
2026-04-01 18:55:12 │ DEBUG    │ CASMEIIUnifier                 │ CASME_II │ sub04 │ EP19_01f     │ Onset= 191  Offset= 226  SeqLen= 36 │ others → Others │ Frames=✓
2026-04-01 18:55:12 │ DEBUG    │ CASMEIIUnifier                 │ Calculated Sequence Length: 66  (Onset=36, Offset=101, Video='EP02_07')
2026-04-01 18:55:12 │ DEBUG    │ CASMEIIUnifier                 │ CASME_II │ sub05 │ EP02_07      │ Onset=  36  Offset= 101  SeqLen= 66 │ surprise → Surprise │ Frames=✓
2026-04-01 18:55:12 │ DEBUG    │ CASMEIIUnifier                 │ Calculated Sequence Length: 61  (Onset=41, Offset=101, Video='EP03_01')
2026-04-01 18:55:12 │ DEBUG    │ CASMEIIUnifier                 │ CASME_II │ sub05 │ EP03_01      │ Onset=  41  Offset= 101  SeqLen= 61 │ happiness → Positive │ Frames=✓
2026-04-01 18:55:12 │ DEBUG    │ CASMEIIUnifier                 │ Calculated Sequence Length: 51  (Onset=33, Offset=83, Video='EP03_06')
2026-04-01 18:55:12 │ DEBUG    │ CASMEIIUnifier                 │ CASME_II │ sub05 │ EP03_06      │ Onset=  33  Offset=  83  SeqLen= 51 │ surprise → Surprise │ Frames=✓
2026-04-01 18:55:12 │ DEBUG    │ CASMEIIUnifier                 │ Calculated Sequence Length: 43  (Onset=41, Offset=83, Video='EP03_07')
2026-04-01 18:55:12 │ DEBUG    │ CASMEIIUnifier                 │ CASME_II │ sub05 │ EP03_07      │ Onset=  41  Offset=  83  SeqLen= 43 │ others → Others │ Frames=✓
2026-04-01 18:55:12 │ DEBUG    │ CASMEIIUnifier                 │ Calculated Sequence Length: 51  (Onset=16, Offset=66, Video='EP04_05')
2026-04-01 18:55:12 │ DEBUG    │ CASMEIIUnifier                 │ CASME_II │ sub05 │ EP04_05      │ Onset=  16  Offset=  66  SeqLen= 51 │ surprise → Surprise │ Frames=✓
2026-04-01 18:55:12 │ DEBUG    │ CASMEIIUnifier                 │ Calculated Sequence Length: 86  (Onset=6, Offset=91, Video='EP04_06')
2026-04-01 18:55:12 │ DEBUG    │ CASMEIIUnifier                 │ CASME_II │ sub05 │ EP04_06      │ Onset=   6  Offset=  91  SeqLen= 86 │ surprise → Surprise │ Frames=✓
2026-04-01 18:55:12 │ DEBUG    │ CASMEIIUnifier                 │ Calculated Sequence Length: 91  (Onset=51, Offset=141, Video='EP05_03')
2026-04-01 18:55:12 │ DEBUG    │ CASMEIIUnifier                 │ CASME_II │ sub05 │ EP05_03      │ Onset=  51  Offset= 141  SeqLen= 91 │ others → Others │ Frames=✓
2026-04-01 18:55:12 │ DEBUG    │ CASMEIIUnifier                 │ Calculated Sequence Length: 88  (Onset=49, Offset=136, Video='EP05_09')
2026-04-01 18:55:12 │ DEBUG    │ CASMEIIUnifier                 │ CASME_II │ sub05 │ EP05_09      │ Onset=  49  Offset= 136  SeqLen= 88 │ others → Others │ Frames=✓
2026-04-01 18:55:12 │ DEBUG    │ CASMEIIUnifier                 │ Calculated Sequence Length: 52  (Onset=85, Offset=136, Video='EP06_10')
2026-04-01 18:55:12 │ DEBUG    │ CASMEIIUnifier                 │ CASME_II │ sub05 │ EP06_10      │ Onset=  85  Offset= 136  SeqLen= 52 │ others → Others │ Frames=✓
2026-04-01 18:55:12 │ DEBUG    │ CASMEIIUnifier                 │ Calculated Sequence Length: 58  (Onset=49, Offset=106, Video='EP07_01')
2026-04-01 18:55:12 │ DEBUG    │ CASMEIIUnifier                 │ CASME_II │ sub05 │ EP07_01      │ Onset=  49  Offset= 106  SeqLen= 58 │ others → Others │ Frames=✓
2026-04-01 18:55:12 │ DEBUG    │ CASMEIIUnifier                 │ Calculated Sequence Length: 66  (Onset=6, Offset=71, Video='EP08_05')
2026-04-01 18:55:12 │ DEBUG    │ CASMEIIUnifier                 │ CASME_II │ sub05 │ EP08_05      │ Onset=   6  Offset=  71  SeqLen= 66 │ others → Others │ Frames=✓
2026-04-01 18:55:12 │ DEBUG    │ CASMEIIUnifier                 │ Calculated Sequence Length: 55  (Onset=69, Offset=123, Video='EP09_05f')
2026-04-01 18:55:12 │ DEBUG    │ CASMEIIUnifier                 │ CASME_II │ sub05 │ EP09_05f     │ Onset=  69  Offset= 123  SeqLen= 55 │ disgust → Negative │ Frames=✓
2026-04-01 18:55:12 │ DEBUG    │ CASMEIIUnifier                 │ Calculated Sequence Length: 51  (Onset=11, Offset=61, Video='EP12_03f')
2026-04-01 18:55:12 │ DEBUG    │ CASMEIIUnifier                 │ CASME_II │ sub05 │ EP12_03f     │ Onset=  11  Offset=  61  SeqLen= 51 │ surprise → Surprise │ Frames=✓
2026-04-01 18:55:12 │ DEBUG    │ CASMEIIUnifier                 │ Calculated Sequence Length: 76  (Onset=46, Offset=121, Video='EP12_06')
2026-04-01 18:55:12 │ DEBUG    │ CASMEIIUnifier                 │ CASME_II │ sub05 │ EP12_06      │ Onset=  46  Offset= 121  SeqLen= 76 │ others → Others │ Frames=✓
2026-04-01 18:55:12 │ DEBUG    │ CASMEIIUnifier                 │ Calculated Sequence Length: 76  (Onset=36, Offset=111, Video='EP13_04f')
2026-04-01 18:55:12 │ DEBUG    │ CASMEIIUnifier                 │ CASME_II │ sub05 │ EP13_04f     │ Onset=  36  Offset= 111  SeqLen= 76 │ others → Others │ Frames=✓
2026-04-01 18:55:12 │ DEBUG    │ CASMEIIUnifier                 │ Calculated Sequence Length: 61  (Onset=16, Offset=76, Video='EP13_06')
2026-04-01 18:55:12 │ DEBUG    │ CASMEIIUnifier                 │ CASME_II │ sub05 │ EP13_06      │ Onset=  16  Offset=  76  SeqLen= 61 │ others → Others │ Frames=✓
2026-04-01 18:55:12 │ DEBUG    │ CASMEIIUnifier                 │ Calculated Sequence Length: 100  (Onset=39, Offset=138, Video='EP16_03f')
2026-04-01 18:55:12 │ DEBUG    │ CASMEIIUnifier                 │ CASME_II │ sub05 │ EP16_03f     │ Onset=  39  Offset= 138  SeqLen=100 │ others → Others │ Frames=✓
2026-04-01 18:55:12 │ DEBUG    │ CASMEIIUnifier                 │ Calculated Sequence Length: 41  (Onset=141, Offset=181, Video='EP16_04f')
2026-04-01 18:55:12 │ DEBUG    │ CASMEIIUnifier                 │ CASME_II │ sub05 │ EP16_04f     │ Onset= 141  Offset= 181  SeqLen= 41 │ others → Others │ Frames=✓
2026-04-01 18:55:12 │ DEBUG    │ CASMEIIUnifier                 │ Calculated Sequence Length: 53  (Onset=6, Offset=58, Video='EP19_03')
2026-04-01 18:55:12 │ DEBUG    │ CASMEIIUnifier                 │ CASME_II │ sub05 │ EP19_03      │ Onset=   6  Offset=  58  SeqLen= 53 │ others → Others │ Frames=✓
2026-04-01 18:55:12 │ DEBUG    │ CASMEIIUnifier                 │ Calculated Sequence Length: 56  (Onset=81, Offset=136, Video='EP01_01')
2026-04-01 18:55:12 │ DEBUG    │ CASMEIIUnifier                 │ CASME_II │ sub06 │ EP01_01      │ Onset=  81  Offset= 136  SeqLen= 56 │ happiness → Positive │ Frames=✓
2026-04-01 18:55:12 │ DEBUG    │ CASMEIIUnifier                 │ Calculated Sequence Length: 50  (Onset=99, Offset=148, Video='EP02_31')
2026-04-01 18:55:12 │ DEBUG    │ CASMEIIUnifier                 │ CASME_II │ sub06 │ EP02_31      │ Onset=  99  Offset= 148  SeqLen= 50 │ surprise → Surprise │ Frames=✓
2026-04-01 18:55:12 │ DEBUG    │ CASMEIIUnifier                 │ Calculated Sequence Length: 46  (Onset=116, Offset=161, Video='EP10_08')
2026-04-01 18:55:12 │ DEBUG    │ CASMEIIUnifier                 │ CASME_II │ sub06 │ EP10_08      │ Onset= 116  Offset= 161  SeqLen= 46 │ others → Others │ Frames=✓
2026-04-01 18:55:12 │ DEBUG    │ CASMEIIUnifier                 │ Calculated Sequence Length: 51  (Onset=56, Offset=106, Video='EP15_02')
2026-04-01 18:55:12 │ DEBUG    │ CASMEIIUnifier                 │ CASME_II │ sub06 │ EP15_02      │ Onset=  56  Offset= 106  SeqLen= 51 │ surprise → Surprise │ Frames=✓
2026-04-01 18:55:12 │ DEBUG    │ CASMEIIUnifier                 │ Calculated Sequence Length: 58  (Onset=94, Offset=151, Video='EP16_05')
2026-04-01 18:55:12 │ DEBUG    │ CASMEIIUnifier                 │ CASME_II │ sub06 │ EP16_05      │ Onset=  94  Offset= 151  SeqLen= 58 │ disgust → Negative │ Frames=✓
2026-04-01 18:55:12 │ DEBUG    │ CASMEIIUnifier                 │ Calculated Sequence Length: 78  (Onset=79, Offset=156, Video='EP01_01')
2026-04-01 18:55:12 │ DEBUG    │ CASMEIIUnifier                 │ CASME_II │ sub07 │ EP01_01      │ Onset=  79  Offset= 156  SeqLen= 78 │ disgust → Negative │ Frames=✓
2026-04-01 18:55:12 │ DEBUG    │ CASMEIIUnifier                 │ Calculated Sequence Length: 66  (Onset=11, Offset=76, Video='EP03_04')
2026-04-01 18:55:12 │ DEBUG    │ CASMEIIUnifier                 │ CASME_II │ sub07 │ EP03_04      │ Onset=  11  Offset=  76  SeqLen= 66 │ others → Others │ Frames=✓
2026-04-01 18:55:12 │ DEBUG    │ CASMEIIUnifier                 │ Calculated Sequence Length: 54  (Onset=15, Offset=68, Video='EP06_01')
2026-04-01 18:55:12 │ DEBUG    │ CASMEIIUnifier                 │ CASME_II │ sub07 │ EP06_01      │ Onset=  15  Offset=  68  SeqLen= 54 │ others → Others │ Frames=✓
2026-04-01 18:55:12 │ DEBUG    │ CASMEIIUnifier                 │ Calculated Sequence Length: 81  (Onset=11, Offset=91, Video='EP06_02_01')
2026-04-01 18:55:12 │ DEBUG    │ CASMEIIUnifier                 │ CASME_II │ sub07 │ EP06_02_01   │ Onset=  11  Offset=  91  SeqLen= 81 │ disgust → Negative │ Frames=✓
2026-04-01 18:55:12 │ DEBUG    │ CASMEIIUnifier                 │ Calculated Sequence Length: 56  (Onset=36, Offset=91, Video='EP06_02_02')
2026-04-01 18:55:12 │ DEBUG    │ CASMEIIUnifier                 │ CASME_II │ sub07 │ EP06_02_02   │ Onset=  36  Offset=  91  SeqLen= 56 │ disgust → Negative │ Frames=✓
2026-04-01 18:55:12 │ DEBUG    │ CASMEIIUnifier                 │ Calculated Sequence Length: 51  (Onset=141, Offset=191, Video='EP08_02')
2026-04-01 18:55:12 │ DEBUG    │ CASMEIIUnifier                 │ CASME_II │ sub07 │ EP08_02      │ Onset= 141  Offset= 191  SeqLen= 51 │ disgust → Negative │ Frames=✓
2026-04-01 18:55:12 │ DEBUG    │ CASMEIIUnifier                 │ Calculated Sequence Length: 56  (Onset=36, Offset=91, Video='EP15_01')
2026-04-01 18:55:12 │ DEBUG    │ CASMEIIUnifier                 │ CASME_II │ sub07 │ EP15_01      │ Onset=  36  Offset=  91  SeqLen= 56 │ disgust → Negative │ Frames=✓
2026-04-01 18:55:12 │ DEBUG    │ CASMEIIUnifier                 │ Calculated Sequence Length: 46  (Onset=6, Offset=51, Video='EP18_01')
2026-04-01 18:55:12 │ DEBUG    │ CASMEIIUnifier                 │ CASME_II │ sub07 │ EP18_01      │ Onset=   6  Offset=  51  SeqLen= 46 │ others → Others │ Frames=✓
2026-04-01 18:55:12 │ DEBUG    │ CASMEIIUnifier                 │ Calculated Sequence Length: 86  (Onset=11, Offset=96, Video='EP18_03')
2026-04-01 18:55:12 │ DEBUG    │ CASMEIIUnifier                 │ CASME_II │ sub07 │ EP18_03      │ Onset=  11  Offset=  96  SeqLen= 86 │ others → Others │ Frames=✓
2026-04-01 18:55:12 │ DEBUG    │ CASMEIIUnifier                 │ Calculated Sequence Length: 93  (Onset=26, Offset=118, Video='EP12_07f')
2026-04-01 18:55:12 │ DEBUG    │ CASMEIIUnifier                 │ CASME_II │ sub08 │ EP12_07f     │ Onset=  26  Offset= 118  SeqLen= 93 │ others → Others │ Frames=✓
2026-04-01 18:55:12 │ DEBUG    │ CASMEIIUnifier                 │ Calculated Sequence Length: 100  (Onset=71, Offset=170, Video='EP12_08f')
2026-04-01 18:55:12 │ DEBUG    │ CASMEIIUnifier                 │ CASME_II │ sub08 │ EP12_08f     │ Onset=  71  Offset= 170  SeqLen=100 │ others → Others │ Frames=✓
2026-04-01 18:55:12 │ DEBUG    │ CASMEIIUnifier                 │ Calculated Sequence Length: 78  (Onset=49, Offset=126, Video='EP13_01f')
2026-04-01 18:55:12 │ DEBUG    │ CASMEIIUnifier                 │ CASME_II │ sub08 │ EP13_01f     │ Onset=  49  Offset= 126  SeqLen= 78 │ repression → Negative │ Frames=✓
2026-04-01 18:55:12 │ DEBUG    │ CASMEIIUnifier                 │ Calculated Sequence Length: 71  (Onset=21, Offset=91, Video='EP02_01f')
2026-04-01 18:55:12 │ DEBUG    │ CASMEIIUnifier                 │ CASME_II │ sub09 │ EP02_01f     │ Onset=  21  Offset=  91  SeqLen= 71 │ happiness → Positive │ Frames=✓
2026-04-01 18:55:12 │ DEBUG    │ CASMEIIUnifier                 │ Calculated Sequence Length: 131  (Onset=66, Offset=196, Video='EP05_02')
2026-04-01 18:55:12 │ DEBUG    │ CASMEIIUnifier                 │ CASME_II │ sub09 │ EP05_02      │ Onset=  66  Offset= 196  SeqLen=131 │ others → Others │ Frames=✓
2026-04-01 18:55:12 │ DEBUG    │ CASMEIIUnifier                 │ Calculated Sequence Length: 66  (Onset=91, Offset=156, Video='EP05_03')
2026-04-01 18:55:12 │ DEBUG    │ CASMEIIUnifier                 │ CASME_II │ sub09 │ EP05_03      │ Onset=  91  Offset= 156  SeqLen= 66 │ others → Others │ Frames=✓
2026-04-01 18:55:12 │ DEBUG    │ CASMEIIUnifier                 │ Calculated Sequence Length: 51  (Onset=46, Offset=96, Video='EP05_05')
2026-04-01 18:55:12 │ DEBUG    │ CASMEIIUnifier                 │ CASME_II │ sub09 │ EP05_05      │ Onset=  46  Offset=  96  SeqLen= 51 │ happiness → Positive │ Frames=✓
2026-04-01 18:55:12 │ DEBUG    │ CASMEIIUnifier                 │ Calculated Sequence Length: 121  (Onset=66, Offset=186, Video='EP06_01f')
2026-04-01 18:55:12 │ DEBUG    │ CASMEIIUnifier                 │ CASME_II │ sub09 │ EP06_01f     │ Onset=  66  Offset= 186  SeqLen=121 │ repression → Negative │ Frames=✓
2026-04-01 18:55:12 │ DEBUG    │ CASMEIIUnifier                 │ Calculated Sequence Length: 96  (Onset=36, Offset=131, Video='EP06_02f')
2026-04-01 18:55:12 │ DEBUG    │ CASMEIIUnifier                 │ CASME_II │ sub09 │ EP06_02f     │ Onset=  36  Offset= 131  SeqLen= 96 │ happiness → Positive │ Frames=✓
2026-04-01 18:55:12 │ DEBUG    │ CASMEIIUnifier                 │ Calculated Sequence Length: 121  (Onset=26, Offset=146, Video='EP09_04')
2026-04-01 18:55:12 │ DEBUG    │ CASMEIIUnifier                 │ CASME_II │ sub09 │ EP09_04      │ Onset=  26  Offset= 146  SeqLen=121 │ repression → Negative │ Frames=✓
2026-04-01 18:55:12 │ DEBUG    │ CASMEIIUnifier                 │ Calculated Sequence Length: 86  (Onset=26, Offset=111, Video='EP09_05')
2026-04-01 18:55:12 │ DEBUG    │ CASMEIIUnifier                 │ CASME_II │ sub09 │ EP09_05      │ Onset=  26  Offset= 111  SeqLen= 86 │ repression → Negative │ Frames=✓
2026-04-01 18:55:12 │ DEBUG    │ CASMEIIUnifier                 │ Calculated Sequence Length: 61  (Onset=26, Offset=86, Video='EP09f')
2026-04-01 18:55:12 │ DEBUG    │ CASMEIIUnifier                 │ CASME_II │ sub09 │ EP09f        │ Onset=  26  Offset=  86  SeqLen= 61 │ happiness → Positive │ Frames=✓
2026-04-01 18:55:12 │ DEBUG    │ CASMEIIUnifier                 │ Calculated Sequence Length: 91  (Onset=31, Offset=121, Video='EP13_01')
2026-04-01 18:55:12 │ DEBUG    │ CASMEIIUnifier                 │ CASME_II │ sub09 │ EP13_01      │ Onset=  31  Offset= 121  SeqLen= 91 │ repression → Negative │ Frames=✓
2026-04-01 18:55:12 │ DEBUG    │ CASMEIIUnifier                 │ Calculated Sequence Length: 61  (Onset=71, Offset=131, Video='EP13_02')
2026-04-01 18:55:12 │ DEBUG    │ CASMEIIUnifier                 │ CASME_II │ sub09 │ EP13_02      │ Onset=  71  Offset= 131  SeqLen= 61 │ fear → Negative │ Frames=✓
2026-04-01 18:55:12 │ DEBUG    │ CASMEIIUnifier                 │ Calculated Sequence Length: 56  (Onset=56, Offset=111, Video='EP15_05')
2026-04-01 18:55:12 │ DEBUG    │ CASMEIIUnifier                 │ CASME_II │ sub09 │ EP15_05      │ Onset=  56  Offset= 111  SeqLen= 56 │ happiness → Positive │ Frames=✓
2026-04-01 18:55:12 │ DEBUG    │ CASMEIIUnifier                 │ Calculated Sequence Length: 71  (Onset=6, Offset=76, Video='EP17_08')
2026-04-01 18:55:12 │ DEBUG    │ CASMEIIUnifier                 │ CASME_II │ sub09 │ EP17_08      │ Onset=   6  Offset=  76  SeqLen= 71 │ repression → Negative │ Frames=✓
2026-04-01 18:55:12 │ DEBUG    │ CASMEIIUnifier                 │ Calculated Sequence Length: 71  (Onset=11, Offset=81, Video='EP18_03')
2026-04-01 18:55:12 │ DEBUG    │ CASMEIIUnifier                 │ CASME_II │ sub09 │ EP18_03      │ Onset=  11  Offset=  81  SeqLen= 71 │ others → Others │ Frames=✓
2026-04-01 18:55:12 │ DEBUG    │ CASMEIIUnifier                 │ Calculated Sequence Length: 91  (Onset=11, Offset=101, Video='EP06_01f')
2026-04-01 18:55:12 │ DEBUG    │ CASMEIIUnifier                 │ CASME_II │ sub10 │ EP06_01f     │ Onset=  11  Offset= 101  SeqLen= 91 │ others → Others │ Frames=✓
2026-04-01 18:55:12 │ DEBUG    │ CASMEIIUnifier                 │ Calculated Sequence Length: 66  (Onset=76, Offset=141, Video='EP08_01f')
2026-04-01 18:55:12 │ DEBUG    │ CASMEIIUnifier                 │ CASME_II │ sub10 │ EP08_01f     │ Onset=  76  Offset= 141  SeqLen= 66 │ others → Others │ Frames=✓
2026-04-01 18:55:12 │ DEBUG    │ CASMEIIUnifier                 │ Calculated Sequence Length: 61  (Onset=111, Offset=171, Video='EP10_01f')
2026-04-01 18:55:12 │ DEBUG    │ CASMEIIUnifier                 │ CASME_II │ sub10 │ EP10_01f     │ Onset= 111  Offset= 171  SeqLen= 61 │ others → Others │ Frames=✓
2026-04-01 18:55:12 │ DEBUG    │ CASMEIIUnifier                 │ Calculated Sequence Length: 71  (Onset=31, Offset=101, Video='EP11_01')
2026-04-01 18:55:12 │ DEBUG    │ CASMEIIUnifier                 │ CASME_II │ sub10 │ EP11_01      │ Onset=  31  Offset= 101  SeqLen= 71 │ others → Others │ Frames=✓
2026-04-01 18:55:12 │ DEBUG    │ CASMEIIUnifier                 │ Calculated Sequence Length: 56  (Onset=36, Offset=91, Video='EP11_01f')
2026-04-01 18:55:12 │ DEBUG    │ CASMEIIUnifier                 │ CASME_II │ sub10 │ EP11_01f     │ Onset=  36  Offset=  91  SeqLen= 56 │ others → Others │ Frames=✓
2026-04-01 18:55:12 │ DEBUG    │ CASMEIIUnifier                 │ Calculated Sequence Length: 61  (Onset=26, Offset=86, Video='EP12_02f')
2026-04-01 18:55:12 │ DEBUG    │ CASMEIIUnifier                 │ CASME_II │ sub10 │ EP12_02f     │ Onset=  26  Offset=  86  SeqLen= 61 │ others → Others │ Frames=✓
2026-04-01 18:55:12 │ DEBUG    │ CASMEIIUnifier                 │ Calculated Sequence Length: 86  (Onset=26, Offset=111, Video='EP12_03f')
2026-04-01 18:55:12 │ DEBUG    │ CASMEIIUnifier                 │ CASME_II │ sub10 │ EP12_03f     │ Onset=  26  Offset= 111  SeqLen= 86 │ others → Others │ Frames=✓
2026-04-01 18:55:12 │ DEBUG    │ CASMEIIUnifier                 │ Calculated Sequence Length: 86  (Onset=61, Offset=146, Video='EP12_04')
2026-04-01 18:55:12 │ DEBUG    │ CASMEIIUnifier                 │ CASME_II │ sub10 │ EP12_04      │ Onset=  61  Offset= 146  SeqLen= 86 │ others → Others │ Frames=✓
2026-04-01 18:55:12 │ DEBUG    │ CASMEIIUnifier                 │ Calculated Sequence Length: 66  (Onset=11, Offset=76, Video='EP13_01')
2026-04-01 18:55:12 │ DEBUG    │ CASMEIIUnifier                 │ CASME_II │ sub10 │ EP13_01      │ Onset=  11  Offset=  76  SeqLen= 66 │ fear → Negative │ Frames=✓
2026-04-01 18:55:12 │ DEBUG    │ CASMEIIUnifier                 │ Calculated Sequence Length: 91  (Onset=41, Offset=131, Video='EP13_02f')
2026-04-01 18:55:12 │ DEBUG    │ CASMEIIUnifier                 │ CASME_II │ sub10 │ EP13_02f     │ Onset=  41  Offset= 131  SeqLen= 91 │ others → Others │ Frames=✓
2026-04-01 18:55:12 │ DEBUG    │ CASMEIIUnifier                 │ Calculated Sequence Length: 66  (Onset=11, Offset=76, Video='EP13_03f')
2026-04-01 18:55:12 │ DEBUG    │ CASMEIIUnifier                 │ CASME_II │ sub10 │ EP13_03f     │ Onset=  11  Offset=  76  SeqLen= 66 │ others → Others │ Frames=✓
2026-04-01 18:55:12 │ DEBUG    │ CASMEIIUnifier                 │ Calculated Sequence Length: 90  (Onset=21, Offset=110, Video='EP16_02f')
2026-04-01 18:55:12 │ DEBUG    │ CASMEIIUnifier                 │ CASME_II │ sub10 │ EP16_02f     │ Onset=  21  Offset= 110  SeqLen= 90 │ others → Others │ Frames=✓
2026-04-01 18:55:12 │ DEBUG    │ CASMEIIUnifier                 │ Calculated Sequence Length: 63  (Onset=11, Offset=73, Video='EP18_01f')
2026-04-01 18:55:12 │ DEBUG    │ CASMEIIUnifier                 │ CASME_II │ sub10 │ EP18_01f     │ Onset=  11  Offset=  73  SeqLen= 63 │ others → Others │ Frames=✓
2026-04-01 18:55:12 │ DEBUG    │ CASMEIIUnifier                 │ Calculated Sequence Length: 46  (Onset=81, Offset=126, Video='EP19_04f')
2026-04-01 18:55:12 │ DEBUG    │ CASMEIIUnifier                 │ CASME_II │ sub10 │ EP19_04f     │ Onset=  81  Offset= 126  SeqLen= 46 │ others → Others │ Frames=✓
2026-04-01 18:55:12 │ DEBUG    │ CASMEIIUnifier                 │ Calculated Sequence Length: 46  (Onset=71, Offset=116, Video='EP02_06f')
2026-04-01 18:55:12 │ DEBUG    │ CASMEIIUnifier                 │ CASME_II │ sub11 │ EP02_06f     │ Onset=  71  Offset= 116  SeqLen= 46 │ others → Others │ Frames=✓
2026-04-01 18:55:12 │ DEBUG    │ CASMEIIUnifier                 │ Calculated Sequence Length: 51  (Onset=96, Offset=146, Video='EP08_01f')
2026-04-01 18:55:12 │ DEBUG    │ CASMEIIUnifier                 │ CASME_II │ sub11 │ EP08_01f     │ Onset=  96  Offset= 146  SeqLen= 51 │ disgust → Negative │ Frames=✓
2026-04-01 18:55:12 │ DEBUG    │ CASMEIIUnifier                 │ Calculated Sequence Length: 95  (Onset=91, Offset=185, Video='EP12_03f')
2026-04-01 18:55:12 │ DEBUG    │ CASMEIIUnifier                 │ CASME_II │ sub11 │ EP12_03f     │ Onset=  91  Offset= 185  SeqLen= 95 │ others → Others │ Frames=✓
2026-04-01 18:55:12 │ DEBUG    │ CASMEIIUnifier                 │ Calculated Sequence Length: 91  (Onset=51, Offset=141, Video='EP13_02f')
2026-04-01 18:55:12 │ DEBUG    │ CASMEIIUnifier                 │ CASME_II │ sub11 │ EP13_02f     │ Onset=  51  Offset= 141  SeqLen= 91 │ disgust → Negative │ Frames=✓
2026-04-01 18:55:12 │ DEBUG    │ CASMEIIUnifier                 │ Calculated Sequence Length: 76  (Onset=6, Offset=81, Video='EP13_03f')
2026-04-01 18:55:12 │ DEBUG    │ CASMEIIUnifier                 │ CASME_II │ sub11 │ EP13_03f     │ Onset=   6  Offset=  81  SeqLen= 76 │ disgust → Negative │ Frames=✓
2026-04-01 18:55:12 │ DEBUG    │ CASMEIIUnifier                 │ Calculated Sequence Length: 96  (Onset=16, Offset=111, Video='EP13_05f')
2026-04-01 18:55:12 │ DEBUG    │ CASMEIIUnifier                 │ CASME_II │ sub11 │ EP13_05f     │ Onset=  16  Offset= 111  SeqLen= 96 │ disgust → Negative │ Frames=✓
2026-04-01 18:55:12 │ DEBUG    │ CASMEIIUnifier                 │ Calculated Sequence Length: 56  (Onset=56, Offset=111, Video='EP15_01f')
2026-04-01 18:55:12 │ DEBUG    │ CASMEIIUnifier                 │ CASME_II │ sub11 │ EP15_01f     │ Onset=  56  Offset= 111  SeqLen= 56 │ others → Others │ Frames=✓
2026-04-01 18:55:12 │ DEBUG    │ CASMEIIUnifier                 │ Calculated Sequence Length: 36  (Onset=61, Offset=96, Video='EP15_04f')
2026-04-01 18:55:12 │ DEBUG    │ CASMEIIUnifier                 │ CASME_II │ sub11 │ EP15_04f     │ Onset=  61  Offset=  96  SeqLen= 36 │ others → Others │ Frames=✓
2026-04-01 18:55:12 │ DEBUG    │ CASMEIIUnifier                 │ Calculated Sequence Length: 76  (Onset=56, Offset=131, Video='EP18_03f')
2026-04-01 18:55:12 │ DEBUG    │ CASMEIIUnifier                 │ CASME_II │ sub11 │ EP18_03f     │ Onset=  56  Offset= 131  SeqLen= 76 │ others → Others │ Frames=✓
2026-04-01 18:55:12 │ DEBUG    │ CASMEIIUnifier                 │ Calculated Sequence Length: 141  (Onset=11, Offset=151, Video='EP19_03f')
2026-04-01 18:55:12 │ DEBUG    │ CASMEIIUnifier                 │ CASME_II │ sub11 │ EP19_03f     │ Onset=  11  Offset= 151  SeqLen=141 │ others → Others │ Frames=✓
2026-04-01 18:55:12 │ DEBUG    │ CASMEIIUnifier                 │ Calculated Sequence Length: 76  (Onset=31, Offset=106, Video='EP01_02')
2026-04-01 18:55:12 │ DEBUG    │ CASMEIIUnifier                 │ CASME_II │ sub12 │ EP01_02      │ Onset=  31  Offset= 106  SeqLen= 76 │ disgust → Negative │ Frames=✓
2026-04-01 18:55:12 │ DEBUG    │ CASMEIIUnifier                 │ Calculated Sequence Length: 100  (Onset=41, Offset=140, Video='EP02_05')
2026-04-01 18:55:12 │ DEBUG    │ CASMEIIUnifier                 │ CASME_II │ sub12 │ EP02_05      │ Onset=  41  Offset= 140  SeqLen=100 │ surprise → Surprise │ Frames=✓
2026-04-01 18:55:12 │ DEBUG    │ CASMEIIUnifier                 │ Calculated Sequence Length: 66  (Onset=26, Offset=91, Video='EP03_02')
2026-04-01 18:55:12 │ DEBUG    │ CASMEIIUnifier                 │ CASME_II │ sub12 │ EP03_02      │ Onset=  26  Offset=  91  SeqLen= 66 │ others → Others │ Frames=✓
2026-04-01 18:55:12 │ DEBUG    │ CASMEIIUnifier                 │ Calculated Sequence Length: 97  (Onset=60, Offset=156, Video='EP03_04')
2026-04-01 18:55:12 │ DEBUG    │ CASMEIIUnifier                 │ CASME_II │ sub12 │ EP03_04      │ Onset=  60  Offset= 156  SeqLen= 97 │ happiness → Positive │ Frames=✓
2026-04-01 18:55:12 │ DEBUG    │ CASMEIIUnifier                 │ Calculated Sequence Length: 100  (Onset=36, Offset=135, Video='EP04_16')
2026-04-01 18:55:12 │ DEBUG    │ CASMEIIUnifier                 │ CASME_II │ sub12 │ EP04_16      │ Onset=  36  Offset= 135  SeqLen=100 │ disgust → Negative │ Frames=✓
2026-04-01 18:55:12 │ DEBUG    │ CASMEIIUnifier                 │ Calculated Sequence Length: 76  (Onset=36, Offset=111, Video='EP06_06')
2026-04-01 18:55:12 │ DEBUG    │ CASMEIIUnifier                 │ CASME_II │ sub12 │ EP06_06      │ Onset=  36  Offset= 111  SeqLen= 76 │ surprise → Surprise │ Frames=✓
2026-04-01 18:55:12 │ DEBUG    │ CASMEIIUnifier                 │ Calculated Sequence Length: 61  (Onset=46, Offset=106, Video='EP08_01')
2026-04-01 18:55:12 │ DEBUG    │ CASMEIIUnifier                 │ CASME_II │ sub12 │ EP08_01      │ Onset=  46  Offset= 106  SeqLen= 61 │ surprise → Surprise │ Frames=✓
2026-04-01 18:55:12 │ DEBUG    │ CASMEIIUnifier                 │ Calculated Sequence Length: 81  (Onset=76, Offset=156, Video='EP08_03')
2026-04-01 18:55:12 │ DEBUG    │ CASMEIIUnifier                 │ CASME_II │ sub12 │ EP08_03      │ Onset=  76  Offset= 156  SeqLen= 81 │ surprise → Surprise │ Frames=✓
2026-04-01 18:55:12 │ DEBUG    │ CASMEIIUnifier                 │ Calculated Sequence Length: 76  (Onset=111, Offset=186, Video='EP08_07')
2026-04-01 18:55:12 │ DEBUG    │ CASMEIIUnifier                 │ CASME_II │ sub12 │ EP08_07      │ Onset= 111  Offset= 186  SeqLen= 76 │ happiness → Positive │ Frames=✓
2026-04-01 18:55:12 │ DEBUG    │ CASMEIIUnifier                 │ Calculated Sequence Length: 86  (Onset=16, Offset=101, Video='EP09_02')
2026-04-01 18:55:12 │ DEBUG    │ CASMEIIUnifier                 │ CASME_II │ sub12 │ EP09_02      │ Onset=  16  Offset= 101  SeqLen= 86 │ disgust → Negative │ Frames=✓
2026-04-01 18:55:12 │ DEBUG    │ CASMEIIUnifier                 │ Calculated Sequence Length: 46  (Onset=66, Offset=111, Video='EP09_06')
2026-04-01 18:55:12 │ DEBUG    │ CASMEIIUnifier                 │ CASME_II │ sub12 │ EP09_06      │ Onset=  66  Offset= 111  SeqLen= 46 │ disgust → Negative │ Frames=✓
2026-04-01 18:55:12 │ DEBUG    │ CASMEIIUnifier                 │ Calculated Sequence Length: 91  (Onset=136, Offset=226, Video='EP16_02')
2026-04-01 18:55:12 │ DEBUG    │ CASMEIIUnifier                 │ CASME_II │ sub12 │ EP16_02      │ Onset= 136  Offset= 226  SeqLen= 91 │ disgust → Negative │ Frames=✓
2026-04-01 18:55:12 │ DEBUG    │ CASMEIIUnifier                 │ Calculated Sequence Length: 56  (Onset=76, Offset=131, Video='EP01_01')
2026-04-01 18:55:12 │ DEBUG    │ CASMEIIUnifier                 │ CASME_II │ sub13 │ EP01_01      │ Onset=  76  Offset= 131  SeqLen= 56 │ others → Others │ Frames=✓
2026-04-01 18:55:12 │ DEBUG    │ CASMEIIUnifier                 │ Calculated Sequence Length: 41  (Onset=76, Offset=116, Video='EP01_02')
2026-04-01 18:55:12 │ DEBUG    │ CASMEIIUnifier                 │ CASME_II │ sub13 │ EP01_02      │ Onset=  76  Offset= 116  SeqLen= 41 │ others → Others │ Frames=✓
2026-04-01 18:55:12 │ DEBUG    │ CASMEIIUnifier                 │ Calculated Sequence Length: 58  (Onset=11, Offset=68, Video='EP02_02')
2026-04-01 18:55:12 │ DEBUG    │ CASMEIIUnifier                 │ CASME_II │ sub13 │ EP02_02      │ Onset=  11  Offset=  68  SeqLen= 58 │ others → Others │ Frames=✓
2026-04-01 18:55:12 │ DEBUG    │ CASMEIIUnifier                 │ Calculated Sequence Length: 41  (Onset=26, Offset=66, Video='EP02_03')
2026-04-01 18:55:12 │ DEBUG    │ CASMEIIUnifier                 │ CASME_II │ sub13 │ EP02_03      │ Onset=  26  Offset=  66  SeqLen= 41 │ others → Others │ Frames=✓
2026-04-01 18:55:12 │ DEBUG    │ CASMEIIUnifier                 │ Calculated Sequence Length: 81  (Onset=31, Offset=111, Video='EP03_01')
2026-04-01 18:55:12 │ DEBUG    │ CASMEIIUnifier                 │ CASME_II │ sub13 │ EP03_01      │ Onset=  31  Offset= 111  SeqLen= 81 │ happiness → Positive │ Frames=✓
2026-04-01 18:55:12 │ DEBUG    │ CASMEIIUnifier                 │ Calculated Sequence Length: 53  (Onset=54, Offset=106, Video='EP08_01')
2026-04-01 18:55:12 │ DEBUG    │ CASMEIIUnifier                 │ CASME_II │ sub13 │ EP08_01      │ Onset=  54  Offset= 106  SeqLen= 53 │ others → Others │ Frames=✓
2026-04-01 18:55:12 │ DEBUG    │ CASMEIIUnifier                 │ Calculated Sequence Length: 76  (Onset=51, Offset=126, Video='EP09_10')
2026-04-01 18:55:12 │ DEBUG    │ CASMEIIUnifier                 │ CASME_II │ sub13 │ EP09_10      │ Onset=  51  Offset= 126  SeqLen= 76 │ happiness → Positive │ Frames=✓
2026-04-01 18:55:12 │ DEBUG    │ CASMEIIUnifier                 │ Calculated Sequence Length: 56  (Onset=6, Offset=61, Video='EP12_01')
2026-04-01 18:55:12 │ DEBUG    │ CASMEIIUnifier                 │ CASME_II │ sub13 │ EP12_01      │ Onset=   6  Offset=  61  SeqLen= 56 │ others → Others │ Frames=✓
2026-04-01 18:55:12 │ DEBUG    │ CASMEIIUnifier                 │ Calculated Sequence Length: 76  (Onset=11, Offset=86, Video='EP04_04f')
2026-04-01 18:55:12 │ DEBUG    │ CASMEIIUnifier                 │ CASME_II │ sub14 │ EP04_04f     │ Onset=  11  Offset=  86  SeqLen= 76 │ others → Others │ Frames=✓
2026-04-01 18:55:12 │ DEBUG    │ CASMEIIUnifier                 │ Calculated Sequence Length: 36  (Onset=6, Offset=41, Video='EP09_03')
2026-04-01 18:55:12 │ DEBUG    │ CASMEIIUnifier                 │ CASME_II │ sub14 │ EP09_03      │ Onset=   6  Offset=  41  SeqLen= 36 │ happiness → Positive │ Frames=✓
2026-04-01 18:55:12 │ DEBUG    │ CASMEIIUnifier                 │ Calculated Sequence Length: 86  (Onset=21, Offset=106, Video='EP09_04')
2026-04-01 18:55:12 │ DEBUG    │ CASMEIIUnifier                 │ CASME_II │ sub14 │ EP09_04      │ Onset=  21  Offset= 106  SeqLen= 86 │ happiness → Positive │ Frames=✓
2026-04-01 18:55:12 │ DEBUG    │ CASMEIIUnifier                 │ Calculated Sequence Length: 81  (Onset=11, Offset=91, Video='EP09_06')
2026-04-01 18:55:12 │ DEBUG    │ CASMEIIUnifier                 │ CASME_II │ sub14 │ EP09_06      │ Onset=  11  Offset=  91  SeqLen= 81 │ happiness → Positive │ Frames=✓
2026-04-01 18:55:12 │ DEBUG    │ CASMEIIUnifier                 │ Calculated Sequence Length: 61  (Onset=16, Offset=76, Video='EP03_02')
2026-04-01 18:55:12 │ DEBUG    │ CASMEIIUnifier                 │ CASME_II │ sub15 │ EP03_02      │ Onset=  16  Offset=  76  SeqLen= 61 │ happiness → Positive │ Frames=✓
2026-04-01 18:55:12 │ DEBUG    │ CASMEIIUnifier                 │ Calculated Sequence Length: 91  (Onset=21, Offset=111, Video='EP04_02')
2026-04-01 18:55:12 │ DEBUG    │ CASMEIIUnifier                 │ CASME_II │ sub15 │ EP04_02      │ Onset=  21  Offset= 111  SeqLen= 91 │ surprise → Surprise │ Frames=✓
2026-04-01 18:55:12 │ DEBUG    │ CASMEIIUnifier                 │ Calculated Sequence Length: 58  (Onset=21, Offset=78, Video='EP08_02')
2026-04-01 18:55:12 │ DEBUG    │ CASMEIIUnifier                 │ CASME_II │ sub15 │ EP08_02      │ Onset=  21  Offset=  78  SeqLen= 58 │ disgust → Negative │ Frames=✓
2026-04-01 18:55:12 │ DEBUG    │ CASMEIIUnifier                 │ Calculated Sequence Length: 91  (Onset=66, Offset=156, Video='EP01_05')
2026-04-01 18:55:12 │ DEBUG    │ CASMEIIUnifier                 │ CASME_II │ sub16 │ EP01_05      │ Onset=  66  Offset= 156  SeqLen= 91 │ happiness → Positive │ Frames=✓
2026-04-01 18:55:12 │ DEBUG    │ CASMEIIUnifier                 │ Calculated Sequence Length: 38  (Onset=73, Offset=110, Video='EP01_08')
2026-04-01 18:55:12 │ DEBUG    │ CASMEIIUnifier                 │ CASME_II │ sub16 │ EP01_08      │ Onset=  73  Offset= 110  SeqLen= 38 │ repression → Negative │ Frames=✓
2026-04-01 18:55:12 │ DEBUG    │ CASMEIIUnifier                 │ Calculated Sequence Length: 113  (Onset=51, Offset=163, Video='EP01_09f')
2026-04-01 18:55:12 │ DEBUG    │ CASMEIIUnifier                 │ CASME_II │ sub16 │ EP01_09f     │ Onset=  51  Offset= 163  SeqLen=113 │ others → Others │ Frames=✓
2026-04-01 18:55:12 │ DEBUG    │ CASMEIIUnifier                 │ Calculated Sequence Length: 91  (Onset=181, Offset=271, Video='EP04_02f')
2026-04-01 18:55:12 │ DEBUG    │ CASMEIIUnifier                 │ CASME_II │ sub16 │ EP04_02f     │ Onset= 181  Offset= 271  SeqLen= 91 │ happiness → Positive │ Frames=✓
2026-04-01 18:55:12 │ DEBUG    │ CASMEIIUnifier                 │ Calculated Sequence Length: 41  (Onset=81, Offset=121, Video='EP01_06')
2026-04-01 18:55:12 │ DEBUG    │ CASMEIIUnifier                 │ CASME_II │ sub17 │ EP01_06      │ Onset=  81  Offset= 121  SeqLen= 41 │ happiness → Positive │ Frames=✓
2026-04-01 18:55:12 │ DEBUG    │ CASMEIIUnifier                 │ Calculated Sequence Length: 91  (Onset=76, Offset=166, Video='EP01_13')
2026-04-01 18:55:12 │ DEBUG    │ CASMEIIUnifier                 │ CASME_II │ sub17 │ EP01_13      │ Onset=  76  Offset= 166  SeqLen= 91 │ surprise → Surprise │ Frames=✓
2026-04-01 18:55:12 │ DEBUG    │ CASMEIIUnifier                 │ Calculated Sequence Length: 41  (Onset=86, Offset=126, Video='EP01_15')
2026-04-01 18:55:12 │ DEBUG    │ CASMEIIUnifier                 │ CASME_II │ sub17 │ EP01_15      │ Onset=  86  Offset= 126  SeqLen= 41 │ happiness → Positive │ Frames=✓
2026-04-01 18:55:12 │ DEBUG    │ CASMEIIUnifier                 │ Calculated Sequence Length: 46  (Onset=91, Offset=136, Video='EP02_01')
2026-04-01 18:55:12 │ DEBUG    │ CASMEIIUnifier                 │ CASME_II │ sub17 │ EP02_01      │ Onset=  91  Offset= 136  SeqLen= 46 │ disgust → Negative │ Frames=✓
2026-04-01 18:55:12 │ DEBUG    │ CASMEIIUnifier                 │ Calculated Sequence Length: 51  (Onset=81, Offset=131, Video='EP02_03')
2026-04-01 18:55:12 │ DEBUG    │ CASMEIIUnifier                 │ CASME_II │ sub17 │ EP02_03      │ Onset=  81  Offset= 131  SeqLen= 51 │ disgust → Negative │ Frames=✓
2026-04-01 18:55:12 │ DEBUG    │ CASMEIIUnifier                 │ Calculated Sequence Length: 50  (Onset=161, Offset=210, Video='EP02_11')
2026-04-01 18:55:12 │ DEBUG    │ CASMEIIUnifier                 │ CASME_II │ sub17 │ EP02_11      │ Onset= 161  Offset= 210  SeqLen= 50 │ disgust → Negative │ Frames=✓
2026-04-01 18:55:12 │ DEBUG    │ CASMEIIUnifier                 │ Calculated Sequence Length: 91  (Onset=91, Offset=181, Video='EP02_18f')
2026-04-01 18:55:12 │ DEBUG    │ CASMEIIUnifier                 │ CASME_II │ sub17 │ EP02_18f     │ Onset=  91  Offset= 181  SeqLen= 91 │ repression → Negative │ Frames=✓
2026-04-01 18:55:12 │ DEBUG    │ CASMEIIUnifier                 │ Calculated Sequence Length: 44  (Onset=118, Offset=161, Video='EP03_02')
2026-04-01 18:55:12 │ DEBUG    │ CASMEIIUnifier                 │ CASME_II │ sub17 │ EP03_02      │ Onset= 118  Offset= 161  SeqLen= 44 │ disgust → Negative │ Frames=✓
2026-04-01 18:55:12 │ DEBUG    │ CASMEIIUnifier                 │ Calculated Sequence Length: 66  (Onset=96, Offset=161, Video='EP03_09')
2026-04-01 18:55:12 │ DEBUG    │ CASMEIIUnifier                 │ CASME_II │ sub17 │ EP03_09      │ Onset=  96  Offset= 161  SeqLen= 66 │ happiness → Positive │ Frames=✓
2026-04-01 18:55:12 │ DEBUG    │ CASMEIIUnifier                 │ Calculated Sequence Length: 97  (Onset=25, Offset=121, Video='EP05_02')
2026-04-01 18:55:12 │ DEBUG    │ CASMEIIUnifier                 │ CASME_II │ sub17 │ EP05_02      │ Onset=  25  Offset= 121  SeqLen= 97 │ happiness → Positive │ Frames=✓
2026-04-01 18:55:12 │ DEBUG    │ CASMEIIUnifier                 │ Calculated Sequence Length: 81  (Onset=21, Offset=101, Video='EP05_03')
2026-04-01 18:55:12 │ DEBUG    │ CASMEIIUnifier                 │ CASME_II │ sub17 │ EP05_03      │ Onset=  21  Offset= 101  SeqLen= 81 │ happiness → Positive │ Frames=✓
2026-04-01 18:55:12 │ DEBUG    │ CASMEIIUnifier                 │ Calculated Sequence Length: 66  (Onset=11, Offset=76, Video='EP05_03f')
2026-04-01 18:55:12 │ DEBUG    │ CASMEIIUnifier                 │ CASME_II │ sub17 │ EP05_03f     │ Onset=  11  Offset=  76  SeqLen= 66 │ repression → Negative │ Frames=✓
2026-04-01 18:55:12 │ DEBUG    │ CASMEIIUnifier                 │ Calculated Sequence Length: 66  (Onset=6, Offset=71, Video='EP05_04')
2026-04-01 18:55:12 │ DEBUG    │ CASMEIIUnifier                 │ CASME_II │ sub17 │ EP05_04      │ Onset=   6  Offset=  71  SeqLen= 66 │ repression → Negative │ Frames=✓
2026-04-01 18:55:12 │ DEBUG    │ CASMEIIUnifier                 │ Calculated Sequence Length: 76  (Onset=121, Offset=196, Video='EP05_09')
2026-04-01 18:55:12 │ DEBUG    │ CASMEIIUnifier                 │ CASME_II │ sub17 │ EP05_09      │ Onset= 121  Offset= 196  SeqLen= 76 │ repression → Negative │ Frames=✓
2026-04-01 18:55:12 │ DEBUG    │ CASMEIIUnifier                 │ Calculated Sequence Length: 41  (Onset=111, Offset=151, Video='EP05_10')
2026-04-01 18:55:12 │ DEBUG    │ CASMEIIUnifier                 │ CASME_II │ sub17 │ EP05_10      │ Onset= 111  Offset= 151  SeqLen= 41 │ repression → Negative │ Frames=✓
2026-04-01 18:55:12 │ DEBUG    │ CASMEIIUnifier                 │ Calculated Sequence Length: 91  (Onset=71, Offset=161, Video='EP06_04')
2026-04-01 18:55:12 │ DEBUG    │ CASMEIIUnifier                 │ CASME_II │ sub17 │ EP06_04      │ Onset=  71  Offset= 161  SeqLen= 91 │ disgust → Negative │ Frames=✓
2026-04-01 18:55:12 │ DEBUG    │ CASMEIIUnifier                 │ Calculated Sequence Length: 31  (Onset=216, Offset=246, Video='EP06_07')
2026-04-01 18:55:12 │ DEBUG    │ CASMEIIUnifier                 │ CASME_II │ sub17 │ EP06_07      │ Onset= 216  Offset= 246  SeqLen= 31 │ happiness → Positive │ Frames=✓
2026-04-01 18:55:12 │ DEBUG    │ CASMEIIUnifier                 │ Calculated Sequence Length: 76  (Onset=156, Offset=231, Video='EP06_08')
2026-04-01 18:55:12 │ DEBUG    │ CASMEIIUnifier                 │ CASME_II │ sub17 │ EP06_08      │ Onset= 156  Offset= 231  SeqLen= 76 │ repression → Negative │ Frames=✓
2026-04-01 18:55:12 │ DEBUG    │ CASMEIIUnifier                 │ Calculated Sequence Length: 95  (Onset=21, Offset=115, Video='EP07_01')
2026-04-01 18:55:12 │ DEBUG    │ CASMEIIUnifier                 │ CASME_II │ sub17 │ EP07_01      │ Onset=  21  Offset= 115  SeqLen= 95 │ disgust → Negative │ Frames=✓
2026-04-01 18:55:12 │ DEBUG    │ CASMEIIUnifier                 │ Calculated Sequence Length: 68  (Onset=21, Offset=88, Video='EP08_02')
2026-04-01 18:55:12 │ DEBUG    │ CASMEIIUnifier                 │ CASME_II │ sub17 │ EP08_02      │ Onset=  21  Offset=  88  SeqLen= 68 │ disgust → Negative │ Frames=✓
2026-04-01 18:55:12 │ DEBUG    │ CASMEIIUnifier                 │ Calculated Sequence Length: 34  (Onset=51, Offset=84, Video='EP08_03')
2026-04-01 18:55:12 │ DEBUG    │ CASMEIIUnifier                 │ CASME_II │ sub17 │ EP08_03      │ Onset=  51  Offset=  84  SeqLen= 34 │ others → Others │ Frames=✓
2026-04-01 18:55:12 │ DEBUG    │ CASMEIIUnifier                 │ Calculated Sequence Length: 58  (Onset=104, Offset=161, Video='EP10_06')
2026-04-01 18:55:12 │ DEBUG    │ CASMEIIUnifier                 │ CASME_II │ sub17 │ EP10_06      │ Onset= 104  Offset= 161  SeqLen= 58 │ repression → Negative │ Frames=✓
2026-04-01 18:55:12 │ DEBUG    │ CASMEIIUnifier                 │ Calculated Sequence Length: 45  (Onset=9, Offset=53, Video='EP11_01')
2026-04-01 18:55:12 │ DEBUG    │ CASMEIIUnifier                 │ CASME_II │ sub17 │ EP11_01      │ Onset=   9  Offset=  53  SeqLen= 45 │ disgust → Negative │ Frames=✓
2026-04-01 18:55:12 │ DEBUG    │ CASMEIIUnifier                 │ Calculated Sequence Length: 86  (Onset=36, Offset=121, Video='EP11_02')
2026-04-01 18:55:12 │ DEBUG    │ CASMEIIUnifier                 │ CASME_II │ sub17 │ EP11_02      │ Onset=  36  Offset= 121  SeqLen= 86 │ disgust → Negative │ Frames=✓
2026-04-01 18:55:12 │ DEBUG    │ CASMEIIUnifier                 │ Calculated Sequence Length: 54  (Onset=131, Offset=184, Video='EP12_03')
2026-04-01 18:55:12 │ DEBUG    │ CASMEIIUnifier                 │ CASME_II │ sub17 │ EP12_03      │ Onset= 131  Offset= 184  SeqLen= 54 │ repression → Negative │ Frames=✓
2026-04-01 18:55:12 │ DEBUG    │ CASMEIIUnifier                 │ Calculated Sequence Length: 46  (Onset=146, Offset=191, Video='EP13_01')
2026-04-01 18:55:12 │ DEBUG    │ CASMEIIUnifier                 │ CASME_II │ sub17 │ EP13_01      │ Onset= 146  Offset= 191  SeqLen= 46 │ others → Others │ Frames=✓
2026-04-01 18:55:12 │ DEBUG    │ CASMEIIUnifier                 │ Calculated Sequence Length: 86  (Onset=51, Offset=136, Video='EP13_03')
2026-04-01 18:55:12 │ DEBUG    │ CASMEIIUnifier                 │ CASME_II │ sub17 │ EP13_03      │ Onset=  51  Offset= 136  SeqLen= 86 │ disgust → Negative │ Frames=✓
2026-04-01 18:55:12 │ DEBUG    │ CASMEIIUnifier                 │ Calculated Sequence Length: 36  (Onset=86, Offset=121, Video='EP13_04')
2026-04-01 18:55:12 │ DEBUG    │ CASMEIIUnifier                 │ CASME_II │ sub17 │ EP13_04      │ Onset=  86  Offset= 121  SeqLen= 36 │ disgust → Negative │ Frames=✓
2026-04-01 18:55:12 │ DEBUG    │ CASMEIIUnifier                 │ Calculated Sequence Length: 46  (Onset=86, Offset=131, Video='EP13_06')
2026-04-01 18:55:12 │ DEBUG    │ CASMEIIUnifier                 │ CASME_II │ sub17 │ EP13_06      │ Onset=  86  Offset= 131  SeqLen= 46 │ disgust → Negative │ Frames=✓
2026-04-01 18:55:12 │ DEBUG    │ CASMEIIUnifier                 │ Calculated Sequence Length: 96  (Onset=6, Offset=101, Video='EP13_09')
2026-04-01 18:55:12 │ DEBUG    │ CASMEIIUnifier                 │ CASME_II │ sub17 │ EP13_09      │ Onset=   6  Offset= 101  SeqLen= 96 │ happiness → Positive │ Frames=✓
2026-04-01 18:55:12 │ DEBUG    │ CASMEIIUnifier                 │ Calculated Sequence Length: 31  (Onset=81, Offset=111, Video='EP15_01')
2026-04-01 18:55:12 │ DEBUG    │ CASMEIIUnifier                 │ CASME_II │ sub17 │ EP15_01      │ Onset=  81  Offset= 111  SeqLen= 31 │ sadness → Negative │ Frames=✓
2026-04-01 18:55:12 │ DEBUG    │ CASMEIIUnifier                 │ Calculated Sequence Length: 38  (Onset=319, Offset=356, Video='EP15_03')
2026-04-01 18:55:12 │ DEBUG    │ CASMEIIUnifier                 │ CASME_II │ sub17 │ EP15_03      │ Onset= 319  Offset= 356  SeqLen= 38 │ sadness → Negative │ Frames=✓
2026-04-01 18:55:12 │ DEBUG    │ CASMEIIUnifier                 │ Calculated Sequence Length: 77  (Onset=109, Offset=185, Video='EP15_04')
2026-04-01 18:55:12 │ DEBUG    │ CASMEIIUnifier                 │ CASME_II │ sub17 │ EP15_04      │ Onset= 109  Offset= 185  SeqLen= 77 │ repression → Negative │ Frames=✓
2026-04-01 18:55:12 │ DEBUG    │ CASMEIIUnifier                 │ Calculated Sequence Length: 46  (Onset=21, Offset=66, Video='EP15_05')
2026-04-01 18:55:12 │ DEBUG    │ CASMEIIUnifier                 │ CASME_II │ sub17 │ EP15_05      │ Onset=  21  Offset=  66  SeqLen= 46 │ others → Others │ Frames=✓
2026-04-01 18:55:12 │ DEBUG    │ CASMEIIUnifier                 │ Calculated Sequence Length: 64  (Onset=8, Offset=71, Video='EP16_01f')
2026-04-01 18:55:12 │ DEBUG    │ CASMEIIUnifier                 │ CASME_II │ sub17 │ EP16_01f     │ Onset=   8  Offset=  71  SeqLen= 64 │ disgust → Negative │ Frames=✓
2026-04-01 18:55:12 │ DEBUG    │ CASMEIIUnifier                 │ Calculated Sequence Length: 68  (Onset=36, Offset=103, Video='EP18_07')
2026-04-01 18:55:12 │ DEBUG    │ CASMEIIUnifier                 │ CASME_II │ sub17 │ EP18_07      │ Onset=  36  Offset= 103  SeqLen= 68 │ disgust → Negative │ Frames=✓
2026-04-01 18:55:12 │ DEBUG    │ CASMEIIUnifier                 │ Calculated Sequence Length: 37  (Onset=111, Offset=147, Video='EP08_01')
2026-04-01 18:55:12 │ DEBUG    │ CASMEIIUnifier                 │ CASME_II │ sub18 │ EP08_01      │ Onset= 111  Offset= 147  SeqLen= 37 │ others → Others │ Frames=✓
2026-04-01 18:55:12 │ DEBUG    │ CASMEIIUnifier                 │ Calculated Sequence Length: 61  (Onset=66, Offset=126, Video='EP18_01')
2026-04-01 18:55:12 │ DEBUG    │ CASMEIIUnifier                 │ CASME_II │ sub18 │ EP18_01      │ Onset=  66  Offset= 126  SeqLen= 61 │ others → Others │ Frames=✓
2026-04-01 18:55:12 │ DEBUG    │ CASMEIIUnifier                 │ Calculated Sequence Length: 46  (Onset=95, Offset=140, Video='EP19_01')
2026-04-01 18:55:12 │ DEBUG    │ CASMEIIUnifier                 │ CASME_II │ sub18 │ EP19_01      │ Onset=  95  Offset= 140  SeqLen= 46 │ others → Others │ Frames=✓
2026-04-01 18:55:12 │ DEBUG    │ CASMEIIUnifier                 │ Calculated Sequence Length: 100  (Onset=121, Offset=220, Video='EP01_01f')
2026-04-01 18:55:12 │ DEBUG    │ CASMEIIUnifier                 │ CASME_II │ sub19 │ EP01_01f     │ Onset= 121  Offset= 220  SeqLen=100 │ happiness → Positive │ Frames=✓
2026-04-01 18:55:12 │ DEBUG    │ CASMEIIUnifier                 │ Calculated Sequence Length: 92  (Onset=36, Offset=127, Video='EP01_02f')
2026-04-01 18:55:12 │ DEBUG    │ CASMEIIUnifier                 │ CASME_II │ sub19 │ EP01_02f     │ Onset=  36  Offset= 127  SeqLen= 92 │ happiness → Positive │ Frames=✓
2026-04-01 18:55:12 │ DEBUG    │ CASMEIIUnifier                 │ Calculated Sequence Length: 61  (Onset=91, Offset=151, Video='EP02_01')
2026-04-01 18:55:12 │ DEBUG    │ CASMEIIUnifier                 │ CASME_II │ sub19 │ EP02_01      │ Onset=  91  Offset= 151  SeqLen= 61 │ surprise → Surprise │ Frames=✓
2026-04-01 18:55:12 │ DEBUG    │ CASMEIIUnifier                 │ Calculated Sequence Length: 56  (Onset=146, Offset=201, Video='EP06_01f')
2026-04-01 18:55:12 │ DEBUG    │ CASMEIIUnifier                 │ CASME_II │ sub19 │ EP06_01f     │ Onset= 146  Offset= 201  SeqLen= 56 │ surprise → Surprise │ Frames=✓
2026-04-01 18:55:12 │ DEBUG    │ CASMEIIUnifier                 │ Calculated Sequence Length: 81  (Onset=211, Offset=291, Video='EP06_02f')
2026-04-01 18:55:12 │ DEBUG    │ CASMEIIUnifier                 │ CASME_II │ sub19 │ EP06_02f     │ Onset= 211  Offset= 291  SeqLen= 81 │ others → Others │ Frames=✓
2026-04-01 18:55:12 │ DEBUG    │ CASMEIIUnifier                 │ Calculated Sequence Length: 80  (Onset=76, Offset=155, Video='EP08_02')
2026-04-01 18:55:12 │ DEBUG    │ CASMEIIUnifier                 │ CASME_II │ sub19 │ EP08_02      │ Onset=  76  Offset= 155  SeqLen= 80 │ happiness → Positive │ Frames=✓
2026-04-01 18:55:12 │ DEBUG    │ CASMEIIUnifier                 │ Calculated Sequence Length: 56  (Onset=61, Offset=116, Video='EP11_01f')
2026-04-01 18:55:12 │ DEBUG    │ CASMEIIUnifier                 │ CASME_II │ sub19 │ EP11_01f     │ Onset=  61  Offset= 116  SeqLen= 56 │ others → Others │ Frames=✓
2026-04-01 18:55:12 │ DEBUG    │ CASMEIIUnifier                 │ Calculated Sequence Length: 56  (Onset=76, Offset=131, Video='EP11_04f')
2026-04-01 18:55:12 │ DEBUG    │ CASMEIIUnifier                 │ CASME_II │ sub19 │ EP11_04f     │ Onset=  76  Offset= 131  SeqLen= 56 │ surprise → Surprise │ Frames=✓
2026-04-01 18:55:12 │ DEBUG    │ CASMEIIUnifier                 │ Calculated Sequence Length: 86  (Onset=71, Offset=156, Video='EP13_01')
2026-04-01 18:55:12 │ DEBUG    │ CASMEIIUnifier                 │ CASME_II │ sub19 │ EP13_01      │ Onset=  71  Offset= 156  SeqLen= 86 │ disgust → Negative │ Frames=✓
2026-04-01 18:55:12 │ DEBUG    │ CASMEIIUnifier                 │ Calculated Sequence Length: 51  (Onset=51, Offset=101, Video='EP15_03f')
2026-04-01 18:55:12 │ DEBUG    │ CASMEIIUnifier                 │ CASME_II │ sub19 │ EP15_03f     │ Onset=  51  Offset= 101  SeqLen= 51 │ others → Others │ Frames=✓
2026-04-01 18:55:12 │ DEBUG    │ CASMEIIUnifier                 │ Calculated Sequence Length: 51  (Onset=86, Offset=136, Video='EP16_01')
2026-04-01 18:55:12 │ DEBUG    │ CASMEIIUnifier                 │ CASME_II │ sub19 │ EP16_01      │ Onset=  86  Offset= 136  SeqLen= 51 │ disgust → Negative │ Frames=✓
2026-04-01 18:55:12 │ DEBUG    │ CASMEIIUnifier                 │ Calculated Sequence Length: 41  (Onset=61, Offset=101, Video='EP16_02')
2026-04-01 18:55:12 │ DEBUG    │ CASMEIIUnifier                 │ CASME_II │ sub19 │ EP16_02      │ Onset=  61  Offset= 101  SeqLen= 41 │ disgust → Negative │ Frames=✓
2026-04-01 18:55:12 │ DEBUG    │ CASMEIIUnifier                 │ Calculated Sequence Length: 36  (Onset=66, Offset=101, Video='EP19_01')
2026-04-01 18:55:12 │ DEBUG    │ CASMEIIUnifier                 │ CASME_II │ sub19 │ EP19_01      │ Onset=  66  Offset= 101  SeqLen= 36 │ others → Others │ Frames=✓
2026-04-01 18:55:12 │ DEBUG    │ CASMEIIUnifier                 │ Calculated Sequence Length: 46  (Onset=106, Offset=151, Video='EP19_02')
2026-04-01 18:55:12 │ DEBUG    │ CASMEIIUnifier                 │ CASME_II │ sub19 │ EP19_02      │ Onset= 106  Offset= 151  SeqLen= 46 │ surprise → Surprise │ Frames=✓
2026-04-01 18:55:12 │ DEBUG    │ CASMEIIUnifier                 │ Calculated Sequence Length: 56  (Onset=61, Offset=116, Video='EP19_03')
2026-04-01 18:55:12 │ DEBUG    │ CASMEIIUnifier                 │ CASME_II │ sub19 │ EP19_03      │ Onset=  61  Offset= 116  SeqLen= 56 │ surprise → Surprise │ Frames=✓
2026-04-01 18:55:12 │ DEBUG    │ CASMEIIUnifier                 │ Calculated Sequence Length: 41  (Onset=46, Offset=86, Video='EP19_04')
2026-04-01 18:55:12 │ DEBUG    │ CASMEIIUnifier                 │ CASME_II │ sub19 │ EP19_04      │ Onset=  46  Offset=  86  SeqLen= 41 │ sadness → Negative │ Frames=✓
2026-04-01 18:55:12 │ DEBUG    │ CASMEIIUnifier                 │ Calculated Sequence Length: 51  (Onset=76, Offset=126, Video='EP01_03')
2026-04-01 18:55:12 │ DEBUG    │ CASMEIIUnifier                 │ CASME_II │ sub20 │ EP01_03      │ Onset=  76  Offset= 126  SeqLen= 51 │ disgust → Negative │ Frames=✓
2026-04-01 18:55:12 │ DEBUG    │ CASMEIIUnifier                 │ Calculated Sequence Length: 67  (Onset=45, Offset=111, Video='EP03_02')
2026-04-01 18:55:12 │ DEBUG    │ CASMEIIUnifier                 │ CASME_II │ sub20 │ EP03_02      │ Onset=  45  Offset= 111  SeqLen= 67 │ others → Others │ Frames=✓
2026-04-01 18:55:12 │ DEBUG    │ CASMEIIUnifier                 │ Calculated Sequence Length: 31  (Onset=31, Offset=61, Video='EP06_03')
2026-04-01 18:55:12 │ DEBUG    │ CASMEIIUnifier                 │ CASME_II │ sub20 │ EP06_03      │ Onset=  31  Offset=  61  SeqLen= 31 │ disgust → Negative │ Frames=✓
2026-04-01 18:55:12 │ DEBUG    │ CASMEIIUnifier                 │ Calculated Sequence Length: 56  (Onset=96, Offset=151, Video='EP07_04')
2026-04-01 18:55:12 │ DEBUG    │ CASMEIIUnifier                 │ CASME_II │ sub20 │ EP07_04      │ Onset=  96  Offset= 151  SeqLen= 56 │ others → Others │ Frames=✓
2026-04-01 18:55:12 │ DEBUG    │ CASMEIIUnifier                 │ Calculated Sequence Length: 86  (Onset=131, Offset=216, Video='EP10_02')
2026-04-01 18:55:12 │ DEBUG    │ CASMEIIUnifier                 │ CASME_II │ sub20 │ EP10_02      │ Onset= 131  Offset= 216  SeqLen= 86 │ others → Others │ Frames=✓
2026-04-01 18:55:12 │ DEBUG    │ CASMEIIUnifier                 │ Calculated Sequence Length: 66  (Onset=41, Offset=106, Video='EP12_01')
2026-04-01 18:55:12 │ DEBUG    │ CASMEIIUnifier                 │ CASME_II │ sub20 │ EP12_01      │ Onset=  41  Offset= 106  SeqLen= 66 │ others → Others │ Frames=✓
2026-04-01 18:55:12 │ DEBUG    │ CASMEIIUnifier                 │ Calculated Sequence Length: 51  (Onset=71, Offset=121, Video='EP13_02')
2026-04-01 18:55:12 │ DEBUG    │ CASMEIIUnifier                 │ CASME_II │ sub20 │ EP13_02      │ Onset=  71  Offset= 121  SeqLen= 51 │ others → Others │ Frames=✓
2026-04-01 18:55:12 │ DEBUG    │ CASMEIIUnifier                 │ Calculated Sequence Length: 96  (Onset=86, Offset=181, Video='EP15_03f')
2026-04-01 18:55:12 │ DEBUG    │ CASMEIIUnifier                 │ CASME_II │ sub20 │ EP15_03f     │ Onset=  86  Offset= 181  SeqLen= 96 │ others → Others │ Frames=✓
2026-04-01 18:55:12 │ DEBUG    │ CASMEIIUnifier                 │ Calculated Sequence Length: 41  (Onset=71, Offset=111, Video='EP16_01')
2026-04-01 18:55:12 │ DEBUG    │ CASMEIIUnifier                 │ CASME_II │ sub20 │ EP16_01      │ Onset=  71  Offset= 111  SeqLen= 41 │ others → Others │ Frames=✓
2026-04-01 18:55:12 │ DEBUG    │ CASMEIIUnifier                 │ Calculated Sequence Length: 41  (Onset=81, Offset=121, Video='EP16_04')
2026-04-01 18:55:12 │ DEBUG    │ CASMEIIUnifier                 │ CASME_II │ sub20 │ EP16_04      │ Onset=  81  Offset= 121  SeqLen= 41 │ others → Others │ Frames=✓
2026-04-01 18:55:12 │ DEBUG    │ CASMEIIUnifier                 │ Calculated Sequence Length: 79  (Onset=48, Offset=126, Video='EP18_03')
2026-04-01 18:55:12 │ DEBUG    │ CASMEIIUnifier                 │ CASME_II │ sub20 │ EP18_03      │ Onset=  48  Offset= 126  SeqLen= 79 │ others → Others │ Frames=✓
2026-04-01 18:55:12 │ DEBUG    │ CASMEIIUnifier                 │ Calculated Sequence Length: 31  (Onset=6, Offset=36, Video='EP01_07')
2026-04-01 18:55:12 │ DEBUG    │ CASMEIIUnifier                 │ CASME_II │ sub21 │ EP01_07      │ Onset=   6  Offset=  36  SeqLen= 31 │ others → Others │ Frames=✓
2026-04-01 18:55:12 │ DEBUG    │ CASMEIIUnifier                 │ Calculated Sequence Length: 96  (Onset=111, Offset=206, Video='EP05_02')
2026-04-01 18:55:12 │ DEBUG    │ CASMEIIUnifier                 │ CASME_II │ sub21 │ EP05_02      │ Onset= 111  Offset= 206  SeqLen= 96 │ repression → Negative │ Frames=✓
2026-04-01 18:55:12 │ DEBUG    │ CASMEIIUnifier                 │ Calculated Sequence Length: 97  (Onset=50, Offset=146, Video='EP01_12')
2026-04-01 18:55:12 │ DEBUG    │ CASMEIIUnifier                 │ CASME_II │ sub22 │ EP01_12      │ Onset=  50  Offset= 146  SeqLen= 97 │ repression → Negative │ Frames=✓
2026-04-01 18:55:12 │ DEBUG    │ CASMEIIUnifier                 │ Calculated Sequence Length: 106  (Onset=151, Offset=256, Video='EP13_08')
2026-04-01 18:55:12 │ DEBUG    │ CASMEIIUnifier                 │ CASME_II │ sub22 │ EP13_08      │ Onset= 151  Offset= 256  SeqLen=106 │ repression → Negative │ Frames=✓
2026-04-01 18:55:12 │ DEBUG    │ CASMEIIUnifier                 │ Calculated Sequence Length: 95  (Onset=36, Offset=130, Video='EP02_01')
2026-04-01 18:55:12 │ DEBUG    │ CASMEIIUnifier                 │ CASME_II │ sub23 │ EP02_01      │ Onset=  36  Offset= 130  SeqLen= 95 │ happiness → Positive │ Frames=✓
2026-04-01 18:55:12 │ DEBUG    │ CASMEIIUnifier                 │ Calculated Sequence Length: 61  (Onset=51, Offset=111, Video='EP03_14f')
2026-04-01 18:55:12 │ DEBUG    │ CASMEIIUnifier                 │ CASME_II │ sub23 │ EP03_14f     │ Onset=  51  Offset= 111  SeqLen= 61 │ disgust → Negative │ Frames=✓
2026-04-01 18:55:12 │ DEBUG    │ CASMEIIUnifier                 │ Calculated Sequence Length: 100  (Onset=16, Offset=115, Video='EP04_03f')
2026-04-01 18:55:12 │ DEBUG    │ CASMEIIUnifier                 │ CASME_II │ sub23 │ EP04_03f     │ Onset=  16  Offset= 115  SeqLen=100 │ repression → Negative │ Frames=✓
2026-04-01 18:55:12 │ DEBUG    │ CASMEIIUnifier                 │ Calculated Sequence Length: 66  (Onset=106, Offset=171, Video='EP05_24f')
2026-04-01 18:55:12 │ DEBUG    │ CASMEIIUnifier                 │ CASME_II │ sub23 │ EP05_24f     │ Onset= 106  Offset= 171  SeqLen= 66 │ repression → Negative │ Frames=✓
2026-04-01 18:55:12 │ DEBUG    │ CASMEIIUnifier                 │ Calculated Sequence Length: 81  (Onset=51, Offset=131, Video='EP05_25f')
2026-04-01 18:55:12 │ DEBUG    │ CASMEIIUnifier                 │ CASME_II │ sub23 │ EP05_25f     │ Onset=  51  Offset= 131  SeqLen= 81 │ disgust → Negative │ Frames=✓
2026-04-01 18:55:12 │ DEBUG    │ CASMEIIUnifier                 │ Calculated Sequence Length: 61  (Onset=36, Offset=96, Video='EP07_01')
2026-04-01 18:55:12 │ DEBUG    │ CASMEIIUnifier                 │ CASME_II │ sub23 │ EP07_01      │ Onset=  36  Offset=  96  SeqLen= 61 │ others → Others │ Frames=✓
2026-04-01 18:55:12 │ DEBUG    │ CASMEIIUnifier                 │ Calculated Sequence Length: 85  (Onset=46, Offset=130, Video='EP12_02f')
2026-04-01 18:55:12 │ DEBUG    │ CASMEIIUnifier                 │ CASME_II │ sub23 │ EP12_02f     │ Onset=  46  Offset= 130  SeqLen= 85 │ disgust → Negative │ Frames=✓
2026-04-01 18:55:12 │ DEBUG    │ CASMEIIUnifier                 │ Calculated Sequence Length: 76  (Onset=86, Offset=161, Video='EP12_03')
2026-04-01 18:55:12 │ DEBUG    │ CASMEIIUnifier                 │ CASME_II │ sub23 │ EP12_03      │ Onset=  86  Offset= 161  SeqLen= 76 │ disgust → Negative │ Frames=✓
2026-04-01 18:55:12 │ DEBUG    │ CASMEIIUnifier                 │ Calculated Sequence Length: 56  (Onset=36, Offset=91, Video='EP13_03')
2026-04-01 18:55:12 │ DEBUG    │ CASMEIIUnifier                 │ CASME_II │ sub23 │ EP13_03      │ Onset=  36  Offset=  91  SeqLen= 56 │ others → Others │ Frames=✓
2026-04-01 18:55:12 │ DEBUG    │ CASMEIIUnifier                 │ Calculated Sequence Length: 66  (Onset=21, Offset=86, Video='EP13_04')
2026-04-01 18:55:12 │ DEBUG    │ CASMEIIUnifier                 │ CASME_II │ sub23 │ EP13_04      │ Onset=  21  Offset=  86  SeqLen= 66 │ repression → Negative │ Frames=✓
2026-04-01 18:55:12 │ DEBUG    │ CASMEIIUnifier                 │ Calculated Sequence Length: 71  (Onset=56, Offset=126, Video='EP13_07f')
2026-04-01 18:55:12 │ DEBUG    │ CASMEIIUnifier                 │ CASME_II │ sub23 │ EP13_07f     │ Onset=  56  Offset= 126  SeqLen= 71 │ others → Others │ Frames=✓
2026-04-01 18:55:12 │ DEBUG    │ CASMEIIUnifier                 │ Calculated Sequence Length: 66  (Onset=81, Offset=146, Video='EP17_01')
2026-04-01 18:55:12 │ DEBUG    │ CASMEIIUnifier                 │ CASME_II │ sub23 │ EP17_01      │ Onset=  81  Offset= 146  SeqLen= 66 │ others → Others │ Frames=✓
2026-04-01 18:55:12 │ DEBUG    │ CASMEIIUnifier                 │ Calculated Sequence Length: 99  (Onset=33, Offset=131, Video='EP01_08')
2026-04-01 18:55:12 │ DEBUG    │ CASMEIIUnifier                 │ CASME_II │ sub24 │ EP01_08      │ Onset=  33  Offset= 131  SeqLen= 99 │ disgust → Negative │ Frames=✓
2026-04-01 18:55:12 │ DEBUG    │ CASMEIIUnifier                 │ Calculated Sequence Length: 36  (Onset=71, Offset=106, Video='EP02_02f')
2026-04-01 18:55:12 │ DEBUG    │ CASMEIIUnifier                 │ CASME_II │ sub24 │ EP02_02f     │ Onset=  71  Offset= 106  SeqLen= 36 │ disgust → Negative │ Frames=✓
2026-04-01 18:55:12 │ DEBUG    │ CASMEIIUnifier                 │ Calculated Sequence Length: 43  (Onset=24, Offset=66, Video='EP07_01')
2026-04-01 18:55:12 │ DEBUG    │ CASMEIIUnifier                 │ CASME_II │ sub24 │ EP07_01      │ Onset=  24  Offset=  66  SeqLen= 43 │ sadness → Negative │ Frames=✓
2026-04-01 18:55:12 │ DEBUG    │ CASMEIIUnifier                 │ Calculated Sequence Length: 38  (Onset=4, Offset=41, Video='EP07_04f')
2026-04-01 18:55:12 │ DEBUG    │ CASMEIIUnifier                 │ CASME_II │ sub24 │ EP07_04f     │ Onset=   4  Offset=  41  SeqLen= 38 │ sadness → Negative │ Frames=✓
2026-04-01 18:55:12 │ DEBUG    │ CASMEIIUnifier                 │ Calculated Sequence Length: 61  (Onset=121, Offset=181, Video='EP08_02')
2026-04-01 18:55:12 │ DEBUG    │ CASMEIIUnifier                 │ CASME_II │ sub24 │ EP08_02      │ Onset= 121  Offset= 181  SeqLen= 61 │ others → Others │ Frames=✓
2026-04-01 18:55:12 │ DEBUG    │ CASMEIIUnifier                 │ Calculated Sequence Length: 24  (Onset=131, Offset=154, Video='EP10_01f')
2026-04-01 18:55:12 │ DEBUG    │ CASMEIIUnifier                 │ CASME_II │ sub24 │ EP10_01f     │ Onset= 131  Offset= 154  SeqLen= 24 │ others → Others │ Frames=✓
2026-04-01 18:55:12 │ DEBUG    │ CASMEIIUnifier                 │ Calculated Sequence Length: 36  (Onset=101, Offset=136, Video='EP10_02')
2026-04-01 18:55:12 │ DEBUG    │ CASMEIIUnifier                 │ CASME_II │ sub24 │ EP10_02      │ Onset= 101  Offset= 136  SeqLen= 36 │ others → Others │ Frames=✓
2026-04-01 18:55:12 │ DEBUG    │ CASMEIIUnifier                 │ Calculated Sequence Length: 43  (Onset=334, Offset=376, Video='EP10_03')
2026-04-01 18:55:12 │ DEBUG    │ CASMEIIUnifier                 │ CASME_II │ sub24 │ EP10_03      │ Onset= 334  Offset= 376  SeqLen= 43 │ sadness → Negative │ Frames=✓
2026-04-01 18:55:12 │ DEBUG    │ CASMEIIUnifier                 │ Calculated Sequence Length: 41  (Onset=81, Offset=121, Video='EP12_01')
2026-04-01 18:55:12 │ DEBUG    │ CASMEIIUnifier                 │ CASME_II │ sub24 │ EP12_01      │ Onset=  81  Offset= 121  SeqLen= 41 │ others → Others │ Frames=✓
2026-04-01 18:55:12 │ DEBUG    │ CASMEIIUnifier                 │ Calculated Sequence Length: 36  (Onset=53, Offset=88, Video='EP18_03')
2026-04-01 18:55:12 │ DEBUG    │ CASMEIIUnifier                 │ CASME_II │ sub24 │ EP18_03      │ Onset=  53  Offset=  88  SeqLen= 36 │ surprise → Surprise │ Frames=✓
2026-04-01 18:55:12 │ DEBUG    │ CASMEIIUnifier                 │ Calculated Sequence Length: 61  (Onset=56, Offset=116, Video='EP03_01')
2026-04-01 18:55:12 │ DEBUG    │ CASMEIIUnifier                 │ CASME_II │ sub25 │ EP03_01      │ Onset=  56  Offset= 116  SeqLen= 61 │ others → Others │ Frames=✓
2026-04-01 18:55:12 │ DEBUG    │ CASMEIIUnifier                 │ Calculated Sequence Length: 84  (Onset=51, Offset=134, Video='EP03_02')
2026-04-01 18:55:12 │ DEBUG    │ CASMEIIUnifier                 │ CASME_II │ sub25 │ EP03_02      │ Onset=  51  Offset= 134  SeqLen= 84 │ others → Others │ Frames=✓
2026-04-01 18:55:12 │ DEBUG    │ CASMEIIUnifier                 │ Calculated Sequence Length: 36  (Onset=76, Offset=111, Video='EP09_02')
2026-04-01 18:55:12 │ DEBUG    │ CASMEIIUnifier                 │ CASME_II │ sub25 │ EP09_02      │ Onset=  76  Offset= 111  SeqLen= 36 │ disgust → Negative │ Frames=✓
2026-04-01 18:55:12 │ DEBUG    │ CASMEIIUnifier                 │ Calculated Sequence Length: 76  (Onset=101, Offset=176, Video='EP10_01')
2026-04-01 18:55:12 │ DEBUG    │ CASMEIIUnifier                 │ CASME_II │ sub25 │ EP10_01      │ Onset= 101  Offset= 176  SeqLen= 76 │ disgust → Negative │ Frames=✓
2026-04-01 18:55:12 │ DEBUG    │ CASMEIIUnifier                 │ Calculated Sequence Length: 98  (Onset=61, Offset=158, Video='EP10_10')
2026-04-01 18:55:12 │ DEBUG    │ CASMEIIUnifier                 │ CASME_II │ sub25 │ EP10_10      │ Onset=  61  Offset= 158  SeqLen= 98 │ surprise → Surprise │ Frames=✓
2026-04-01 18:55:12 │ DEBUG    │ CASMEIIUnifier                 │ Calculated Sequence Length: 56  (Onset=131, Offset=186, Video='EP12_01')
2026-04-01 18:55:12 │ DEBUG    │ CASMEIIUnifier                 │ CASME_II │ sub25 │ EP12_01      │ Onset= 131  Offset= 186  SeqLen= 56 │ surprise → Surprise │ Frames=✓
2026-04-01 18:55:12 │ DEBUG    │ CASMEIIUnifier                 │ Calculated Sequence Length: 41  (Onset=76, Offset=116, Video='EP18_04f')
2026-04-01 18:55:12 │ DEBUG    │ CASMEIIUnifier                 │ CASME_II │ sub25 │ EP18_04f     │ Onset=  76  Offset= 116  SeqLen= 41 │ disgust → Negative │ Frames=✓
2026-04-01 18:55:12 │ DEBUG    │ CASMEIIUnifier                 │ Calculated Sequence Length: 86  (Onset=116, Offset=201, Video='EP03_10')
2026-04-01 18:55:12 │ DEBUG    │ CASMEIIUnifier                 │ CASME_II │ sub26 │ EP03_10      │ Onset= 116  Offset= 201  SeqLen= 86 │ happiness → Positive │ Frames=✓
2026-04-01 18:55:12 │ DEBUG    │ CASMEIIUnifier                 │ Calculated Sequence Length: 41  (Onset=31, Offset=71, Video='EP07_28')
2026-04-01 18:55:12 │ DEBUG    │ CASMEIIUnifier                 │ CASME_II │ sub26 │ EP07_28      │ Onset=  31  Offset=  71  SeqLen= 41 │ others → Others │ Frames=✓
2026-04-01 18:55:12 │ DEBUG    │ CASMEIIUnifier                 │ Calculated Sequence Length: 99  (Onset=92, Offset=190, Video='EP07_37')
2026-04-01 18:55:12 │ DEBUG    │ CASMEIIUnifier                 │ CASME_II │ sub26 │ EP07_37      │ Onset=  92  Offset= 190  SeqLen= 99 │ others → Others │ Frames=✓
2026-04-01 18:55:12 │ DEBUG    │ CASMEIIUnifier                 │ Calculated Sequence Length: 59  (Onset=31, Offset=89, Video='EP08_04')
2026-04-01 18:55:12 │ DEBUG    │ CASMEIIUnifier                 │ CASME_II │ sub26 │ EP08_04      │ Onset=  31  Offset=  89  SeqLen= 59 │ others → Others │ Frames=✓
2026-04-01 18:55:12 │ DEBUG    │ CASMEIIUnifier                 │ Calculated Sequence Length: 61  (Onset=31, Offset=91, Video='EP09_04')
2026-04-01 18:55:12 │ DEBUG    │ CASMEIIUnifier                 │ CASME_II │ sub26 │ EP09_04      │ Onset=  31  Offset=  91  SeqLen= 61 │ disgust → Negative │ Frames=✓
2026-04-01 18:55:12 │ DEBUG    │ CASMEIIUnifier                 │ Calculated Sequence Length: 56  (Onset=46, Offset=101, Video='EP09_09')
2026-04-01 18:55:12 │ DEBUG    │ CASMEIIUnifier                 │ CASME_II │ sub26 │ EP09_09      │ Onset=  46  Offset= 101  SeqLen= 56 │ disgust → Negative │ Frames=✓
2026-04-01 18:55:12 │ DEBUG    │ CASMEIIUnifier                 │ Calculated Sequence Length: 58  (Onset=4, Offset=61, Video='EP13_01')
2026-04-01 18:55:12 │ DEBUG    │ CASMEIIUnifier                 │ CASME_II │ sub26 │ EP13_01      │ Onset=   4  Offset=  61  SeqLen= 58 │ others → Others │ Frames=✓
2026-04-01 18:55:12 │ DEBUG    │ CASMEIIUnifier                 │ Calculated Sequence Length: 85  (Onset=32, Offset=116, Video='EP13_02')
2026-04-01 18:55:12 │ DEBUG    │ CASMEIIUnifier                 │ CASME_II │ sub26 │ EP13_02      │ Onset=  32  Offset= 116  SeqLen= 85 │ happiness → Positive │ Frames=✓
2026-04-01 18:55:12 │ DEBUG    │ CASMEIIUnifier                 │ Calculated Sequence Length: 82  (Onset=20, Offset=101, Video='EP13_11')
2026-04-01 18:55:12 │ DEBUG    │ CASMEIIUnifier                 │ CASME_II │ sub26 │ EP13_11      │ Onset=  20  Offset= 101  SeqLen= 82 │ disgust → Negative │ Frames=✓
2026-04-01 18:55:12 │ DEBUG    │ CASMEIIUnifier                 │ Calculated Sequence Length: 40  (Onset=42, Offset=81, Video='EP15_01')
2026-04-01 18:55:12 │ DEBUG    │ CASMEIIUnifier                 │ CASME_II │ sub26 │ EP15_01      │ Onset=  42  Offset=  81  SeqLen= 40 │ sadness → Negative │ Frames=✓
2026-04-01 18:55:12 │ DEBUG    │ CASMEIIUnifier                 │ Calculated Sequence Length: 51  (Onset=26, Offset=76, Video='EP16_01')
2026-04-01 18:55:12 │ DEBUG    │ CASMEIIUnifier                 │ CASME_II │ sub26 │ EP16_01      │ Onset=  26  Offset=  76  SeqLen= 51 │ disgust → Negative │ Frames=✓
2026-04-01 18:55:12 │ DEBUG    │ CASMEIIUnifier                 │ Calculated Sequence Length: 61  (Onset=11, Offset=71, Video='EP18_44')
2026-04-01 18:55:12 │ DEBUG    │ CASMEIIUnifier                 │ CASME_II │ sub26 │ EP18_44      │ Onset=  11  Offset=  71  SeqLen= 61 │ disgust → Negative │ Frames=✓
2026-04-01 18:55:12 │ DEBUG    │ CASMEIIUnifier                 │ Calculated Sequence Length: 71  (Onset=31, Offset=101, Video='EP18_46')
2026-04-01 18:55:12 │ DEBUG    │ CASMEIIUnifier                 │ CASME_II │ sub26 │ EP18_46      │ Onset=  31  Offset= 101  SeqLen= 71 │ others → Others │ Frames=✓
2026-04-01 18:55:12 │ DEBUG    │ CASMEIIUnifier                 │ Calculated Sequence Length: 81  (Onset=6, Offset=86, Video='EP18_47')
2026-04-01 18:55:12 │ DEBUG    │ CASMEIIUnifier                 │ CASME_II │ sub26 │ EP18_47      │ Onset=   6  Offset=  86  SeqLen= 81 │ disgust → Negative │ Frames=✓
2026-04-01 18:55:12 │ DEBUG    │ CASMEIIUnifier                 │ Calculated Sequence Length: 65  (Onset=16, Offset=80, Video='EP18_49')
2026-04-01 18:55:12 │ DEBUG    │ CASMEIIUnifier                 │ CASME_II │ sub26 │ EP18_49      │ Onset=  16  Offset=  80  SeqLen= 65 │ disgust → Negative │ Frames=✓
2026-04-01 18:55:12 │ DEBUG    │ CASMEIIUnifier                 │ Calculated Sequence Length: 84  (Onset=78, Offset=161, Video='EP18_50')
2026-04-01 18:55:12 │ DEBUG    │ CASMEIIUnifier                 │ CASME_II │ sub26 │ EP18_50      │ Onset=  78  Offset= 161  SeqLen= 84 │ disgust → Negative │ Frames=✓
2026-04-01 18:55:12 │ DEBUG    │ CASMEIIUnifier                 │ Calculated Sequence Length: 61  (Onset=21, Offset=81, Video='EP18_51')
2026-04-01 18:55:12 │ DEBUG    │ CASMEIIUnifier                 │ CASME_II │ sub26 │ EP18_51      │ Onset=  21  Offset=  81  SeqLen= 61 │ disgust → Negative │ Frames=✓
2026-04-01 18:55:12 │ INFO     │ CASMEIIUnifier                 │ CASME II unification complete.  255 samples processed.
2026-04-01 18:55:12 │ INFO     │ CASMEIIUnifier                 │ Transformation complete.  Shape: (255, 15)
2026-04-01 18:55:12 │ INFO     │ CASMEIIUnifier                 │ Unified emotion distribution:
Unified_Emotion
Others      99
Negative    99
Positive    32
Surprise    25
2026-04-01 18:55:12 │ INFO     │ CASMEIIUnifier                 │ Sequence Length stats (valid only):  min=24  max=141  mean=67.2  median=61.0  std=22.6
2026-04-01 18:55:12 │ INFO     │ CASMEIIUnifier                 │ Validation passed.  Final sample count: 255
2026-04-01 18:55:12 │ INFO     │ PipelineManager                │ Saved intermediate CSV: C:\Users\Addhyan\Desktop\Thesis\Thesis3\Processed_Data\intermediates\casme_ii_unified.csv  (255 rows)
2026-04-01 18:55:12 │ INFO     │ CheckpointManager              │ Checkpoint SAVED — block 'CASME_II_metadata' marked completed.
2026-04-01 18:55:12 │ DEBUG    │ CASME2SquaredUnifier           │ Logger 'CASME2SquaredUnifier' initialised.  Console=INFO  File=DEBUG  → C:\Users\Addhyan\Desktop\Thesis\Thesis3\Stage1_DataPipeline\logs\pipeline_step1.log
2026-04-01 18:55:12 │ INFO     │ CASME2SquaredUnifier           │ ══════════════════════════════════════════════════════════════════════
2026-04-01 18:55:12 │ INFO     │ CASME2SquaredUnifier           │ Starting unification for: CASME2SquaredUnifier
2026-04-01 18:55:12 │ INFO     │ CASME2SquaredUnifier           │ ══════════════════════════════════════════════════════════════════════
2026-04-01 18:55:12 │ INFO     │ CASME2SquaredUnifier           │ Reading CAS(ME)^2 Excel (header=None): C:\Users\Addhyan\Desktop\Thesis\Thesis3\DATASETS\CAS(ME)^2code_final.xlsx
2026-04-01 18:55:12 │ INFO     │ CASME2SquaredUnifier           │ Successfully read 357 rows × 9 columns from CAS(ME)^2 Excel.
2026-04-01 18:55:12 │ INFO     │ CASME2SquaredUnifier           │ Raw DataFrame loaded.  Shape: (357, 9)
2026-04-01 18:55:12 │ DEBUG    │ CASME2SquaredUnifier           │ Calculated Sequence Length: 52  (Onset=557, Offset=608, Video='anger1_1')
2026-04-01 18:55:12 │ DEBUG    │ CASME2SquaredUnifier           │ CAS(ME)^2 cross-check: raw_emotion='anger' → unified='Negative', coarse_category='negative'
2026-04-01 18:55:12 │ DEBUG    │ CASME2SquaredUnifier           │ Frames directory NOT found: C:\Users\Addhyan\Desktop\Thesis\Thesis3\DATASETS\cropped\1\anger1_1
2026-04-01 18:55:12 │ DEBUG    │ CASME2SquaredUnifier           │ CASME2_SQ │ s01 │ anger1_1        │ macro-expression │ Onset=  557  Offset=  608  SeqLen=  52 │ anger → Negative │ Frames=✗
2026-04-01 18:55:12 │ DEBUG    │ CASME2SquaredUnifier           │ Calculated Sequence Length: 18  (Onset=2854, Offset=2871, Video='anger1_2')
2026-04-01 18:55:12 │ DEBUG    │ CASME2SquaredUnifier           │ CAS(ME)^2 cross-check: raw_emotion='sadness' → unified='Negative', coarse_category='others'
2026-04-01 18:55:12 │ DEBUG    │ CASME2SquaredUnifier           │ Frames directory NOT found: C:\Users\Addhyan\Desktop\Thesis\Thesis3\DATASETS\cropped\1\anger1_2
2026-04-01 18:55:12 │ DEBUG    │ CASME2SquaredUnifier           │ CASME2_SQ │ s01 │ anger1_2        │ macro-expression │ Onset= 2854  Offset= 2871  SeqLen=  18 │ sadness → Negative │ Frames=✗
2026-04-01 18:55:12 │ DEBUG    │ CASME2SquaredUnifier           │ Offset is 0 or negative for 'anger2_1' — marking sequence length as -1 (unknown).
2026-04-01 18:55:12 │ DEBUG    │ CASME2SquaredUnifier           │ CAS(ME)^2 cross-check: raw_emotion='anger' → unified='Negative', coarse_category='negative'
2026-04-01 18:55:12 │ DEBUG    │ CASME2SquaredUnifier           │ Frames directory NOT found: C:\Users\Addhyan\Desktop\Thesis\Thesis3\DATASETS\cropped\1\anger2_1
2026-04-01 18:55:12 │ DEBUG    │ CASME2SquaredUnifier           │ CASME2_SQ │ s01 │ anger2_1        │ macro-expression │ Onset= 2155  Offset=    0  SeqLen=  -1 │ anger → Negative │ Frames=✗
2026-04-01 18:55:12 │ DEBUG    │ CASME2SquaredUnifier           │ Calculated Sequence Length: 21  (Onset=3363, Offset=3383, Video='anger2_2')
2026-04-01 18:55:12 │ DEBUG    │ CASME2SquaredUnifier           │ CAS(ME)^2 cross-check: raw_emotion='anger' → unified='Negative', coarse_category='negative'
2026-04-01 18:55:12 │ DEBUG    │ CASME2SquaredUnifier           │ Frames directory NOT found: C:\Users\Addhyan\Desktop\Thesis\Thesis3\DATASETS\cropped\1\anger2_2
2026-04-01 18:55:12 │ DEBUG    │ CASME2SquaredUnifier           │ CASME2_SQ │ s01 │ anger2_2        │ macro-expression │ Onset= 3363  Offset= 3383  SeqLen=  21 │ anger → Negative │ Frames=✗
2026-04-01 18:55:12 │ DEBUG    │ CASME2SquaredUnifier           │ Calculated Sequence Length: 28  (Onset=3380, Offset=3407, Video='anger2_3')
2026-04-01 18:55:12 │ DEBUG    │ CASME2SquaredUnifier           │ CAS(ME)^2 cross-check: raw_emotion='anger' → unified='Negative', coarse_category='negative'
2026-04-01 18:55:12 │ DEBUG    │ CASME2SquaredUnifier           │ Frames directory NOT found: C:\Users\Addhyan\Desktop\Thesis\Thesis3\DATASETS\cropped\1\anger2_3
2026-04-01 18:55:12 │ DEBUG    │ CASME2SquaredUnifier           │ CASME2_SQ │ s01 │ anger2_3        │ macro-expression │ Onset= 3380  Offset= 3407  SeqLen=  28 │ anger → Negative │ Frames=✗
2026-04-01 18:55:12 │ DEBUG    │ CASME2SquaredUnifier           │ Calculated Sequence Length: 85  (Onset=3738, Offset=3822, Video='anger2_4')
2026-04-01 18:55:12 │ DEBUG    │ CASME2SquaredUnifier           │ CAS(ME)^2 cross-check: raw_emotion='anger' → unified='Negative', coarse_category='negative'
2026-04-01 18:55:12 │ DEBUG    │ CASME2SquaredUnifier           │ Frames directory NOT found: C:\Users\Addhyan\Desktop\Thesis\Thesis3\DATASETS\cropped\1\anger2_4
2026-04-01 18:55:12 │ DEBUG    │ CASME2SquaredUnifier           │ CASME2_SQ │ s01 │ anger2_4        │ macro-expression │ Onset= 3738  Offset= 3822  SeqLen=  85 │ anger → Negative │ Frames=✗
2026-04-01 18:55:12 │ DEBUG    │ CASME2SquaredUnifier           │ Calculated Sequence Length: 19  (Onset=3761, Offset=3779, Video='anger2_5')
2026-04-01 18:55:12 │ DEBUG    │ CASME2SquaredUnifier           │ CAS(ME)^2 cross-check: raw_emotion='anger' → unified='Negative', coarse_category='negative'
2026-04-01 18:55:12 │ DEBUG    │ CASME2SquaredUnifier           │ Frames directory NOT found: C:\Users\Addhyan\Desktop\Thesis\Thesis3\DATASETS\cropped\1\anger2_5
2026-04-01 18:55:12 │ DEBUG    │ CASME2SquaredUnifier           │ CASME2_SQ │ s01 │ anger2_5        │ macro-expression │ Onset= 3761  Offset= 3779  SeqLen=  19 │ anger → Negative │ Frames=✗
2026-04-01 18:55:12 │ DEBUG    │ CASME2SquaredUnifier           │ Calculated Sequence Length: 72  (Onset=1195, Offset=1266, Video='disgust1_1')
2026-04-01 18:55:12 │ DEBUG    │ CASME2SquaredUnifier           │ CAS(ME)^2 cross-check: raw_emotion='fear' → unified='Negative', coarse_category='negative'
2026-04-01 18:55:12 │ DEBUG    │ CASME2SquaredUnifier           │ Frames directory NOT found: C:\Users\Addhyan\Desktop\Thesis\Thesis3\DATASETS\cropped\1\disgust1_1
2026-04-01 18:55:12 │ DEBUG    │ CASME2SquaredUnifier           │ CASME2_SQ │ s01 │ disgust1_1      │ macro-expression │ Onset= 1195  Offset= 1266  SeqLen=  72 │ fear → Negative │ Frames=✗
2026-04-01 18:55:12 │ DEBUG    │ CASME2SquaredUnifier           │ Calculated Sequence Length: 35  (Onset=396, Offset=430, Video='disgust2_1')
2026-04-01 18:55:12 │ DEBUG    │ CASME2SquaredUnifier           │ CAS(ME)^2 cross-check: raw_emotion='fear' → unified='Negative', coarse_category='negative'
2026-04-01 18:55:12 │ DEBUG    │ CASME2SquaredUnifier           │ Frames directory NOT found: C:\Users\Addhyan\Desktop\Thesis\Thesis3\DATASETS\cropped\1\disgust2_1
2026-04-01 18:55:12 │ DEBUG    │ CASME2SquaredUnifier           │ CASME2_SQ │ s01 │ disgust2_1      │ macro-expression │ Onset=  396  Offset=  430  SeqLen=  35 │ fear → Negative │ Frames=✗
2026-04-01 18:55:12 │ DEBUG    │ CASME2SquaredUnifier           │ Calculated Sequence Length: 29  (Onset=407, Offset=435, Video='disgust2_2')
2026-04-01 18:55:12 │ DEBUG    │ CASME2SquaredUnifier           │ CAS(ME)^2 cross-check: raw_emotion='fear' → unified='Negative', coarse_category='negative'
2026-04-01 18:55:12 │ DEBUG    │ CASME2SquaredUnifier           │ Frames directory NOT found: C:\Users\Addhyan\Desktop\Thesis\Thesis3\DATASETS\cropped\1\disgust2_2
2026-04-01 18:55:12 │ DEBUG    │ CASME2SquaredUnifier           │ CASME2_SQ │ s01 │ disgust2_2      │ macro-expression │ Onset=  407  Offset=  435  SeqLen=  29 │ fear → Negative │ Frames=✗
2026-04-01 18:55:12 │ DEBUG    │ CASME2SquaredUnifier           │ Calculated Sequence Length: 9  (Onset=699, Offset=707, Video='disgust2_3')
2026-04-01 18:55:12 │ DEBUG    │ CASME2SquaredUnifier           │ CAS(ME)^2 cross-check: raw_emotion='disgust' → unified='Negative', coarse_category='others'
2026-04-01 18:55:12 │ DEBUG    │ CASME2SquaredUnifier           │ Frames directory NOT found: C:\Users\Addhyan\Desktop\Thesis\Thesis3\DATASETS\cropped\1\disgust2_3
2026-04-01 18:55:12 │ DEBUG    │ CASME2SquaredUnifier           │ CASME2_SQ │ s01 │ disgust2_3      │ micro-expression │ Onset=  699  Offset=  707  SeqLen=   9 │ disgust → Negative │ Frames=✗
2026-04-01 18:55:12 │ DEBUG    │ CASME2SquaredUnifier           │ Calculated Sequence Length: 22  (Onset=781, Offset=802, Video='disgust2_4')
2026-04-01 18:55:12 │ DEBUG    │ CASME2SquaredUnifier           │ CAS(ME)^2 cross-check: raw_emotion='disgust' → unified='Negative', coarse_category='negative'
2026-04-01 18:55:12 │ DEBUG    │ CASME2SquaredUnifier           │ Frames directory NOT found: C:\Users\Addhyan\Desktop\Thesis\Thesis3\DATASETS\cropped\1\disgust2_4
2026-04-01 18:55:12 │ DEBUG    │ CASME2SquaredUnifier           │ CASME2_SQ │ s01 │ disgust2_4      │ macro-expression │ Onset=  781  Offset=  802  SeqLen=  22 │ disgust → Negative │ Frames=✗
2026-04-01 18:55:12 │ DEBUG    │ CASME2SquaredUnifier           │ Calculated Sequence Length: 11  (Onset=138, Offset=148, Video='happy1_1')
2026-04-01 18:55:12 │ DEBUG    │ CASME2SquaredUnifier           │ CAS(ME)^2 cross-check: raw_emotion='happiness' → unified='Positive', coarse_category='others'
2026-04-01 18:55:12 │ DEBUG    │ CASME2SquaredUnifier           │ Frames directory NOT found: C:\Users\Addhyan\Desktop\Thesis\Thesis3\DATASETS\cropped\1\happy1_1
2026-04-01 18:55:12 │ DEBUG    │ CASME2SquaredUnifier           │ CASME2_SQ │ s01 │ happy1_1        │ micro-expression │ Onset=  138  Offset=  148  SeqLen=  11 │ happiness → Positive │ Frames=✗
2026-04-01 18:55:12 │ DEBUG    │ CASME2SquaredUnifier           │ Offset is 0 or negative for 'happy1_2' — marking sequence length as -1 (unknown).
2026-04-01 18:55:12 │ DEBUG    │ CASME2SquaredUnifier           │ CAS(ME)^2 cross-check: raw_emotion='happiness' → unified='Positive', coarse_category='positive'
2026-04-01 18:55:12 │ DEBUG    │ CASME2SquaredUnifier           │ Frames directory NOT found: C:\Users\Addhyan\Desktop\Thesis\Thesis3\DATASETS\cropped\1\happy1_2
2026-04-01 18:55:12 │ DEBUG    │ CASME2SquaredUnifier           │ CASME2_SQ │ s01 │ happy1_2        │ macro-expression │ Onset=  178  Offset=    0  SeqLen=  -1 │ happiness → Positive │ Frames=✗
2026-04-01 18:55:12 │ DEBUG    │ CASME2SquaredUnifier           │ Calculated Sequence Length: 25  (Onset=2203, Offset=2227, Video='happy1_3')
2026-04-01 18:55:12 │ DEBUG    │ CASME2SquaredUnifier           │ CAS(ME)^2 cross-check: raw_emotion='happiness' → unified='Positive', coarse_category='positive'
2026-04-01 18:55:12 │ DEBUG    │ CASME2SquaredUnifier           │ Frames directory NOT found: C:\Users\Addhyan\Desktop\Thesis\Thesis3\DATASETS\cropped\1\happy1_3
2026-04-01 18:55:12 │ DEBUG    │ CASME2SquaredUnifier           │ CASME2_SQ │ s01 │ happy1_3        │ macro-expression │ Onset= 2203  Offset= 2227  SeqLen=  25 │ happiness → Positive │ Frames=✗
2026-04-01 18:55:12 │ DEBUG    │ CASME2SquaredUnifier           │ Calculated Sequence Length: 54  (Onset=2457, Offset=2510, Video='happy2_1')
2026-04-01 18:55:12 │ DEBUG    │ CASME2SquaredUnifier           │ CAS(ME)^2 cross-check: raw_emotion='happiness' → unified='Positive', coarse_category='positive'
2026-04-01 18:55:12 │ DEBUG    │ CASME2SquaredUnifier           │ Frames directory NOT found: C:\Users\Addhyan\Desktop\Thesis\Thesis3\DATASETS\cropped\1\happy2_1
2026-04-01 18:55:12 │ DEBUG    │ CASME2SquaredUnifier           │ CASME2_SQ │ s01 │ happy2_1        │ macro-expression │ Onset= 2457  Offset= 2510  SeqLen=  54 │ happiness → Positive │ Frames=✗
2026-04-01 18:55:12 │ DEBUG    │ CASME2SquaredUnifier           │ Calculated Sequence Length: 34  (Onset=1403, Offset=1436, Video='happy3_1')
2026-04-01 18:55:12 │ DEBUG    │ CASME2SquaredUnifier           │ CAS(ME)^2 cross-check: raw_emotion='happiness' → unified='Positive', coarse_category='others'
2026-04-01 18:55:12 │ DEBUG    │ CASME2SquaredUnifier           │ Frames directory NOT found: C:\Users\Addhyan\Desktop\Thesis\Thesis3\DATASETS\cropped\1\happy3_1
2026-04-01 18:55:12 │ DEBUG    │ CASME2SquaredUnifier           │ CASME2_SQ │ s01 │ happy3_1        │ macro-expression │ Onset= 1403  Offset= 1436  SeqLen=  34 │ happiness → Positive │ Frames=✗
2026-04-01 18:55:12 │ DEBUG    │ CASME2SquaredUnifier           │ Calculated Sequence Length: 64  (Onset=554, Offset=617, Video='anger1_1')
2026-04-01 18:55:12 │ DEBUG    │ CASME2SquaredUnifier           │ CAS(ME)^2 cross-check: raw_emotion='anger' → unified='Negative', coarse_category='negative'
2026-04-01 18:55:12 │ DEBUG    │ CASME2SquaredUnifier           │ Frames directory NOT found: C:\Users\Addhyan\Desktop\Thesis\Thesis3\DATASETS\cropped\2\anger1_1
2026-04-01 18:55:12 │ DEBUG    │ CASME2SquaredUnifier           │ CASME2_SQ │ s02 │ anger1_1        │ macro-expression │ Onset=  554  Offset=  617  SeqLen=  64 │ anger → Negative │ Frames=✗
2026-04-01 18:55:12 │ DEBUG    │ CASME2SquaredUnifier           │ Calculated Sequence Length: 45  (Onset=1656, Offset=1700, Video='anger1_2')
2026-04-01 18:55:12 │ DEBUG    │ CASME2SquaredUnifier           │ CAS(ME)^2 cross-check: raw_emotion='anger' → unified='Negative', coarse_category='negative'
2026-04-01 18:55:12 │ DEBUG    │ CASME2SquaredUnifier           │ Frames directory NOT found: C:\Users\Addhyan\Desktop\Thesis\Thesis3\DATASETS\cropped\2\anger1_2
2026-04-01 18:55:12 │ DEBUG    │ CASME2SquaredUnifier           │ CASME2_SQ │ s02 │ anger1_2        │ macro-expression │ Onset= 1656  Offset= 1700  SeqLen=  45 │ anger → Negative │ Frames=✗
2026-04-01 18:55:12 │ DEBUG    │ CASME2SquaredUnifier           │ Calculated Sequence Length: 40  (Onset=1741, Offset=1780, Video='anger1_3')
2026-04-01 18:55:12 │ DEBUG    │ CASME2SquaredUnifier           │ CAS(ME)^2 cross-check: raw_emotion='anger' → unified='Negative', coarse_category='negative'
2026-04-01 18:55:12 │ DEBUG    │ CASME2SquaredUnifier           │ Frames directory NOT found: C:\Users\Addhyan\Desktop\Thesis\Thesis3\DATASETS\cropped\2\anger1_3
2026-04-01 18:55:12 │ DEBUG    │ CASME2SquaredUnifier           │ CASME2_SQ │ s02 │ anger1_3        │ macro-expression │ Onset= 1741  Offset= 1780  SeqLen=  40 │ anger → Negative │ Frames=✗
2026-04-01 18:55:12 │ DEBUG    │ CASME2SquaredUnifier           │ Calculated Sequence Length: 20  (Onset=3580, Offset=3599, Video='anger1_4')
2026-04-01 18:55:12 │ DEBUG    │ CASME2SquaredUnifier           │ CAS(ME)^2 cross-check: raw_emotion='sadness' → unified='Negative', coarse_category='negative'
2026-04-01 18:55:12 │ DEBUG    │ CASME2SquaredUnifier           │ Frames directory NOT found: C:\Users\Addhyan\Desktop\Thesis\Thesis3\DATASETS\cropped\2\anger1_4
2026-04-01 18:55:12 │ DEBUG    │ CASME2SquaredUnifier           │ CASME2_SQ │ s02 │ anger1_4        │ macro-expression │ Onset= 3580  Offset= 3599  SeqLen=  20 │ sadness → Negative │ Frames=✗
2026-04-01 18:55:12 │ DEBUG    │ CASME2SquaredUnifier           │ Calculated Sequence Length: 43  (Onset=415, Offset=457, Video='anger2_1')
2026-04-01 18:55:12 │ DEBUG    │ CASME2SquaredUnifier           │ CAS(ME)^2 cross-check: raw_emotion='anger' → unified='Negative', coarse_category='negative'
2026-04-01 18:55:12 │ DEBUG    │ CASME2SquaredUnifier           │ Frames directory NOT found: C:\Users\Addhyan\Desktop\Thesis\Thesis3\DATASETS\cropped\2\anger2_1
2026-04-01 18:55:12 │ DEBUG    │ CASME2SquaredUnifier           │ CASME2_SQ │ s02 │ anger2_1        │ macro-expression │ Onset=  415  Offset=  457  SeqLen=  43 │ anger → Negative │ Frames=✗
2026-04-01 18:55:12 │ DEBUG    │ CASME2SquaredUnifier           │ Calculated Sequence Length: 35  (Onset=1382, Offset=1416, Video='anger2_2')
2026-04-01 18:55:12 │ DEBUG    │ CASME2SquaredUnifier           │ CAS(ME)^2 cross-check: raw_emotion='anger' → unified='Negative', coarse_category='negative'
2026-04-01 18:55:12 │ DEBUG    │ CASME2SquaredUnifier           │ Frames directory NOT found: C:\Users\Addhyan\Desktop\Thesis\Thesis3\DATASETS\cropped\2\anger2_2
2026-04-01 18:55:12 │ DEBUG    │ CASME2SquaredUnifier           │ CASME2_SQ │ s02 │ anger2_2        │ macro-expression │ Onset= 1382  Offset= 1416  SeqLen=  35 │ anger → Negative │ Frames=✗
2026-04-01 18:55:12 │ DEBUG    │ CASME2SquaredUnifier           │ Calculated Sequence Length: 38  (Onset=1540, Offset=1577, Video='anger2_3')
2026-04-01 18:55:12 │ DEBUG    │ CASME2SquaredUnifier           │ CAS(ME)^2 cross-check: raw_emotion='surprise' → unified='Surprise', coarse_category='negative'
2026-04-01 18:55:12 │ DEBUG    │ CASME2SquaredUnifier           │ Frames directory NOT found: C:\Users\Addhyan\Desktop\Thesis\Thesis3\DATASETS\cropped\2\anger2_3
2026-04-01 18:55:12 │ DEBUG    │ CASME2SquaredUnifier           │ CASME2_SQ │ s02 │ anger2_3        │ macro-expression │ Onset= 1540  Offset= 1577  SeqLen=  38 │ surprise → Surprise │ Frames=✗
2026-04-01 18:55:12 │ DEBUG    │ CASME2SquaredUnifier           │ Calculated Sequence Length: 47  (Onset=1865, Offset=1911, Video='anger2_4')
2026-04-01 18:55:12 │ DEBUG    │ CASME2SquaredUnifier           │ CAS(ME)^2 cross-check: raw_emotion='anger' → unified='Negative', coarse_category='negative'
2026-04-01 18:55:12 │ DEBUG    │ CASME2SquaredUnifier           │ Frames directory NOT found: C:\Users\Addhyan\Desktop\Thesis\Thesis3\DATASETS\cropped\2\anger2_4
2026-04-01 18:55:12 │ DEBUG    │ CASME2SquaredUnifier           │ CASME2_SQ │ s02 │ anger2_4        │ macro-expression │ Onset= 1865  Offset= 1911  SeqLen=  47 │ anger → Negative │ Frames=✗
2026-04-01 18:55:12 │ DEBUG    │ CASME2SquaredUnifier           │ Calculated Sequence Length: 62  (Onset=2149, Offset=2210, Video='anger2_5')
2026-04-01 18:55:12 │ DEBUG    │ CASME2SquaredUnifier           │ CAS(ME)^2 cross-check: raw_emotion='anger' → unified='Negative', coarse_category='negative'
2026-04-01 18:55:12 │ DEBUG    │ CASME2SquaredUnifier           │ Frames directory NOT found: C:\Users\Addhyan\Desktop\Thesis\Thesis3\DATASETS\cropped\2\anger2_5
2026-04-01 18:55:12 │ DEBUG    │ CASME2SquaredUnifier           │ CASME2_SQ │ s02 │ anger2_5        │ macro-expression │ Onset= 2149  Offset= 2210  SeqLen=  62 │ anger → Negative │ Frames=✗
2026-04-01 18:55:12 │ DEBUG    │ CASME2SquaredUnifier           │ Calculated Sequence Length: 41  (Onset=2712, Offset=2752, Video='anger2_6')
2026-04-01 18:55:12 │ DEBUG    │ CASME2SquaredUnifier           │ CAS(ME)^2 cross-check: raw_emotion='helpless' → unified='Others', coarse_category='others'
2026-04-01 18:55:12 │ DEBUG    │ CASME2SquaredUnifier           │ Frames directory NOT found: C:\Users\Addhyan\Desktop\Thesis\Thesis3\DATASETS\cropped\2\anger2_6
2026-04-01 18:55:12 │ DEBUG    │ CASME2SquaredUnifier           │ CASME2_SQ │ s02 │ anger2_6        │ macro-expression │ Onset= 2712  Offset= 2752  SeqLen=  41 │ helpless → Others │ Frames=✗
2026-04-01 18:55:12 │ DEBUG    │ CASME2SquaredUnifier           │ Calculated Sequence Length: 33  (Onset=2905, Offset=2937, Video='anger2_7')
2026-04-01 18:55:12 │ DEBUG    │ CASME2SquaredUnifier           │ CAS(ME)^2 cross-check: raw_emotion='anger' → unified='Negative', coarse_category='negative'
2026-04-01 18:55:12 │ DEBUG    │ CASME2SquaredUnifier           │ Frames directory NOT found: C:\Users\Addhyan\Desktop\Thesis\Thesis3\DATASETS\cropped\2\anger2_7
2026-04-01 18:55:12 │ DEBUG    │ CASME2SquaredUnifier           │ CASME2_SQ │ s02 │ anger2_7        │ macro-expression │ Onset= 2905  Offset= 2937  SeqLen=  33 │ anger → Negative │ Frames=✗
2026-04-01 18:55:12 │ DEBUG    │ CASME2SquaredUnifier           │ Calculated Sequence Length: 53  (Onset=3409, Offset=3461, Video='anger2_8')
2026-04-01 18:55:12 │ DEBUG    │ CASME2SquaredUnifier           │ CAS(ME)^2 cross-check: raw_emotion='anger' → unified='Negative', coarse_category='negative'
2026-04-01 18:55:12 │ DEBUG    │ CASME2SquaredUnifier           │ Frames directory NOT found: C:\Users\Addhyan\Desktop\Thesis\Thesis3\DATASETS\cropped\2\anger2_8
2026-04-01 18:55:12 │ DEBUG    │ CASME2SquaredUnifier           │ CASME2_SQ │ s02 │ anger2_8        │ macro-expression │ Onset= 3409  Offset= 3461  SeqLen=  53 │ anger → Negative │ Frames=✗
2026-04-01 18:55:12 │ DEBUG    │ CASME2SquaredUnifier           │ Offset is 0 or negative for 'anger2_9' — marking sequence length as -1 (unknown).
2026-04-01 18:55:12 │ DEBUG    │ CASME2SquaredUnifier           │ CAS(ME)^2 cross-check: raw_emotion='anger' → unified='Negative', coarse_category='negative'
2026-04-01 18:55:12 │ DEBUG    │ CASME2SquaredUnifier           │ Frames directory NOT found: C:\Users\Addhyan\Desktop\Thesis\Thesis3\DATASETS\cropped\2\anger2_9
2026-04-01 18:55:12 │ DEBUG    │ CASME2SquaredUnifier           │ CASME2_SQ │ s02 │ anger2_9        │ macro-expression │ Onset= 3932  Offset=    0  SeqLen=  -1 │ anger → Negative │ Frames=✗
2026-04-01 18:55:12 │ DEBUG    │ CASME2SquaredUnifier           │ Calculated Sequence Length: 33  (Onset=167, Offset=199, Video='disgust1_1')
2026-04-01 18:55:12 │ DEBUG    │ CASME2SquaredUnifier           │ CAS(ME)^2 cross-check: raw_emotion='fear' → unified='Negative', coarse_category='negative'
2026-04-01 18:55:12 │ DEBUG    │ CASME2SquaredUnifier           │ Frames directory NOT found: C:\Users\Addhyan\Desktop\Thesis\Thesis3\DATASETS\cropped\2\disgust1_1
2026-04-01 18:55:12 │ DEBUG    │ CASME2SquaredUnifier           │ CASME2_SQ │ s02 │ disgust1_1      │ macro-expression │ Onset=  167  Offset=  199  SeqLen=  33 │ fear → Negative │ Frames=✗
2026-04-01 18:55:12 │ DEBUG    │ CASME2SquaredUnifier           │ Offset is 0 or negative for 'disgust1_2' — marking sequence length as -1 (unknown).
2026-04-01 18:55:12 │ DEBUG    │ CASME2SquaredUnifier           │ CAS(ME)^2 cross-check: raw_emotion='fear' → unified='Negative', coarse_category='negative'
2026-04-01 18:55:12 │ DEBUG    │ CASME2SquaredUnifier           │ Frames directory NOT found: C:\Users\Addhyan\Desktop\Thesis\Thesis3\DATASETS\cropped\2\disgust1_2
2026-04-01 18:55:12 │ DEBUG    │ CASME2SquaredUnifier           │ CASME2_SQ │ s02 │ disgust1_2      │ macro-expression │ Onset=  333  Offset=    0  SeqLen=  -1 │ fear → Negative │ Frames=✗
2026-04-01 18:55:12 │ DEBUG    │ CASME2SquaredUnifier           │ Calculated Sequence Length: 14  (Onset=552, Offset=565, Video='disgust1_3')
2026-04-01 18:55:12 │ DEBUG    │ CASME2SquaredUnifier           │ CAS(ME)^2 cross-check: raw_emotion='disgust' → unified='Negative', coarse_category='surprise'
2026-04-01 18:55:12 │ DEBUG    │ CASME2SquaredUnifier           │ Frames directory NOT found: C:\Users\Addhyan\Desktop\Thesis\Thesis3\DATASETS\cropped\2\disgust1_3
2026-04-01 18:55:12 │ DEBUG    │ CASME2SquaredUnifier           │ CASME2_SQ │ s02 │ disgust1_3      │ micro-expression │ Onset=  552  Offset=  565  SeqLen=  14 │ disgust → Negative │ Frames=✗
2026-04-01 18:55:12 │ DEBUG    │ CASME2SquaredUnifier           │ Calculated Sequence Length: 29  (Onset=697, Offset=725, Video='disgust1_4')
2026-04-01 18:55:12 │ DEBUG    │ CASME2SquaredUnifier           │ CAS(ME)^2 cross-check: raw_emotion='fear' → unified='Negative', coarse_category='negative'
2026-04-01 18:55:12 │ DEBUG    │ CASME2SquaredUnifier           │ Frames directory NOT found: C:\Users\Addhyan\Desktop\Thesis\Thesis3\DATASETS\cropped\2\disgust1_4
2026-04-01 18:55:12 │ DEBUG    │ CASME2SquaredUnifier           │ CASME2_SQ │ s02 │ disgust1_4      │ macro-expression │ Onset=  697  Offset=  725  SeqLen=  29 │ fear → Negative │ Frames=✗
2026-04-01 18:55:12 │ DEBUG    │ CASME2SquaredUnifier           │ Calculated Sequence Length: 51  (Onset=915, Offset=965, Video='disgust1_5')
2026-04-01 18:55:12 │ DEBUG    │ CASME2SquaredUnifier           │ CAS(ME)^2 cross-check: raw_emotion='fear' → unified='Negative', coarse_category='negative'
2026-04-01 18:55:12 │ DEBUG    │ CASME2SquaredUnifier           │ Frames directory NOT found: C:\Users\Addhyan\Desktop\Thesis\Thesis3\DATASETS\cropped\2\disgust1_5
2026-04-01 18:55:12 │ DEBUG    │ CASME2SquaredUnifier           │ CASME2_SQ │ s02 │ disgust1_5      │ macro-expression │ Onset=  915  Offset=  965  SeqLen=  51 │ fear → Negative │ Frames=✗
2026-04-01 18:55:12 │ DEBUG    │ CASME2SquaredUnifier           │ Calculated Sequence Length: 57  (Onset=1228, Offset=1284, Video='disgust1_6')
2026-04-01 18:55:12 │ DEBUG    │ CASME2SquaredUnifier           │ CAS(ME)^2 cross-check: raw_emotion='fear' → unified='Negative', coarse_category='negative'
2026-04-01 18:55:12 │ DEBUG    │ CASME2SquaredUnifier           │ Frames directory NOT found: C:\Users\Addhyan\Desktop\Thesis\Thesis3\DATASETS\cropped\2\disgust1_6
2026-04-01 18:55:12 │ DEBUG    │ CASME2SquaredUnifier           │ CASME2_SQ │ s02 │ disgust1_6      │ macro-expression │ Onset= 1228  Offset= 1284  SeqLen=  57 │ fear → Negative │ Frames=✗
2026-04-01 18:55:12 │ DEBUG    │ CASME2SquaredUnifier           │ Calculated Sequence Length: 45  (Onset=1792, Offset=1836, Video='disgust1_7')
2026-04-01 18:55:12 │ DEBUG    │ CASME2SquaredUnifier           │ CAS(ME)^2 cross-check: raw_emotion='disgust' → unified='Negative', coarse_category='negative'
2026-04-01 18:55:12 │ DEBUG    │ CASME2SquaredUnifier           │ Frames directory NOT found: C:\Users\Addhyan\Desktop\Thesis\Thesis3\DATASETS\cropped\2\disgust1_7
2026-04-01 18:55:12 │ DEBUG    │ CASME2SquaredUnifier           │ CASME2_SQ │ s02 │ disgust1_7      │ macro-expression │ Onset= 1792  Offset= 1836  SeqLen=  45 │ disgust → Negative │ Frames=✗
2026-04-01 18:55:12 │ DEBUG    │ CASME2SquaredUnifier           │ Calculated Sequence Length: 49  (Onset=1794, Offset=1842, Video='disgust1_8')
2026-04-01 18:55:12 │ DEBUG    │ CASME2SquaredUnifier           │ CAS(ME)^2 cross-check: raw_emotion='disgust' → unified='Negative', coarse_category='negative'
2026-04-01 18:55:12 │ DEBUG    │ CASME2SquaredUnifier           │ Frames directory NOT found: C:\Users\Addhyan\Desktop\Thesis\Thesis3\DATASETS\cropped\2\disgust1_8
2026-04-01 18:55:12 │ DEBUG    │ CASME2SquaredUnifier           │ CASME2_SQ │ s02 │ disgust1_8      │ macro-expression │ Onset= 1794  Offset= 1842  SeqLen=  49 │ disgust → Negative │ Frames=✗
2026-04-01 18:55:12 │ DEBUG    │ CASME2SquaredUnifier           │ Calculated Sequence Length: 54  (Onset=187, Offset=240, Video='disgust2_1')
2026-04-01 18:55:12 │ DEBUG    │ CASME2SquaredUnifier           │ CAS(ME)^2 cross-check: raw_emotion='disgust' → unified='Negative', coarse_category='negative'
2026-04-01 18:55:12 │ DEBUG    │ CASME2SquaredUnifier           │ Frames directory NOT found: C:\Users\Addhyan\Desktop\Thesis\Thesis3\DATASETS\cropped\2\disgust2_1
2026-04-01 18:55:12 │ DEBUG    │ CASME2SquaredUnifier           │ CASME2_SQ │ s02 │ disgust2_1      │ macro-expression │ Onset=  187  Offset=  240  SeqLen=  54 │ disgust → Negative │ Frames=✗
2026-04-01 18:55:12 │ DEBUG    │ CASME2SquaredUnifier           │ Calculated Sequence Length: 76  (Onset=173, Offset=248, Video='disgust2_2')
2026-04-01 18:55:12 │ DEBUG    │ CASME2SquaredUnifier           │ CAS(ME)^2 cross-check: raw_emotion='disgust' → unified='Negative', coarse_category='others'
2026-04-01 18:55:12 │ DEBUG    │ CASME2SquaredUnifier           │ Frames directory NOT found: C:\Users\Addhyan\Desktop\Thesis\Thesis3\DATASETS\cropped\2\disgust2_2
2026-04-01 18:55:12 │ DEBUG    │ CASME2SquaredUnifier           │ CASME2_SQ │ s02 │ disgust2_2      │ macro-expression │ Onset=  173  Offset=  248  SeqLen=  76 │ disgust → Negative │ Frames=✗
2026-04-01 18:55:12 │ DEBUG    │ CASME2SquaredUnifier           │ Calculated Sequence Length: 9  (Onset=270, Offset=278, Video='disgust2_3')
2026-04-01 18:55:12 │ DEBUG    │ CASME2SquaredUnifier           │ CAS(ME)^2 cross-check: raw_emotion='disgust' → unified='Negative', coarse_category='negative'
2026-04-01 18:55:12 │ DEBUG    │ CASME2SquaredUnifier           │ Frames directory NOT found: C:\Users\Addhyan\Desktop\Thesis\Thesis3\DATASETS\cropped\2\disgust2_3
2026-04-01 18:55:12 │ DEBUG    │ CASME2SquaredUnifier           │ CASME2_SQ │ s02 │ disgust2_3      │ micro-expression │ Onset=  270  Offset=  278  SeqLen=   9 │ disgust → Negative │ Frames=✗
2026-04-01 18:55:12 │ DEBUG    │ CASME2SquaredUnifier           │ Calculated Sequence Length: 84  (Onset=317, Offset=400, Video='disgust2_4')
2026-04-01 18:55:12 │ DEBUG    │ CASME2SquaredUnifier           │ CAS(ME)^2 cross-check: raw_emotion='disgust' → unified='Negative', coarse_category='negative'
2026-04-01 18:55:12 │ DEBUG    │ CASME2SquaredUnifier           │ Frames directory NOT found: C:\Users\Addhyan\Desktop\Thesis\Thesis3\DATASETS\cropped\2\disgust2_4
2026-04-01 18:55:12 │ DEBUG    │ CASME2SquaredUnifier           │ CASME2_SQ │ s02 │ disgust2_4      │ macro-expression │ Onset=  317  Offset=  400  SeqLen=  84 │ disgust → Negative │ Frames=✗
2026-04-01 18:55:12 │ DEBUG    │ CASME2SquaredUnifier           │ Calculated Sequence Length: 35  (Onset=322, Offset=356, Video='disgust2_5')
2026-04-01 18:55:12 │ DEBUG    │ CASME2SquaredUnifier           │ CAS(ME)^2 cross-check: raw_emotion='disgust' → unified='Negative', coarse_category='negative'
2026-04-01 18:55:12 │ DEBUG    │ CASME2SquaredUnifier           │ Frames directory NOT found: C:\Users\Addhyan\Desktop\Thesis\Thesis3\DATASETS\cropped\2\disgust2_5
2026-04-01 18:55:12 │ DEBUG    │ CASME2SquaredUnifier           │ CASME2_SQ │ s02 │ disgust2_5      │ macro-expression │ Onset=  322  Offset=  356  SeqLen=  35 │ disgust → Negative │ Frames=✗
2026-04-01 18:55:12 │ DEBUG    │ CASME2SquaredUnifier           │ Calculated Sequence Length: 38  (Onset=322, Offset=359, Video='disgust2_6')
2026-04-01 18:55:12 │ DEBUG    │ CASME2SquaredUnifier           │ CAS(ME)^2 cross-check: raw_emotion='disgust' → unified='Negative', coarse_category='others'
2026-04-01 18:55:12 │ DEBUG    │ CASME2SquaredUnifier           │ Frames directory NOT found: C:\Users\Addhyan\Desktop\Thesis\Thesis3\DATASETS\cropped\2\disgust2_6
2026-04-01 18:55:12 │ DEBUG    │ CASME2SquaredUnifier           │ CASME2_SQ │ s02 │ disgust2_6      │ macro-expression │ Onset=  322  Offset=  359  SeqLen=  38 │ disgust → Negative │ Frames=✗
2026-04-01 18:55:12 │ DEBUG    │ CASME2SquaredUnifier           │ Calculated Sequence Length: 26  (Onset=420, Offset=445, Video='disgust2_7')
2026-04-01 18:55:12 │ DEBUG    │ CASME2SquaredUnifier           │ CAS(ME)^2 cross-check: raw_emotion='disgust' → unified='Negative', coarse_category='negative'
2026-04-01 18:55:12 │ DEBUG    │ CASME2SquaredUnifier           │ Frames directory NOT found: C:\Users\Addhyan\Desktop\Thesis\Thesis3\DATASETS\cropped\2\disgust2_7
2026-04-01 18:55:12 │ DEBUG    │ CASME2SquaredUnifier           │ CASME2_SQ │ s02 │ disgust2_7      │ macro-expression │ Onset=  420  Offset=  445  SeqLen=  26 │ disgust → Negative │ Frames=✗
2026-04-01 18:55:12 │ DEBUG    │ CASME2SquaredUnifier           │ Calculated Sequence Length: 18  (Onset=526, Offset=543, Video='disgust2_8')
2026-04-01 18:55:12 │ DEBUG    │ CASME2SquaredUnifier           │ CAS(ME)^2 cross-check: raw_emotion='disgust' → unified='Negative', coarse_category='negative'
2026-04-01 18:55:12 │ DEBUG    │ CASME2SquaredUnifier           │ Frames directory NOT found: C:\Users\Addhyan\Desktop\Thesis\Thesis3\DATASETS\cropped\2\disgust2_8
2026-04-01 18:55:12 │ DEBUG    │ CASME2SquaredUnifier           │ CASME2_SQ │ s02 │ disgust2_8      │ macro-expression │ Onset=  526  Offset=  543  SeqLen=  18 │ disgust → Negative │ Frames=✗
2026-04-01 18:55:12 │ DEBUG    │ CASME2SquaredUnifier           │ Calculated Sequence Length: 22  (Onset=720, Offset=741, Video='disgust2_9')
2026-04-01 18:55:12 │ DEBUG    │ CASME2SquaredUnifier           │ CAS(ME)^2 cross-check: raw_emotion='disgust' → unified='Negative', coarse_category='others'
2026-04-01 18:55:12 │ DEBUG    │ CASME2SquaredUnifier           │ Frames directory NOT found: C:\Users\Addhyan\Desktop\Thesis\Thesis3\DATASETS\cropped\2\disgust2_9
2026-04-01 18:55:12 │ DEBUG    │ CASME2SquaredUnifier           │ CASME2_SQ │ s02 │ disgust2_9      │ macro-expression │ Onset=  720  Offset=  741  SeqLen=  22 │ disgust → Negative │ Frames=✗
2026-04-01 18:55:12 │ DEBUG    │ CASME2SquaredUnifier           │ Calculated Sequence Length: 12  (Onset=323, Offset=334, Video='happy1_1')
2026-04-01 18:55:12 │ DEBUG    │ CASME2SquaredUnifier           │ CAS(ME)^2 cross-check: raw_emotion='happiness' → unified='Positive', coarse_category='surprise'
2026-04-01 18:55:12 │ DEBUG    │ CASME2SquaredUnifier           │ Frames directory NOT found: C:\Users\Addhyan\Desktop\Thesis\Thesis3\DATASETS\cropped\2\happy1_1
2026-04-01 18:55:12 │ DEBUG    │ CASME2SquaredUnifier           │ CASME2_SQ │ s02 │ happy1_1        │ micro-expression │ Onset=  323  Offset=  334  SeqLen=  12 │ happiness → Positive │ Frames=✗
2026-04-01 18:55:12 │ DEBUG    │ CASME2SquaredUnifier           │ Calculated Sequence Length: 36  (Onset=338, Offset=373, Video='happy1_2')
2026-04-01 18:55:12 │ DEBUG    │ CASME2SquaredUnifier           │ CAS(ME)^2 cross-check: raw_emotion='happiness' → unified='Positive', coarse_category='positive'
2026-04-01 18:55:12 │ DEBUG    │ CASME2SquaredUnifier           │ Frames directory NOT found: C:\Users\Addhyan\Desktop\Thesis\Thesis3\DATASETS\cropped\2\happy1_2
2026-04-01 18:55:12 │ DEBUG    │ CASME2SquaredUnifier           │ CASME2_SQ │ s02 │ happy1_2        │ macro-expression │ Onset=  338  Offset=  373  SeqLen=  36 │ happiness → Positive │ Frames=✗
2026-04-01 18:55:12 │ DEBUG    │ CASME2SquaredUnifier           │ Calculated Sequence Length: 45  (Onset=850, Offset=894, Video='happy1_3')
2026-04-01 18:55:12 │ DEBUG    │ CASME2SquaredUnifier           │ CAS(ME)^2 cross-check: raw_emotion='pain' → unified='Others', coarse_category='negative'
2026-04-01 18:55:12 │ DEBUG    │ CASME2SquaredUnifier           │ Frames directory NOT found: C:\Users\Addhyan\Desktop\Thesis\Thesis3\DATASETS\cropped\2\happy1_3
2026-04-01 18:55:12 │ DEBUG    │ CASME2SquaredUnifier           │ CASME2_SQ │ s02 │ happy1_3        │ macro-expression │ Onset=  850  Offset=  894  SeqLen=  45 │ pain → Others │ Frames=✗
2026-04-01 18:55:12 │ DEBUG    │ CASME2SquaredUnifier           │ Calculated Sequence Length: 51  (Onset=1098, Offset=1148, Video='happy1_4')
2026-04-01 18:55:12 │ DEBUG    │ CASME2SquaredUnifier           │ CAS(ME)^2 cross-check: raw_emotion='happiness' → unified='Positive', coarse_category='others'
2026-04-01 18:55:12 │ DEBUG    │ CASME2SquaredUnifier           │ Frames directory NOT found: C:\Users\Addhyan\Desktop\Thesis\Thesis3\DATASETS\cropped\2\happy1_4
2026-04-01 18:55:12 │ DEBUG    │ CASME2SquaredUnifier           │ CASME2_SQ │ s02 │ happy1_4        │ macro-expression │ Onset= 1098  Offset= 1148  SeqLen=  51 │ happiness → Positive │ Frames=✗
2026-04-01 18:55:12 │ DEBUG    │ CASME2SquaredUnifier           │ Calculated Sequence Length: 37  (Onset=1405, Offset=1441, Video='happy1_5')
2026-04-01 18:55:12 │ DEBUG    │ CASME2SquaredUnifier           │ CAS(ME)^2 cross-check: raw_emotion='happiness' → unified='Positive', coarse_category='positive'
2026-04-01 18:55:12 │ DEBUG    │ CASME2SquaredUnifier           │ Frames directory NOT found: C:\Users\Addhyan\Desktop\Thesis\Thesis3\DATASETS\cropped\2\happy1_5
2026-04-01 18:55:12 │ DEBUG    │ CASME2SquaredUnifier           │ CASME2_SQ │ s02 │ happy1_5        │ macro-expression │ Onset= 1405  Offset= 1441  SeqLen=  37 │ happiness → Positive │ Frames=✗
2026-04-01 18:55:12 │ DEBUG    │ CASME2SquaredUnifier           │ Calculated Sequence Length: 54  (Onset=1470, Offset=1523, Video='happy1_6')
2026-04-01 18:55:12 │ DEBUG    │ CASME2SquaredUnifier           │ CAS(ME)^2 cross-check: raw_emotion='happiness' → unified='Positive', coarse_category='others'
2026-04-01 18:55:12 │ DEBUG    │ CASME2SquaredUnifier           │ Frames directory NOT found: C:\Users\Addhyan\Desktop\Thesis\Thesis3\DATASETS\cropped\2\happy1_6
2026-04-01 18:55:12 │ DEBUG    │ CASME2SquaredUnifier           │ CASME2_SQ │ s02 │ happy1_6        │ macro-expression │ Onset= 1470  Offset= 1523  SeqLen=  54 │ happiness → Positive │ Frames=✗
2026-04-01 18:55:12 │ DEBUG    │ CASME2SquaredUnifier           │ Calculated Sequence Length: 28  (Onset=2193, Offset=2220, Video='happy1_7')
2026-04-01 18:55:12 │ DEBUG    │ CASME2SquaredUnifier           │ CAS(ME)^2 cross-check: raw_emotion='happiness' → unified='Positive', coarse_category='others'
2026-04-01 18:55:12 │ DEBUG    │ CASME2SquaredUnifier           │ Frames directory NOT found: C:\Users\Addhyan\Desktop\Thesis\Thesis3\DATASETS\cropped\2\happy1_7
2026-04-01 18:55:12 │ DEBUG    │ CASME2SquaredUnifier           │ CASME2_SQ │ s02 │ happy1_7        │ macro-expression │ Onset= 2193  Offset= 2220  SeqLen=  28 │ happiness → Positive │ Frames=✗
2026-04-01 18:55:12 │ DEBUG    │ CASME2SquaredUnifier           │ Calculated Sequence Length: 22  (Onset=68, Offset=89, Video='happy3_1')
2026-04-01 18:55:12 │ DEBUG    │ CASME2SquaredUnifier           │ CAS(ME)^2 cross-check: raw_emotion='happiness' → unified='Positive', coarse_category='positive'
2026-04-01 18:55:12 │ DEBUG    │ CASME2SquaredUnifier           │ Frames directory NOT found: C:\Users\Addhyan\Desktop\Thesis\Thesis3\DATASETS\cropped\2\happy3_1
2026-04-01 18:55:12 │ DEBUG    │ CASME2SquaredUnifier           │ CASME2_SQ │ s02 │ happy3_1        │ macro-expression │ Onset=   68  Offset=   89  SeqLen=  22 │ happiness → Positive │ Frames=✗
2026-04-01 18:55:12 │ DEBUG    │ CASME2SquaredUnifier           │ Calculated Sequence Length: 12  (Onset=396, Offset=407, Video='happy3_2')
2026-04-01 18:55:12 │ DEBUG    │ CASME2SquaredUnifier           │ CAS(ME)^2 cross-check: raw_emotion='happiness' → unified='Positive', coarse_category='others'
2026-04-01 18:55:12 │ DEBUG    │ CASME2SquaredUnifier           │ Frames directory NOT found: C:\Users\Addhyan\Desktop\Thesis\Thesis3\DATASETS\cropped\2\happy3_2
2026-04-01 18:55:12 │ DEBUG    │ CASME2SquaredUnifier           │ CASME2_SQ │ s02 │ happy3_2        │ micro-expression │ Onset=  396  Offset=  407  SeqLen=  12 │ happiness → Positive │ Frames=✗
2026-04-01 18:55:12 │ DEBUG    │ CASME2SquaredUnifier           │ Offset is 0 or negative for 'happy3_3' — marking sequence length as -1 (unknown).
2026-04-01 18:55:12 │ DEBUG    │ CASME2SquaredUnifier           │ CAS(ME)^2 cross-check: raw_emotion='happiness' → unified='Positive', coarse_category='positive'
2026-04-01 18:55:12 │ DEBUG    │ CASME2SquaredUnifier           │ Frames directory NOT found: C:\Users\Addhyan\Desktop\Thesis\Thesis3\DATASETS\cropped\2\happy3_3
2026-04-01 18:55:12 │ DEBUG    │ CASME2SquaredUnifier           │ CASME2_SQ │ s02 │ happy3_3        │ macro-expression │ Onset=  991  Offset=    0  SeqLen=  -1 │ happiness → Positive │ Frames=✗
2026-04-01 18:55:12 │ DEBUG    │ CASME2SquaredUnifier           │ Calculated Sequence Length: 71  (Onset=1135, Offset=1205, Video='happy3_4')
2026-04-01 18:55:12 │ DEBUG    │ CASME2SquaredUnifier           │ CAS(ME)^2 cross-check: raw_emotion='happiness' → unified='Positive', coarse_category='positive'
2026-04-01 18:55:12 │ DEBUG    │ CASME2SquaredUnifier           │ Frames directory NOT found: C:\Users\Addhyan\Desktop\Thesis\Thesis3\DATASETS\cropped\2\happy3_4
2026-04-01 18:55:12 │ DEBUG    │ CASME2SquaredUnifier           │ CASME2_SQ │ s02 │ happy3_4        │ macro-expression │ Onset= 1135  Offset= 1205  SeqLen=  71 │ happiness → Positive │ Frames=✗
2026-04-01 18:55:12 │ DEBUG    │ CASME2SquaredUnifier           │ Calculated Sequence Length: 37  (Onset=1352, Offset=1388, Video='happy3_5')
2026-04-01 18:55:12 │ DEBUG    │ CASME2SquaredUnifier           │ CAS(ME)^2 cross-check: raw_emotion='happiness' → unified='Positive', coarse_category='others'
2026-04-01 18:55:12 │ DEBUG    │ CASME2SquaredUnifier           │ Frames directory NOT found: C:\Users\Addhyan\Desktop\Thesis\Thesis3\DATASETS\cropped\2\happy3_5
2026-04-01 18:55:12 │ DEBUG    │ CASME2SquaredUnifier           │ CASME2_SQ │ s02 │ happy3_5        │ macro-expression │ Onset= 1352  Offset= 1388  SeqLen=  37 │ happiness → Positive │ Frames=✗
2026-04-01 18:55:12 │ DEBUG    │ CASME2SquaredUnifier           │ Calculated Sequence Length: 21  (Onset=1595, Offset=1615, Video='happy3_6')
2026-04-01 18:55:12 │ DEBUG    │ CASME2SquaredUnifier           │ CAS(ME)^2 cross-check: raw_emotion='happiness' → unified='Positive', coarse_category='others'
2026-04-01 18:55:12 │ DEBUG    │ CASME2SquaredUnifier           │ Frames directory NOT found: C:\Users\Addhyan\Desktop\Thesis\Thesis3\DATASETS\cropped\2\happy3_6
2026-04-01 18:55:12 │ DEBUG    │ CASME2SquaredUnifier           │ CASME2_SQ │ s02 │ happy3_6        │ macro-expression │ Onset= 1595  Offset= 1615  SeqLen=  21 │ happiness → Positive │ Frames=✗
2026-04-01 18:55:12 │ DEBUG    │ CASME2SquaredUnifier           │ Calculated Sequence Length: 69  (Onset=1610, Offset=1678, Video='happy3_7')
2026-04-01 18:55:12 │ DEBUG    │ CASME2SquaredUnifier           │ CAS(ME)^2 cross-check: raw_emotion='happiness' → unified='Positive', coarse_category='positive'
2026-04-01 18:55:12 │ DEBUG    │ CASME2SquaredUnifier           │ Frames directory NOT found: C:\Users\Addhyan\Desktop\Thesis\Thesis3\DATASETS\cropped\2\happy3_7
2026-04-01 18:55:12 │ DEBUG    │ CASME2SquaredUnifier           │ CASME2_SQ │ s02 │ happy3_7        │ macro-expression │ Onset= 1610  Offset= 1678  SeqLen=  69 │ happiness → Positive │ Frames=✗
2026-04-01 18:55:12 │ DEBUG    │ CASME2SquaredUnifier           │ Calculated Sequence Length: 16  (Onset=1695, Offset=1710, Video='happy3_8')
2026-04-01 18:55:12 │ DEBUG    │ CASME2SquaredUnifier           │ CAS(ME)^2 cross-check: raw_emotion='happiness' → unified='Positive', coarse_category='others'
2026-04-01 18:55:12 │ DEBUG    │ CASME2SquaredUnifier           │ Frames directory NOT found: C:\Users\Addhyan\Desktop\Thesis\Thesis3\DATASETS\cropped\2\happy3_8
2026-04-01 18:55:12 │ DEBUG    │ CASME2SquaredUnifier           │ CASME2_SQ │ s02 │ happy3_8        │ micro-expression │ Onset= 1695  Offset= 1710  SeqLen=  16 │ happiness → Positive │ Frames=✗
2026-04-01 18:55:12 │ DEBUG    │ CASME2SquaredUnifier           │ Calculated Sequence Length: 16  (Onset=1880, Offset=1895, Video='happy3_9')
2026-04-01 18:55:12 │ DEBUG    │ CASME2SquaredUnifier           │ CAS(ME)^2 cross-check: raw_emotion='happiness' → unified='Positive', coarse_category='others'
2026-04-01 18:55:12 │ DEBUG    │ CASME2SquaredUnifier           │ Frames directory NOT found: C:\Users\Addhyan\Desktop\Thesis\Thesis3\DATASETS\cropped\2\happy3_9
2026-04-01 18:55:12 │ DEBUG    │ CASME2SquaredUnifier           │ CASME2_SQ │ s02 │ happy3_9        │ micro-expression │ Onset= 1880  Offset= 1895  SeqLen=  16 │ happiness → Positive │ Frames=✗
2026-04-01 18:55:12 │ DEBUG    │ CASME2SquaredUnifier           │ Calculated Sequence Length: 51  (Onset=1902, Offset=1952, Video='happy3_10')
2026-04-01 18:55:12 │ DEBUG    │ CASME2SquaredUnifier           │ CAS(ME)^2 cross-check: raw_emotion='happiness' → unified='Positive', coarse_category='positive'
2026-04-01 18:55:12 │ DEBUG    │ CASME2SquaredUnifier           │ Frames directory NOT found: C:\Users\Addhyan\Desktop\Thesis\Thesis3\DATASETS\cropped\2\happy3_10
2026-04-01 18:55:12 │ DEBUG    │ CASME2SquaredUnifier           │ CASME2_SQ │ s02 │ happy3_10       │ macro-expression │ Onset= 1902  Offset= 1952  SeqLen=  51 │ happiness → Positive │ Frames=✗
2026-04-01 18:55:12 │ DEBUG    │ CASME2SquaredUnifier           │ Calculated Sequence Length: 57  (Onset=2239, Offset=2295, Video='happy3_11')
2026-04-01 18:55:12 │ DEBUG    │ CASME2SquaredUnifier           │ CAS(ME)^2 cross-check: raw_emotion='happiness' → unified='Positive', coarse_category='positive'
2026-04-01 18:55:12 │ DEBUG    │ CASME2SquaredUnifier           │ Frames directory NOT found: C:\Users\Addhyan\Desktop\Thesis\Thesis3\DATASETS\cropped\2\happy3_11
2026-04-01 18:55:12 │ DEBUG    │ CASME2SquaredUnifier           │ CASME2_SQ │ s02 │ happy3_11       │ macro-expression │ Onset= 2239  Offset= 2295  SeqLen=  57 │ happiness → Positive │ Frames=✗
2026-04-01 18:55:12 │ DEBUG    │ CASME2SquaredUnifier           │ Calculated Sequence Length: 27  (Onset=844, Offset=870, Video='happy4_1')
2026-04-01 18:55:12 │ DEBUG    │ CASME2SquaredUnifier           │ CAS(ME)^2 cross-check: raw_emotion='happiness' → unified='Positive', coarse_category='positive'
2026-04-01 18:55:12 │ DEBUG    │ CASME2SquaredUnifier           │ Frames directory NOT found: C:\Users\Addhyan\Desktop\Thesis\Thesis3\DATASETS\cropped\2\happy4_1
2026-04-01 18:55:12 │ DEBUG    │ CASME2SquaredUnifier           │ CASME2_SQ │ s02 │ happy4_1        │ macro-expression │ Onset=  844  Offset=  870  SeqLen=  27 │ happiness → Positive │ Frames=✗
2026-04-01 18:55:12 │ DEBUG    │ CASME2SquaredUnifier           │ Calculated Sequence Length: 63  (Onset=1571, Offset=1633, Video='happy4_2')
2026-04-01 18:55:12 │ DEBUG    │ CASME2SquaredUnifier           │ CAS(ME)^2 cross-check: raw_emotion='happiness' → unified='Positive', coarse_category='positive'
2026-04-01 18:55:12 │ DEBUG    │ CASME2SquaredUnifier           │ Frames directory NOT found: C:\Users\Addhyan\Desktop\Thesis\Thesis3\DATASETS\cropped\2\happy4_2
2026-04-01 18:55:12 │ DEBUG    │ CASME2SquaredUnifier           │ CASME2_SQ │ s02 │ happy4_2        │ macro-expression │ Onset= 1571  Offset= 1633  SeqLen=  63 │ happiness → Positive │ Frames=✗
2026-04-01 18:55:12 │ DEBUG    │ CASME2SquaredUnifier           │ Calculated Sequence Length: 11  (Onset=1958, Offset=1968, Video='happy4_3')
2026-04-01 18:55:12 │ DEBUG    │ CASME2SquaredUnifier           │ CAS(ME)^2 cross-check: raw_emotion='surprise' → unified='Surprise', coarse_category='surprise'
2026-04-01 18:55:12 │ DEBUG    │ CASME2SquaredUnifier           │ Frames directory NOT found: C:\Users\Addhyan\Desktop\Thesis\Thesis3\DATASETS\cropped\2\happy4_3
2026-04-01 18:55:12 │ DEBUG    │ CASME2SquaredUnifier           │ CASME2_SQ │ s02 │ happy4_3        │ micro-expression │ Onset= 1958  Offset= 1968  SeqLen=  11 │ surprise → Surprise │ Frames=✗
2026-04-01 18:55:12 │ DEBUG    │ CASME2SquaredUnifier           │ Calculated Sequence Length: 11  (Onset=2285, Offset=2295, Video='happy4_4')
2026-04-01 18:55:12 │ DEBUG    │ CASME2SquaredUnifier           │ CAS(ME)^2 cross-check: raw_emotion='happiness' → unified='Positive', coarse_category='positive'
2026-04-01 18:55:12 │ DEBUG    │ CASME2SquaredUnifier           │ Frames directory NOT found: C:\Users\Addhyan\Desktop\Thesis\Thesis3\DATASETS\cropped\2\happy4_4
2026-04-01 18:55:12 │ DEBUG    │ CASME2SquaredUnifier           │ CASME2_SQ │ s02 │ happy4_4        │ micro-expression │ Onset= 2285  Offset= 2295  SeqLen=  11 │ happiness → Positive │ Frames=✗
2026-04-01 18:55:12 │ DEBUG    │ CASME2SquaredUnifier           │ Calculated Sequence Length: 74  (Onset=2338, Offset=2411, Video='happy4_5')
2026-04-01 18:55:12 │ DEBUG    │ CASME2SquaredUnifier           │ CAS(ME)^2 cross-check: raw_emotion='happiness' → unified='Positive', coarse_category='positive'
2026-04-01 18:55:12 │ DEBUG    │ CASME2SquaredUnifier           │ Frames directory NOT found: C:\Users\Addhyan\Desktop\Thesis\Thesis3\DATASETS\cropped\2\happy4_5
2026-04-01 18:55:12 │ DEBUG    │ CASME2SquaredUnifier           │ CASME2_SQ │ s02 │ happy4_5        │ macro-expression │ Onset= 2338  Offset= 2411  SeqLen=  74 │ happiness → Positive │ Frames=✗
2026-04-01 18:55:12 │ DEBUG    │ CASME2SquaredUnifier           │ Calculated Sequence Length: 47  (Onset=3169, Offset=3215, Video='happy4_6')
2026-04-01 18:55:12 │ DEBUG    │ CASME2SquaredUnifier           │ CAS(ME)^2 cross-check: raw_emotion='happiness' → unified='Positive', coarse_category='positive'
2026-04-01 18:55:12 │ DEBUG    │ CASME2SquaredUnifier           │ Frames directory NOT found: C:\Users\Addhyan\Desktop\Thesis\Thesis3\DATASETS\cropped\2\happy4_6
2026-04-01 18:55:12 │ DEBUG    │ CASME2SquaredUnifier           │ CASME2_SQ │ s02 │ happy4_6        │ macro-expression │ Onset= 3169  Offset= 3215  SeqLen=  47 │ happiness → Positive │ Frames=✗
2026-04-01 18:55:12 │ DEBUG    │ CASME2SquaredUnifier           │ Calculated Sequence Length: 44  (Onset=822, Offset=865, Video='disgust2_1')
2026-04-01 18:55:12 │ DEBUG    │ CASME2SquaredUnifier           │ CAS(ME)^2 cross-check: raw_emotion='disgust' → unified='Negative', coarse_category='others'
2026-04-01 18:55:12 │ DEBUG    │ CASME2SquaredUnifier           │ Frames directory NOT found: C:\Users\Addhyan\Desktop\Thesis\Thesis3\DATASETS\cropped\3\disgust2_1
2026-04-01 18:55:12 │ DEBUG    │ CASME2SquaredUnifier           │ CASME2_SQ │ s03 │ disgust2_1      │ macro-expression │ Onset=  822  Offset=  865  SeqLen=  44 │ disgust → Negative │ Frames=✗
2026-04-01 18:55:12 │ DEBUG    │ CASME2SquaredUnifier           │ Calculated Sequence Length: 40  (Onset=887, Offset=926, Video='disgust2_2')
2026-04-01 18:55:12 │ DEBUG    │ CASME2SquaredUnifier           │ CAS(ME)^2 cross-check: raw_emotion='disgust' → unified='Negative', coarse_category='others'
2026-04-01 18:55:12 │ DEBUG    │ CASME2SquaredUnifier           │ Frames directory NOT found: C:\Users\Addhyan\Desktop\Thesis\Thesis3\DATASETS\cropped\3\disgust2_2
2026-04-01 18:55:12 │ DEBUG    │ CASME2SquaredUnifier           │ CASME2_SQ │ s03 │ disgust2_2      │ macro-expression │ Onset=  887  Offset=  926  SeqLen=  40 │ disgust → Negative │ Frames=✗
2026-04-01 18:55:12 │ DEBUG    │ CASME2SquaredUnifier           │ Calculated Sequence Length: 16  (Onset=1927, Offset=1942, Video='anger2_1')
2026-04-01 18:55:12 │ DEBUG    │ CASME2SquaredUnifier           │ CAS(ME)^2 cross-check: raw_emotion='fear' → unified='Negative', coarse_category='others'
2026-04-01 18:55:12 │ DEBUG    │ CASME2SquaredUnifier           │ Frames directory NOT found: C:\Users\Addhyan\Desktop\Thesis\Thesis3\DATASETS\cropped\3\anger2_1
2026-04-01 18:55:12 │ DEBUG    │ CASME2SquaredUnifier           │ CASME2_SQ │ s03 │ anger2_1        │ micro-expression │ Onset= 1927  Offset= 1942  SeqLen=  16 │ fear → Negative │ Frames=✗
2026-04-01 18:55:12 │ DEBUG    │ CASME2SquaredUnifier           │ Calculated Sequence Length: 54  (Onset=1755, Offset=1808, Video='happy3_1')
2026-04-01 18:55:12 │ DEBUG    │ CASME2SquaredUnifier           │ CAS(ME)^2 cross-check: raw_emotion='happiness' → unified='Positive', coarse_category='positive'
2026-04-01 18:55:12 │ DEBUG    │ CASME2SquaredUnifier           │ Frames directory NOT found: C:\Users\Addhyan\Desktop\Thesis\Thesis3\DATASETS\cropped\3\happy3_1
2026-04-01 18:55:12 │ DEBUG    │ CASME2SquaredUnifier           │ CASME2_SQ │ s03 │ happy3_1        │ macro-expression │ Onset= 1755  Offset= 1808  SeqLen=  54 │ happiness → Positive │ Frames=✗
2026-04-01 18:55:12 │ DEBUG    │ CASME2SquaredUnifier           │ Calculated Sequence Length: 63  (Onset=2977, Offset=3039, Video='happy4_1')
2026-04-01 18:55:12 │ DEBUG    │ CASME2SquaredUnifier           │ CAS(ME)^2 cross-check: raw_emotion='happiness' → unified='Positive', coarse_category='positive'
2026-04-01 18:55:12 │ DEBUG    │ CASME2SquaredUnifier           │ Frames directory NOT found: C:\Users\Addhyan\Desktop\Thesis\Thesis3\DATASETS\cropped\3\happy4_1
2026-04-01 18:55:12 │ DEBUG    │ CASME2SquaredUnifier           │ CASME2_SQ │ s03 │ happy4_1        │ macro-expression │ Onset= 2977  Offset= 3039  SeqLen=  63 │ happiness → Positive │ Frames=✗
2026-04-01 18:55:12 │ DEBUG    │ CASME2SquaredUnifier           │ Calculated Sequence Length: 19  (Onset=981, Offset=999, Video='happy1_1')
2026-04-01 18:55:12 │ DEBUG    │ CASME2SquaredUnifier           │ CAS(ME)^2 cross-check: raw_emotion='happiness' → unified='Positive', coarse_category='positive'
2026-04-01 18:55:12 │ DEBUG    │ CASME2SquaredUnifier           │ Frames directory NOT found: C:\Users\Addhyan\Desktop\Thesis\Thesis3\DATASETS\cropped\4\happy1_1
2026-04-01 18:55:12 │ DEBUG    │ CASME2SquaredUnifier           │ CASME2_SQ │ s04 │ happy1_1        │ macro-expression │ Onset=  981  Offset=  999  SeqLen=  19 │ happiness → Positive │ Frames=✗
2026-04-01 18:55:12 │ DEBUG    │ CASME2SquaredUnifier           │ Calculated Sequence Length: 37  (Onset=1125, Offset=1161, Video='happy1_2')
2026-04-01 18:55:12 │ DEBUG    │ CASME2SquaredUnifier           │ CAS(ME)^2 cross-check: raw_emotion='happiness' → unified='Positive', coarse_category='positive'
2026-04-01 18:55:12 │ DEBUG    │ CASME2SquaredUnifier           │ Frames directory NOT found: C:\Users\Addhyan\Desktop\Thesis\Thesis3\DATASETS\cropped\4\happy1_2
2026-04-01 18:55:12 │ DEBUG    │ CASME2SquaredUnifier           │ CASME2_SQ │ s04 │ happy1_2        │ macro-expression │ Onset= 1125  Offset= 1161  SeqLen=  37 │ happiness → Positive │ Frames=✗
2026-04-01 18:55:12 │ DEBUG    │ CASME2SquaredUnifier           │ Calculated Sequence Length: 97  (Onset=1403, Offset=1499, Video='happy1_3')
2026-04-01 18:55:12 │ DEBUG    │ CASME2SquaredUnifier           │ CAS(ME)^2 cross-check: raw_emotion='happiness' → unified='Positive', coarse_category='positive'
2026-04-01 18:55:12 │ DEBUG    │ CASME2SquaredUnifier           │ Frames directory NOT found: C:\Users\Addhyan\Desktop\Thesis\Thesis3\DATASETS\cropped\4\happy1_3
2026-04-01 18:55:12 │ DEBUG    │ CASME2SquaredUnifier           │ CASME2_SQ │ s04 │ happy1_3        │ macro-expression │ Onset= 1403  Offset= 1499  SeqLen=  97 │ happiness → Positive │ Frames=✗
2026-04-01 18:55:12 │ DEBUG    │ CASME2SquaredUnifier           │ Calculated Sequence Length: 33  (Onset=3379, Offset=3411, Video='anger1_1')
2026-04-01 18:55:12 │ DEBUG    │ CASME2SquaredUnifier           │ CAS(ME)^2 cross-check: raw_emotion='surprise' → unified='Surprise', coarse_category='negative'
2026-04-01 18:55:12 │ DEBUG    │ CASME2SquaredUnifier           │ Frames directory NOT found: C:\Users\Addhyan\Desktop\Thesis\Thesis3\DATASETS\cropped\5\anger1_1
2026-04-01 18:55:12 │ DEBUG    │ CASME2SquaredUnifier           │ CASME2_SQ │ s05 │ anger1_1        │ macro-expression │ Onset= 3379  Offset= 3411  SeqLen=  33 │ surprise → Surprise │ Frames=✗
2026-04-01 18:55:12 │ DEBUG    │ CASME2SquaredUnifier           │ Calculated Sequence Length: 23  (Onset=169, Offset=191, Video='disgust1_1')
2026-04-01 18:55:12 │ DEBUG    │ CASME2SquaredUnifier           │ CAS(ME)^2 cross-check: raw_emotion='disgust' → unified='Negative', coarse_category='others'
2026-04-01 18:55:12 │ DEBUG    │ CASME2SquaredUnifier           │ Frames directory NOT found: C:\Users\Addhyan\Desktop\Thesis\Thesis3\DATASETS\cropped\5\disgust1_1
2026-04-01 18:55:12 │ DEBUG    │ CASME2SquaredUnifier           │ CASME2_SQ │ s05 │ disgust1_1      │ macro-expression │ Onset=  169  Offset=  191  SeqLen=  23 │ disgust → Negative │ Frames=✗
2026-04-01 18:55:12 │ DEBUG    │ CASME2SquaredUnifier           │ Offset is 0 or negative for 'anger2_1' — marking sequence length as -1 (unknown).
2026-04-01 18:55:12 │ DEBUG    │ CASME2SquaredUnifier           │ CAS(ME)^2 cross-check: raw_emotion='anger' → unified='Negative', coarse_category='others'
2026-04-01 18:55:12 │ DEBUG    │ CASME2SquaredUnifier           │ Frames directory NOT found: C:\Users\Addhyan\Desktop\Thesis\Thesis3\DATASETS\cropped\6\anger2_1
2026-04-01 18:55:12 │ DEBUG    │ CASME2SquaredUnifier           │ CASME2_SQ │ s06 │ anger2_1        │ macro-expression │ Onset= 3246  Offset=    0  SeqLen=  -1 │ anger → Negative │ Frames=✗
2026-04-01 18:55:12 │ DEBUG    │ CASME2SquaredUnifier           │ Calculated Sequence Length: 28  (Onset=366, Offset=393, Video='disgust1_1')
2026-04-01 18:55:12 │ DEBUG    │ CASME2SquaredUnifier           │ CAS(ME)^2 cross-check: raw_emotion='disgust' → unified='Negative', coarse_category='negative'
2026-04-01 18:55:12 │ DEBUG    │ CASME2SquaredUnifier           │ Frames directory NOT found: C:\Users\Addhyan\Desktop\Thesis\Thesis3\DATASETS\cropped\6\disgust1_1
2026-04-01 18:55:12 │ DEBUG    │ CASME2SquaredUnifier           │ CASME2_SQ │ s06 │ disgust1_1      │ macro-expression │ Onset=  366  Offset=  393  SeqLen=  28 │ disgust → Negative │ Frames=✗
2026-04-01 18:55:12 │ DEBUG    │ CASME2SquaredUnifier           │ Offset is 0 or negative for 'disgust1_2' — marking sequence length as -1 (unknown).
2026-04-01 18:55:12 │ DEBUG    │ CASME2SquaredUnifier           │ CAS(ME)^2 cross-check: raw_emotion='disgust' → unified='Negative', coarse_category='others'
2026-04-01 18:55:12 │ DEBUG    │ CASME2SquaredUnifier           │ Frames directory NOT found: C:\Users\Addhyan\Desktop\Thesis\Thesis3\DATASETS\cropped\6\disgust1_2
2026-04-01 18:55:12 │ DEBUG    │ CASME2SquaredUnifier           │ CASME2_SQ │ s06 │ disgust1_2      │ macro-expression │ Onset=  380  Offset=    0  SeqLen=  -1 │ disgust → Negative │ Frames=✗
2026-04-01 18:55:12 │ DEBUG    │ CASME2SquaredUnifier           │ Offset is 0 or negative for 'disgust1_3' — marking sequence length as -1 (unknown).
2026-04-01 18:55:12 │ DEBUG    │ CASME2SquaredUnifier           │ CAS(ME)^2 cross-check: raw_emotion='disgust' → unified='Negative', coarse_category='negative'
2026-04-01 18:55:12 │ DEBUG    │ CASME2SquaredUnifier           │ Frames directory NOT found: C:\Users\Addhyan\Desktop\Thesis\Thesis3\DATASETS\cropped\6\disgust1_3
2026-04-01 18:55:12 │ DEBUG    │ CASME2SquaredUnifier           │ CASME2_SQ │ s06 │ disgust1_3      │ macro-expression │ Onset=  510  Offset=    0  SeqLen=  -1 │ disgust → Negative │ Frames=✗
2026-04-01 18:55:12 │ DEBUG    │ CASME2SquaredUnifier           │ Calculated Sequence Length: 19  (Onset=1562, Offset=1580, Video='disgust1_4')
2026-04-01 18:55:12 │ DEBUG    │ CASME2SquaredUnifier           │ CAS(ME)^2 cross-check: raw_emotion='disgust' → unified='Negative', coarse_category='negative'
2026-04-01 18:55:12 │ DEBUG    │ CASME2SquaredUnifier           │ Frames directory NOT found: C:\Users\Addhyan\Desktop\Thesis\Thesis3\DATASETS\cropped\6\disgust1_4
2026-04-01 18:55:12 │ DEBUG    │ CASME2SquaredUnifier           │ CASME2_SQ │ s06 │ disgust1_4      │ macro-expression │ Onset= 1562  Offset= 1580  SeqLen=  19 │ disgust → Negative │ Frames=✗
2026-04-01 18:55:12 │ DEBUG    │ CASME2SquaredUnifier           │ Offset is 0 or negative for 'disgust1_5' — marking sequence length as -1 (unknown).
2026-04-01 18:55:12 │ DEBUG    │ CASME2SquaredUnifier           │ CAS(ME)^2 cross-check: raw_emotion='disgust' → unified='Negative', coarse_category='others'
2026-04-01 18:55:12 │ DEBUG    │ CASME2SquaredUnifier           │ Frames directory NOT found: C:\Users\Addhyan\Desktop\Thesis\Thesis3\DATASETS\cropped\6\disgust1_5
2026-04-01 18:55:12 │ DEBUG    │ CASME2SquaredUnifier           │ CASME2_SQ │ s06 │ disgust1_5      │ macro-expression │ Onset= 1573  Offset=    0  SeqLen=  -1 │ disgust → Negative │ Frames=✗
2026-04-01 18:55:12 │ DEBUG    │ CASME2SquaredUnifier           │ Offset is 0 or negative for 'disgust1_6' — marking sequence length as -1 (unknown).
2026-04-01 18:55:12 │ DEBUG    │ CASME2SquaredUnifier           │ CAS(ME)^2 cross-check: raw_emotion='disgust' → unified='Negative', coarse_category='negative'
2026-04-01 18:55:12 │ DEBUG    │ CASME2SquaredUnifier           │ Frames directory NOT found: C:\Users\Addhyan\Desktop\Thesis\Thesis3\DATASETS\cropped\6\disgust1_6
2026-04-01 18:55:12 │ DEBUG    │ CASME2SquaredUnifier           │ CASME2_SQ │ s06 │ disgust1_6      │ macro-expression │ Onset= 1645  Offset=    0  SeqLen=  -1 │ disgust → Negative │ Frames=✗
2026-04-01 18:55:12 │ DEBUG    │ CASME2SquaredUnifier           │ Calculated Sequence Length: 23  (Onset=1706, Offset=1728, Video='disgust1_7')
2026-04-01 18:55:12 │ DEBUG    │ CASME2SquaredUnifier           │ CAS(ME)^2 cross-check: raw_emotion='disgust' → unified='Negative', coarse_category='others'
2026-04-01 18:55:12 │ DEBUG    │ CASME2SquaredUnifier           │ Frames directory NOT found: C:\Users\Addhyan\Desktop\Thesis\Thesis3\DATASETS\cropped\6\disgust1_7
2026-04-01 18:55:12 │ DEBUG    │ CASME2SquaredUnifier           │ CASME2_SQ │ s06 │ disgust1_7      │ macro-expression │ Onset= 1706  Offset= 1728  SeqLen=  23 │ disgust → Negative │ Frames=✗
2026-04-01 18:55:12 │ DEBUG    │ CASME2SquaredUnifier           │ Calculated Sequence Length: 17  (Onset=1752, Offset=1768, Video='disgust1_8')
2026-04-01 18:55:12 │ DEBUG    │ CASME2SquaredUnifier           │ CAS(ME)^2 cross-check: raw_emotion='disgust' → unified='Negative', coarse_category='others'
2026-04-01 18:55:12 │ DEBUG    │ CASME2SquaredUnifier           │ Frames directory NOT found: C:\Users\Addhyan\Desktop\Thesis\Thesis3\DATASETS\cropped\6\disgust1_8
2026-04-01 18:55:12 │ DEBUG    │ CASME2SquaredUnifier           │ CASME2_SQ │ s06 │ disgust1_8      │ macro-expression │ Onset= 1752  Offset= 1768  SeqLen=  17 │ disgust → Negative │ Frames=✗
2026-04-01 18:55:12 │ DEBUG    │ CASME2SquaredUnifier           │ Calculated Sequence Length: 34  (Onset=1822, Offset=1855, Video='disgust1_9')
2026-04-01 18:55:12 │ DEBUG    │ CASME2SquaredUnifier           │ CAS(ME)^2 cross-check: raw_emotion='disgust' → unified='Negative', coarse_category='others'
2026-04-01 18:55:12 │ DEBUG    │ CASME2SquaredUnifier           │ Frames directory NOT found: C:\Users\Addhyan\Desktop\Thesis\Thesis3\DATASETS\cropped\6\disgust1_9
2026-04-01 18:55:12 │ DEBUG    │ CASME2SquaredUnifier           │ CASME2_SQ │ s06 │ disgust1_9      │ macro-expression │ Onset= 1822  Offset= 1855  SeqLen=  34 │ disgust → Negative │ Frames=✗
2026-04-01 18:55:12 │ DEBUG    │ CASME2SquaredUnifier           │ Calculated Sequence Length: 27  (Onset=1915, Offset=1941, Video='disgust1_10')
2026-04-01 18:55:12 │ DEBUG    │ CASME2SquaredUnifier           │ CAS(ME)^2 cross-check: raw_emotion='disgust' → unified='Negative', coarse_category='others'
2026-04-01 18:55:12 │ DEBUG    │ CASME2SquaredUnifier           │ Frames directory NOT found: C:\Users\Addhyan\Desktop\Thesis\Thesis3\DATASETS\cropped\6\disgust1_10
2026-04-01 18:55:12 │ DEBUG    │ CASME2SquaredUnifier           │ CASME2_SQ │ s06 │ disgust1_10     │ macro-expression │ Onset= 1915  Offset= 1941  SeqLen=  27 │ disgust → Negative │ Frames=✗
2026-04-01 18:55:12 │ DEBUG    │ CASME2SquaredUnifier           │ Calculated Sequence Length: 20  (Onset=301, Offset=320, Video='disgust2_1')
2026-04-01 18:55:12 │ DEBUG    │ CASME2SquaredUnifier           │ CAS(ME)^2 cross-check: raw_emotion='disgust' → unified='Negative', coarse_category='negative'
2026-04-01 18:55:12 │ DEBUG    │ CASME2SquaredUnifier           │ Frames directory NOT found: C:\Users\Addhyan\Desktop\Thesis\Thesis3\DATASETS\cropped\6\disgust2_1
2026-04-01 18:55:12 │ DEBUG    │ CASME2SquaredUnifier           │ CASME2_SQ │ s06 │ disgust2_1      │ macro-expression │ Onset=  301  Offset=  320  SeqLen=  20 │ disgust → Negative │ Frames=✗
2026-04-01 18:55:12 │ DEBUG    │ CASME2SquaredUnifier           │ Offset is 0 or negative for 'disgust2_2' — marking sequence length as -1 (unknown).
2026-04-01 18:55:12 │ DEBUG    │ CASME2SquaredUnifier           │ CAS(ME)^2 cross-check: raw_emotion='disgust' → unified='Negative', coarse_category='others'
2026-04-01 18:55:12 │ DEBUG    │ CASME2SquaredUnifier           │ Frames directory NOT found: C:\Users\Addhyan\Desktop\Thesis\Thesis3\DATASETS\cropped\6\disgust2_2
2026-04-01 18:55:12 │ DEBUG    │ CASME2SquaredUnifier           │ CASME2_SQ │ s06 │ disgust2_2      │ macro-expression │ Onset=  321  Offset=    0  SeqLen=  -1 │ disgust → Negative │ Frames=✗
2026-04-01 18:55:12 │ DEBUG    │ CASME2SquaredUnifier           │ Offset is 0 or negative for 'disgust2_3' — marking sequence length as -1 (unknown).
2026-04-01 18:55:12 │ DEBUG    │ CASME2SquaredUnifier           │ CAS(ME)^2 cross-check: raw_emotion='disgust' → unified='Negative', coarse_category='others'
2026-04-01 18:55:12 │ DEBUG    │ CASME2SquaredUnifier           │ Frames directory NOT found: C:\Users\Addhyan\Desktop\Thesis\Thesis3\DATASETS\cropped\6\disgust2_3
2026-04-01 18:55:12 │ DEBUG    │ CASME2SquaredUnifier           │ CASME2_SQ │ s06 │ disgust2_3      │ macro-expression │ Onset=  904  Offset=    0  SeqLen=  -1 │ disgust → Negative │ Frames=✗
2026-04-01 18:55:12 │ DEBUG    │ CASME2SquaredUnifier           │ Offset is 0 or negative for 'happy2_1' — marking sequence length as -1 (unknown).
2026-04-01 18:55:12 │ DEBUG    │ CASME2SquaredUnifier           │ CAS(ME)^2 cross-check: raw_emotion='happiness' → unified='Positive', coarse_category='others'
2026-04-01 18:55:12 │ DEBUG    │ CASME2SquaredUnifier           │ Frames directory NOT found: C:\Users\Addhyan\Desktop\Thesis\Thesis3\DATASETS\cropped\6\happy2_1
2026-04-01 18:55:12 │ DEBUG    │ CASME2SquaredUnifier           │ CASME2_SQ │ s06 │ happy2_1        │ macro-expression │ Onset= 2758  Offset=    0  SeqLen=  -1 │ happiness → Positive │ Frames=✗
2026-04-01 18:55:12 │ DEBUG    │ CASME2SquaredUnifier           │ Offset is 0 or negative for 'happy5_1' — marking sequence length as -1 (unknown).
2026-04-01 18:55:12 │ DEBUG    │ CASME2SquaredUnifier           │ CAS(ME)^2 cross-check: raw_emotion='happiness' → unified='Positive', coarse_category='positive'
2026-04-01 18:55:12 │ DEBUG    │ CASME2SquaredUnifier           │ Frames directory NOT found: C:\Users\Addhyan\Desktop\Thesis\Thesis3\DATASETS\cropped\6\happy5_1
2026-04-01 18:55:12 │ DEBUG    │ CASME2SquaredUnifier           │ CASME2_SQ │ s06 │ happy5_1        │ macro-expression │ Onset=   81  Offset=    0  SeqLen=  -1 │ happiness → Positive │ Frames=✗
2026-04-01 18:55:12 │ DEBUG    │ CASME2SquaredUnifier           │ Calculated Sequence Length: 35  (Onset=3685, Offset=3719, Video='anger2_1')
2026-04-01 18:55:12 │ DEBUG    │ CASME2SquaredUnifier           │ CAS(ME)^2 cross-check: raw_emotion='fear' → unified='Negative', coarse_category='others'
2026-04-01 18:55:12 │ DEBUG    │ CASME2SquaredUnifier           │ Frames directory NOT found: C:\Users\Addhyan\Desktop\Thesis\Thesis3\DATASETS\cropped\7\anger2_1
2026-04-01 18:55:12 │ DEBUG    │ CASME2SquaredUnifier           │ CASME2_SQ │ s07 │ anger2_1        │ macro-expression │ Onset= 3685  Offset= 3719  SeqLen=  35 │ fear → Negative │ Frames=✗
2026-04-01 18:55:12 │ DEBUG    │ CASME2SquaredUnifier           │ Calculated Sequence Length: 20  (Onset=3799, Offset=3818, Video='anger2_2')
2026-04-01 18:55:12 │ DEBUG    │ CASME2SquaredUnifier           │ CAS(ME)^2 cross-check: raw_emotion='fear' → unified='Negative', coarse_category='others'
2026-04-01 18:55:12 │ DEBUG    │ CASME2SquaredUnifier           │ Frames directory NOT found: C:\Users\Addhyan\Desktop\Thesis\Thesis3\DATASETS\cropped\7\anger2_2
2026-04-01 18:55:12 │ DEBUG    │ CASME2SquaredUnifier           │ CASME2_SQ │ s07 │ anger2_2        │ macro-expression │ Onset= 3799  Offset= 3818  SeqLen=  20 │ fear → Negative │ Frames=✗
2026-04-01 18:55:12 │ DEBUG    │ CASME2SquaredUnifier           │ Calculated Sequence Length: 25  (Onset=3879, Offset=3903, Video='anger2_3')
2026-04-01 18:55:12 │ DEBUG    │ CASME2SquaredUnifier           │ CAS(ME)^2 cross-check: raw_emotion='fear' → unified='Negative', coarse_category='negative'
2026-04-01 18:55:12 │ DEBUG    │ CASME2SquaredUnifier           │ Frames directory NOT found: C:\Users\Addhyan\Desktop\Thesis\Thesis3\DATASETS\cropped\7\anger2_3
2026-04-01 18:55:12 │ DEBUG    │ CASME2SquaredUnifier           │ CASME2_SQ │ s07 │ anger2_3        │ macro-expression │ Onset= 3879  Offset= 3903  SeqLen=  25 │ fear → Negative │ Frames=✗
2026-04-01 18:55:12 │ DEBUG    │ CASME2SquaredUnifier           │ Calculated Sequence Length: 16  (Onset=331, Offset=346, Video='disgust2_1')
2026-04-01 18:55:12 │ DEBUG    │ CASME2SquaredUnifier           │ CAS(ME)^2 cross-check: raw_emotion='disgust' → unified='Negative', coarse_category='others'
2026-04-01 18:55:12 │ DEBUG    │ CASME2SquaredUnifier           │ Frames directory NOT found: C:\Users\Addhyan\Desktop\Thesis\Thesis3\DATASETS\cropped\7\disgust2_1
2026-04-01 18:55:12 │ DEBUG    │ CASME2SquaredUnifier           │ CASME2_SQ │ s07 │ disgust2_1      │ micro-expression │ Onset=  331  Offset=  346  SeqLen=  16 │ disgust → Negative │ Frames=✗
2026-04-01 18:55:12 │ DEBUG    │ CASME2SquaredUnifier           │ Calculated Sequence Length: 15  (Onset=526, Offset=540, Video='disgust2_2')
2026-04-01 18:55:12 │ DEBUG    │ CASME2SquaredUnifier           │ CAS(ME)^2 cross-check: raw_emotion='disgust' → unified='Negative', coarse_category='others'
2026-04-01 18:55:12 │ DEBUG    │ CASME2SquaredUnifier           │ Frames directory NOT found: C:\Users\Addhyan\Desktop\Thesis\Thesis3\DATASETS\cropped\7\disgust2_2
2026-04-01 18:55:12 │ DEBUG    │ CASME2SquaredUnifier           │ CASME2_SQ │ s07 │ disgust2_2      │ micro-expression │ Onset=  526  Offset=  540  SeqLen=  15 │ disgust → Negative │ Frames=✗
2026-04-01 18:55:12 │ DEBUG    │ CASME2SquaredUnifier           │ Calculated Sequence Length: 14  (Onset=727, Offset=740, Video='disgust2_3')
2026-04-01 18:55:12 │ DEBUG    │ CASME2SquaredUnifier           │ CAS(ME)^2 cross-check: raw_emotion='disgust' → unified='Negative', coarse_category='others'
2026-04-01 18:55:12 │ DEBUG    │ CASME2SquaredUnifier           │ Frames directory NOT found: C:\Users\Addhyan\Desktop\Thesis\Thesis3\DATASETS\cropped\7\disgust2_3
2026-04-01 18:55:12 │ DEBUG    │ CASME2SquaredUnifier           │ CASME2_SQ │ s07 │ disgust2_3      │ micro-expression │ Onset=  727  Offset=  740  SeqLen=  14 │ disgust → Negative │ Frames=✗
2026-04-01 18:55:12 │ DEBUG    │ CASME2SquaredUnifier           │ Calculated Sequence Length: 28  (Onset=913, Offset=940, Video='disgust2_4')
2026-04-01 18:55:12 │ DEBUG    │ CASME2SquaredUnifier           │ CAS(ME)^2 cross-check: raw_emotion='disgust' → unified='Negative', coarse_category='others'
2026-04-01 18:55:12 │ DEBUG    │ CASME2SquaredUnifier           │ Frames directory NOT found: C:\Users\Addhyan\Desktop\Thesis\Thesis3\DATASETS\cropped\7\disgust2_4
2026-04-01 18:55:12 │ DEBUG    │ CASME2SquaredUnifier           │ CASME2_SQ │ s07 │ disgust2_4      │ macro-expression │ Onset=  913  Offset=  940  SeqLen=  28 │ disgust → Negative │ Frames=✗
2026-04-01 18:55:12 │ DEBUG    │ CASME2SquaredUnifier           │ Calculated Sequence Length: 19  (Onset=997, Offset=1015, Video='disgust2_5')
2026-04-01 18:55:12 │ DEBUG    │ CASME2SquaredUnifier           │ CAS(ME)^2 cross-check: raw_emotion='disgust' → unified='Negative', coarse_category='others'
2026-04-01 18:55:12 │ DEBUG    │ CASME2SquaredUnifier           │ Frames directory NOT found: C:\Users\Addhyan\Desktop\Thesis\Thesis3\DATASETS\cropped\7\disgust2_5
2026-04-01 18:55:12 │ DEBUG    │ CASME2SquaredUnifier           │ CASME2_SQ │ s07 │ disgust2_5      │ macro-expression │ Onset=  997  Offset= 1015  SeqLen=  19 │ disgust → Negative │ Frames=✗
2026-04-01 18:55:12 │ DEBUG    │ CASME2SquaredUnifier           │ Calculated Sequence Length: 80  (Onset=1381, Offset=1460, Video='happy1_1')
2026-04-01 18:55:12 │ DEBUG    │ CASME2SquaredUnifier           │ CAS(ME)^2 cross-check: raw_emotion='pain' → unified='Others', coarse_category='others'
2026-04-01 18:55:12 │ DEBUG    │ CASME2SquaredUnifier           │ Frames directory NOT found: C:\Users\Addhyan\Desktop\Thesis\Thesis3\DATASETS\cropped\7\happy1_1
2026-04-01 18:55:12 │ DEBUG    │ CASME2SquaredUnifier           │ CASME2_SQ │ s07 │ happy1_1        │ macro-expression │ Onset= 1381  Offset= 1460  SeqLen=  80 │ pain → Others │ Frames=✗
2026-04-01 18:55:12 │ DEBUG    │ CASME2SquaredUnifier           │ Calculated Sequence Length: 27  (Onset=1937, Offset=1963, Video='happy1_2')
2026-04-01 18:55:12 │ DEBUG    │ CASME2SquaredUnifier           │ CAS(ME)^2 cross-check: raw_emotion='pain' → unified='Others', coarse_category='others'
2026-04-01 18:55:12 │ DEBUG    │ CASME2SquaredUnifier           │ Frames directory NOT found: C:\Users\Addhyan\Desktop\Thesis\Thesis3\DATASETS\cropped\7\happy1_2
2026-04-01 18:55:12 │ DEBUG    │ CASME2SquaredUnifier           │ CASME2_SQ │ s07 │ happy1_2        │ macro-expression │ Onset= 1937  Offset= 1963  SeqLen=  27 │ pain → Others │ Frames=✗
2026-04-01 18:55:12 │ DEBUG    │ CASME2SquaredUnifier           │ Calculated Sequence Length: 21  (Onset=2744, Offset=2764, Video='happy4_1')
2026-04-01 18:55:12 │ DEBUG    │ CASME2SquaredUnifier           │ CAS(ME)^2 cross-check: raw_emotion='happiness' → unified='Positive', coarse_category='positive'
2026-04-01 18:55:12 │ DEBUG    │ CASME2SquaredUnifier           │ Frames directory NOT found: C:\Users\Addhyan\Desktop\Thesis\Thesis3\DATASETS\cropped\7\happy4_1
2026-04-01 18:55:12 │ DEBUG    │ CASME2SquaredUnifier           │ CASME2_SQ │ s07 │ happy4_1        │ macro-expression │ Onset= 2744  Offset= 2764  SeqLen=  21 │ happiness → Positive │ Frames=✗
2026-04-01 18:55:12 │ DEBUG    │ CASME2SquaredUnifier           │ Calculated Sequence Length: 31  (Onset=355, Offset=385, Video='anger1_1')
2026-04-01 18:55:12 │ DEBUG    │ CASME2SquaredUnifier           │ CAS(ME)^2 cross-check: raw_emotion='surprise' → unified='Surprise', coarse_category='negative'
2026-04-01 18:55:12 │ DEBUG    │ CASME2SquaredUnifier           │ Frames directory NOT found: C:\Users\Addhyan\Desktop\Thesis\Thesis3\DATASETS\cropped\8\anger1_1
2026-04-01 18:55:12 │ DEBUG    │ CASME2SquaredUnifier           │ CASME2_SQ │ s08 │ anger1_1        │ macro-expression │ Onset=  355  Offset=  385  SeqLen=  31 │ surprise → Surprise │ Frames=✗
2026-04-01 18:55:12 │ DEBUG    │ CASME2SquaredUnifier           │ Calculated Sequence Length: 17  (Onset=434, Offset=450, Video='anger1_2')
2026-04-01 18:55:12 │ DEBUG    │ CASME2SquaredUnifier           │ CAS(ME)^2 cross-check: raw_emotion='fear' → unified='Negative', coarse_category='negative'
2026-04-01 18:55:12 │ DEBUG    │ CASME2SquaredUnifier           │ Frames directory NOT found: C:\Users\Addhyan\Desktop\Thesis\Thesis3\DATASETS\cropped\8\anger1_2
2026-04-01 18:55:12 │ DEBUG    │ CASME2SquaredUnifier           │ CASME2_SQ │ s08 │ anger1_2        │ macro-expression │ Onset=  434  Offset=  450  SeqLen=  17 │ fear → Negative │ Frames=✗
2026-04-01 18:55:12 │ DEBUG    │ CASME2SquaredUnifier           │ Calculated Sequence Length: 14  (Onset=608, Offset=621, Video='anger1_3')
2026-04-01 18:55:12 │ DEBUG    │ CASME2SquaredUnifier           │ CAS(ME)^2 cross-check: raw_emotion='surprise' → unified='Surprise', coarse_category='others'
2026-04-01 18:55:12 │ DEBUG    │ CASME2SquaredUnifier           │ Frames directory NOT found: C:\Users\Addhyan\Desktop\Thesis\Thesis3\DATASETS\cropped\8\anger1_3
2026-04-01 18:55:12 │ DEBUG    │ CASME2SquaredUnifier           │ CASME2_SQ │ s08 │ anger1_3        │ micro-expression │ Onset=  608  Offset=  621  SeqLen=  14 │ surprise → Surprise │ Frames=✗
2026-04-01 18:55:12 │ DEBUG    │ CASME2SquaredUnifier           │ Calculated Sequence Length: 15  (Onset=963, Offset=977, Video='anger1_4')
2026-04-01 18:55:12 │ DEBUG    │ CASME2SquaredUnifier           │ CAS(ME)^2 cross-check: raw_emotion='pain' → unified='Others', coarse_category='negative'
2026-04-01 18:55:12 │ DEBUG    │ CASME2SquaredUnifier           │ Frames directory NOT found: C:\Users\Addhyan\Desktop\Thesis\Thesis3\DATASETS\cropped\8\anger1_4
2026-04-01 18:55:12 │ DEBUG    │ CASME2SquaredUnifier           │ CASME2_SQ │ s08 │ anger1_4        │ micro-expression │ Onset=  963  Offset=  977  SeqLen=  15 │ pain → Others │ Frames=✗
2026-04-01 18:55:12 │ DEBUG    │ CASME2SquaredUnifier           │ Offset is 0 or negative for 'anger1_5' — marking sequence length as -1 (unknown).
2026-04-01 18:55:12 │ DEBUG    │ CASME2SquaredUnifier           │ CAS(ME)^2 cross-check: raw_emotion='helpless' → unified='Others', coarse_category='negative'
2026-04-01 18:55:12 │ DEBUG    │ CASME2SquaredUnifier           │ Frames directory NOT found: C:\Users\Addhyan\Desktop\Thesis\Thesis3\DATASETS\cropped\8\anger1_5
2026-04-01 18:55:12 │ DEBUG    │ CASME2SquaredUnifier           │ CASME2_SQ │ s08 │ anger1_5        │ macro-expression │ Onset= 1262  Offset=    0  SeqLen=  -1 │ helpless → Others │ Frames=✗
2026-04-01 18:55:12 │ DEBUG    │ CASME2SquaredUnifier           │ Calculated Sequence Length: 13  (Onset=1890, Offset=1902, Video='anger1_6')
2026-04-01 18:55:12 │ DEBUG    │ CASME2SquaredUnifier           │ CAS(ME)^2 cross-check: raw_emotion='anger' → unified='Negative', coarse_category='negative'
2026-04-01 18:55:12 │ DEBUG    │ CASME2SquaredUnifier           │ Frames directory NOT found: C:\Users\Addhyan\Desktop\Thesis\Thesis3\DATASETS\cropped\8\anger1_6
2026-04-01 18:55:12 │ DEBUG    │ CASME2SquaredUnifier           │ CASME2_SQ │ s08 │ anger1_6        │ micro-expression │ Onset= 1890  Offset= 1902  SeqLen=  13 │ anger → Negative │ Frames=✗
2026-04-01 18:55:12 │ DEBUG    │ CASME2SquaredUnifier           │ Calculated Sequence Length: 48  (Onset=1903, Offset=1950, Video='anger1_7')
2026-04-01 18:55:12 │ DEBUG    │ CASME2SquaredUnifier           │ CAS(ME)^2 cross-check: raw_emotion='anger' → unified='Negative', coarse_category='negative'
2026-04-01 18:55:12 │ DEBUG    │ CASME2SquaredUnifier           │ Frames directory NOT found: C:\Users\Addhyan\Desktop\Thesis\Thesis3\DATASETS\cropped\8\anger1_7
2026-04-01 18:55:12 │ DEBUG    │ CASME2SquaredUnifier           │ CASME2_SQ │ s08 │ anger1_7        │ macro-expression │ Onset= 1903  Offset= 1950  SeqLen=  48 │ anger → Negative │ Frames=✗
2026-04-01 18:55:12 │ DEBUG    │ CASME2SquaredUnifier           │ Calculated Sequence Length: 13  (Onset=2181, Offset=2193, Video='anger1_8')
2026-04-01 18:55:12 │ DEBUG    │ CASME2SquaredUnifier           │ CAS(ME)^2 cross-check: raw_emotion='helpless' → unified='Others', coarse_category='negative'
2026-04-01 18:55:12 │ DEBUG    │ CASME2SquaredUnifier           │ Frames directory NOT found: C:\Users\Addhyan\Desktop\Thesis\Thesis3\DATASETS\cropped\8\anger1_8
2026-04-01 18:55:12 │ DEBUG    │ CASME2SquaredUnifier           │ CASME2_SQ │ s08 │ anger1_8        │ micro-expression │ Onset= 2181  Offset= 2193  SeqLen=  13 │ helpless → Others │ Frames=✗
2026-04-01 18:55:12 │ DEBUG    │ CASME2SquaredUnifier           │ Calculated Sequence Length: 69  (Onset=2208, Offset=2276, Video='anger1_9')
2026-04-01 18:55:12 │ DEBUG    │ CASME2SquaredUnifier           │ CAS(ME)^2 cross-check: raw_emotion='sadness' → unified='Negative', coarse_category='negative'
2026-04-01 18:55:12 │ DEBUG    │ CASME2SquaredUnifier           │ Frames directory NOT found: C:\Users\Addhyan\Desktop\Thesis\Thesis3\DATASETS\cropped\8\anger1_9
2026-04-01 18:55:12 │ DEBUG    │ CASME2SquaredUnifier           │ CASME2_SQ │ s08 │ anger1_9        │ macro-expression │ Onset= 2208  Offset= 2276  SeqLen=  69 │ sadness → Negative │ Frames=✗
2026-04-01 18:55:12 │ DEBUG    │ CASME2SquaredUnifier           │ Calculated Sequence Length: 34  (Onset=2543, Offset=2576, Video='anger1_10')
2026-04-01 18:55:12 │ DEBUG    │ CASME2SquaredUnifier           │ CAS(ME)^2 cross-check: raw_emotion='helpless' → unified='Others', coarse_category='negative'
2026-04-01 18:55:12 │ DEBUG    │ CASME2SquaredUnifier           │ Frames directory NOT found: C:\Users\Addhyan\Desktop\Thesis\Thesis3\DATASETS\cropped\8\anger1_10
2026-04-01 18:55:12 │ DEBUG    │ CASME2SquaredUnifier           │ CASME2_SQ │ s08 │ anger1_10       │ macro-expression │ Onset= 2543  Offset= 2576  SeqLen=  34 │ helpless → Others │ Frames=✗
2026-04-01 18:55:12 │ DEBUG    │ CASME2SquaredUnifier           │ Calculated Sequence Length: 30  (Onset=3411, Offset=3440, Video='anger1_11')
2026-04-01 18:55:12 │ DEBUG    │ CASME2SquaredUnifier           │ CAS(ME)^2 cross-check: raw_emotion='helpless' → unified='Others', coarse_category='negative'
2026-04-01 18:55:12 │ DEBUG    │ CASME2SquaredUnifier           │ Frames directory NOT found: C:\Users\Addhyan\Desktop\Thesis\Thesis3\DATASETS\cropped\8\anger1_11
2026-04-01 18:55:12 │ DEBUG    │ CASME2SquaredUnifier           │ CASME2_SQ │ s08 │ anger1_11       │ macro-expression │ Onset= 3411  Offset= 3440  SeqLen=  30 │ helpless → Others │ Frames=✗
2026-04-01 18:55:12 │ DEBUG    │ CASME2SquaredUnifier           │ Calculated Sequence Length: 13  (Onset=3441, Offset=3453, Video='anger1_12')
2026-04-01 18:55:12 │ DEBUG    │ CASME2SquaredUnifier           │ CAS(ME)^2 cross-check: raw_emotion='anger' → unified='Negative', coarse_category='negative'
2026-04-01 18:55:12 │ DEBUG    │ CASME2SquaredUnifier           │ Frames directory NOT found: C:\Users\Addhyan\Desktop\Thesis\Thesis3\DATASETS\cropped\8\anger1_12
2026-04-01 18:55:12 │ DEBUG    │ CASME2SquaredUnifier           │ CASME2_SQ │ s08 │ anger1_12       │ micro-expression │ Onset= 3441  Offset= 3453  SeqLen=  13 │ anger → Negative │ Frames=✗
2026-04-01 18:55:12 │ DEBUG    │ CASME2SquaredUnifier           │ Calculated Sequence Length: 46  (Onset=3297, Offset=3342, Video='anger2_1')
2026-04-01 18:55:12 │ DEBUG    │ CASME2SquaredUnifier           │ CAS(ME)^2 cross-check: raw_emotion='anger' → unified='Negative', coarse_category='negative'
2026-04-01 18:55:12 │ DEBUG    │ CASME2SquaredUnifier           │ Frames directory NOT found: C:\Users\Addhyan\Desktop\Thesis\Thesis3\DATASETS\cropped\8\anger2_1
2026-04-01 18:55:12 │ DEBUG    │ CASME2SquaredUnifier           │ CASME2_SQ │ s08 │ anger2_1        │ macro-expression │ Onset= 3297  Offset= 3342  SeqLen=  46 │ anger → Negative │ Frames=✗
2026-04-01 18:55:12 │ DEBUG    │ CASME2SquaredUnifier           │ Calculated Sequence Length: 47  (Onset=3553, Offset=3599, Video='anger2_2')
2026-04-01 18:55:12 │ DEBUG    │ CASME2SquaredUnifier           │ CAS(ME)^2 cross-check: raw_emotion='anger' → unified='Negative', coarse_category='negative'
2026-04-01 18:55:12 │ DEBUG    │ CASME2SquaredUnifier           │ Frames directory NOT found: C:\Users\Addhyan\Desktop\Thesis\Thesis3\DATASETS\cropped\8\anger2_2
2026-04-01 18:55:12 │ DEBUG    │ CASME2SquaredUnifier           │ CASME2_SQ │ s08 │ anger2_2        │ macro-expression │ Onset= 3553  Offset= 3599  SeqLen=  47 │ anger → Negative │ Frames=✗
2026-04-01 18:55:12 │ DEBUG    │ CASME2SquaredUnifier           │ Calculated Sequence Length: 25  (Onset=1356, Offset=1380, Video='disgust1_1')
2026-04-01 18:55:12 │ DEBUG    │ CASME2SquaredUnifier           │ CAS(ME)^2 cross-check: raw_emotion='disgust' → unified='Negative', coarse_category='negative'
2026-04-01 18:55:12 │ DEBUG    │ CASME2SquaredUnifier           │ Frames directory NOT found: C:\Users\Addhyan\Desktop\Thesis\Thesis3\DATASETS\cropped\8\disgust1_1
2026-04-01 18:55:12 │ DEBUG    │ CASME2SquaredUnifier           │ CASME2_SQ │ s08 │ disgust1_1      │ macro-expression │ Onset= 1356  Offset= 1380  SeqLen=  25 │ disgust → Negative │ Frames=✗
2026-04-01 18:55:12 │ DEBUG    │ CASME2SquaredUnifier           │ Calculated Sequence Length: 37  (Onset=1383, Offset=1419, Video='disgust1_2')
2026-04-01 18:55:12 │ DEBUG    │ CASME2SquaredUnifier           │ CAS(ME)^2 cross-check: raw_emotion='disgust' → unified='Negative', coarse_category='negative'
2026-04-01 18:55:12 │ DEBUG    │ CASME2SquaredUnifier           │ Frames directory NOT found: C:\Users\Addhyan\Desktop\Thesis\Thesis3\DATASETS\cropped\8\disgust1_2
2026-04-01 18:55:12 │ DEBUG    │ CASME2SquaredUnifier           │ CASME2_SQ │ s08 │ disgust1_2      │ macro-expression │ Onset= 1383  Offset= 1419  SeqLen=  37 │ disgust → Negative │ Frames=✗
2026-04-01 18:55:12 │ DEBUG    │ CASME2SquaredUnifier           │ Calculated Sequence Length: 18  (Onset=852, Offset=869, Video='happy1_1')
2026-04-01 18:55:12 │ DEBUG    │ CASME2SquaredUnifier           │ CAS(ME)^2 cross-check: raw_emotion='happiness' → unified='Positive', coarse_category='positive'
2026-04-01 18:55:12 │ DEBUG    │ CASME2SquaredUnifier           │ Frames directory NOT found: C:\Users\Addhyan\Desktop\Thesis\Thesis3\DATASETS\cropped\8\happy1_1
2026-04-01 18:55:12 │ DEBUG    │ CASME2SquaredUnifier           │ CASME2_SQ │ s08 │ happy1_1        │ macro-expression │ Onset=  852  Offset=  869  SeqLen=  18 │ happiness → Positive │ Frames=✗
2026-04-01 18:55:12 │ DEBUG    │ CASME2SquaredUnifier           │ Calculated Sequence Length: 24  (Onset=1078, Offset=1101, Video='happy1_2')
2026-04-01 18:55:12 │ DEBUG    │ CASME2SquaredUnifier           │ CAS(ME)^2 cross-check: raw_emotion='happiness' → unified='Positive', coarse_category='positive'
2026-04-01 18:55:12 │ DEBUG    │ CASME2SquaredUnifier           │ Frames directory NOT found: C:\Users\Addhyan\Desktop\Thesis\Thesis3\DATASETS\cropped\8\happy1_2
2026-04-01 18:55:12 │ DEBUG    │ CASME2SquaredUnifier           │ CASME2_SQ │ s08 │ happy1_2        │ macro-expression │ Onset= 1078  Offset= 1101  SeqLen=  24 │ happiness → Positive │ Frames=✗
2026-04-01 18:55:12 │ DEBUG    │ CASME2SquaredUnifier           │ Calculated Sequence Length: 47  (Onset=1584, Offset=1630, Video='happy1_3')
2026-04-01 18:55:12 │ DEBUG    │ CASME2SquaredUnifier           │ CAS(ME)^2 cross-check: raw_emotion='happiness' → unified='Positive', coarse_category='positive'
2026-04-01 18:55:12 │ DEBUG    │ CASME2SquaredUnifier           │ Frames directory NOT found: C:\Users\Addhyan\Desktop\Thesis\Thesis3\DATASETS\cropped\8\happy1_3
2026-04-01 18:55:12 │ DEBUG    │ CASME2SquaredUnifier           │ CASME2_SQ │ s08 │ happy1_3        │ macro-expression │ Onset= 1584  Offset= 1630  SeqLen=  47 │ happiness → Positive │ Frames=✗
2026-04-01 18:55:12 │ DEBUG    │ CASME2SquaredUnifier           │ Calculated Sequence Length: 27  (Onset=1863, Offset=1889, Video='happy1_4')
2026-04-01 18:55:12 │ DEBUG    │ CASME2SquaredUnifier           │ CAS(ME)^2 cross-check: raw_emotion='happiness' → unified='Positive', coarse_category='positive'
2026-04-01 18:55:12 │ DEBUG    │ CASME2SquaredUnifier           │ Frames directory NOT found: C:\Users\Addhyan\Desktop\Thesis\Thesis3\DATASETS\cropped\8\happy1_4
2026-04-01 18:55:12 │ DEBUG    │ CASME2SquaredUnifier           │ CASME2_SQ │ s08 │ happy1_4        │ macro-expression │ Onset= 1863  Offset= 1889  SeqLen=  27 │ happiness → Positive │ Frames=✗
2026-04-01 18:55:12 │ DEBUG    │ CASME2SquaredUnifier           │ Calculated Sequence Length: 50  (Onset=832, Offset=881, Video='happy4_1')
2026-04-01 18:55:12 │ DEBUG    │ CASME2SquaredUnifier           │ CAS(ME)^2 cross-check: raw_emotion='happiness' → unified='Positive', coarse_category='positive'
2026-04-01 18:55:12 │ DEBUG    │ CASME2SquaredUnifier           │ Frames directory NOT found: C:\Users\Addhyan\Desktop\Thesis\Thesis3\DATASETS\cropped\8\happy4_1
2026-04-01 18:55:12 │ DEBUG    │ CASME2SquaredUnifier           │ CASME2_SQ │ s08 │ happy4_1        │ macro-expression │ Onset=  832  Offset=  881  SeqLen=  50 │ happiness → Positive │ Frames=✗
2026-04-01 18:55:12 │ DEBUG    │ CASME2SquaredUnifier           │ Calculated Sequence Length: 44  (Onset=1421, Offset=1464, Video='happy4_2')
2026-04-01 18:55:12 │ DEBUG    │ CASME2SquaredUnifier           │ CAS(ME)^2 cross-check: raw_emotion='happiness' → unified='Positive', coarse_category='positive'
2026-04-01 18:55:12 │ DEBUG    │ CASME2SquaredUnifier           │ Frames directory NOT found: C:\Users\Addhyan\Desktop\Thesis\Thesis3\DATASETS\cropped\8\happy4_2
2026-04-01 18:55:12 │ DEBUG    │ CASME2SquaredUnifier           │ CASME2_SQ │ s08 │ happy4_2        │ macro-expression │ Onset= 1421  Offset= 1464  SeqLen=  44 │ happiness → Positive │ Frames=✗
2026-04-01 18:55:12 │ DEBUG    │ CASME2SquaredUnifier           │ Offset is 0 or negative for 'happy4_3' — marking sequence length as -1 (unknown).
2026-04-01 18:55:12 │ DEBUG    │ CASME2SquaredUnifier           │ CAS(ME)^2 cross-check: raw_emotion='happiness' → unified='Positive', coarse_category='surprise'
2026-04-01 18:55:12 │ DEBUG    │ CASME2SquaredUnifier           │ Frames directory NOT found: C:\Users\Addhyan\Desktop\Thesis\Thesis3\DATASETS\cropped\8\happy4_3
2026-04-01 18:55:12 │ DEBUG    │ CASME2SquaredUnifier           │ CASME2_SQ │ s08 │ happy4_3        │ macro-expression │ Onset= 1648  Offset=    0  SeqLen=  -1 │ happiness → Positive │ Frames=✗
2026-04-01 18:55:12 │ DEBUG    │ CASME2SquaredUnifier           │ Calculated Sequence Length: 40  (Onset=1664, Offset=1703, Video='happy4_4')
2026-04-01 18:55:12 │ DEBUG    │ CASME2SquaredUnifier           │ CAS(ME)^2 cross-check: raw_emotion='happiness' → unified='Positive', coarse_category='positive'
2026-04-01 18:55:12 │ DEBUG    │ CASME2SquaredUnifier           │ Frames directory NOT found: C:\Users\Addhyan\Desktop\Thesis\Thesis3\DATASETS\cropped\8\happy4_4
2026-04-01 18:55:12 │ DEBUG    │ CASME2SquaredUnifier           │ CASME2_SQ │ s08 │ happy4_4        │ macro-expression │ Onset= 1664  Offset= 1703  SeqLen=  40 │ happiness → Positive │ Frames=✗
2026-04-01 18:55:12 │ DEBUG    │ CASME2SquaredUnifier           │ Calculated Sequence Length: 13  (Onset=1836, Offset=1848, Video='happy4_5')
2026-04-01 18:55:12 │ DEBUG    │ CASME2SquaredUnifier           │ CAS(ME)^2 cross-check: raw_emotion='happiness' → unified='Positive', coarse_category='positive'
2026-04-01 18:55:12 │ DEBUG    │ CASME2SquaredUnifier           │ Frames directory NOT found: C:\Users\Addhyan\Desktop\Thesis\Thesis3\DATASETS\cropped\8\happy4_5
2026-04-01 18:55:12 │ DEBUG    │ CASME2SquaredUnifier           │ CASME2_SQ │ s08 │ happy4_5        │ micro-expression │ Onset= 1836  Offset= 1848  SeqLen=  13 │ happiness → Positive │ Frames=✗
2026-04-01 18:55:12 │ DEBUG    │ CASME2SquaredUnifier           │ Calculated Sequence Length: 25  (Onset=1858, Offset=1882, Video='happy4_6')
2026-04-01 18:55:12 │ DEBUG    │ CASME2SquaredUnifier           │ CAS(ME)^2 cross-check: raw_emotion='happiness' → unified='Positive', coarse_category='positive'
2026-04-01 18:55:12 │ DEBUG    │ CASME2SquaredUnifier           │ Frames directory NOT found: C:\Users\Addhyan\Desktop\Thesis\Thesis3\DATASETS\cropped\8\happy4_6
2026-04-01 18:55:12 │ DEBUG    │ CASME2SquaredUnifier           │ CASME2_SQ │ s08 │ happy4_6        │ macro-expression │ Onset= 1858  Offset= 1882  SeqLen=  25 │ happiness → Positive │ Frames=✗
2026-04-01 18:55:12 │ DEBUG    │ CASME2SquaredUnifier           │ Calculated Sequence Length: 15  (Onset=1951, Offset=1965, Video='happy4_7')
2026-04-01 18:55:12 │ DEBUG    │ CASME2SquaredUnifier           │ CAS(ME)^2 cross-check: raw_emotion='happiness' → unified='Positive', coarse_category='surprise'
2026-04-01 18:55:12 │ DEBUG    │ CASME2SquaredUnifier           │ Frames directory NOT found: C:\Users\Addhyan\Desktop\Thesis\Thesis3\DATASETS\cropped\8\happy4_7
2026-04-01 18:55:12 │ DEBUG    │ CASME2SquaredUnifier           │ CASME2_SQ │ s08 │ happy4_7        │ micro-expression │ Onset= 1951  Offset= 1965  SeqLen=  15 │ happiness → Positive │ Frames=✗
2026-04-01 18:55:12 │ DEBUG    │ CASME2SquaredUnifier           │ Calculated Sequence Length: 40  (Onset=2005, Offset=2044, Video='happy4_8')
2026-04-01 18:55:12 │ DEBUG    │ CASME2SquaredUnifier           │ CAS(ME)^2 cross-check: raw_emotion='happiness' → unified='Positive', coarse_category='positive'
2026-04-01 18:55:12 │ DEBUG    │ CASME2SquaredUnifier           │ Frames directory NOT found: C:\Users\Addhyan\Desktop\Thesis\Thesis3\DATASETS\cropped\8\happy4_8
2026-04-01 18:55:12 │ DEBUG    │ CASME2SquaredUnifier           │ CASME2_SQ │ s08 │ happy4_8        │ macro-expression │ Onset= 2005  Offset= 2044  SeqLen=  40 │ happiness → Positive │ Frames=✗
2026-04-01 18:55:12 │ DEBUG    │ CASME2SquaredUnifier           │ Calculated Sequence Length: 19  (Onset=2229, Offset=2247, Video='happy4_9')
2026-04-01 18:55:12 │ DEBUG    │ CASME2SquaredUnifier           │ CAS(ME)^2 cross-check: raw_emotion='happiness' → unified='Positive', coarse_category='negative'
2026-04-01 18:55:12 │ DEBUG    │ CASME2SquaredUnifier           │ Frames directory NOT found: C:\Users\Addhyan\Desktop\Thesis\Thesis3\DATASETS\cropped\8\happy4_9
2026-04-01 18:55:12 │ DEBUG    │ CASME2SquaredUnifier           │ CASME2_SQ │ s08 │ happy4_9        │ macro-expression │ Onset= 2229  Offset= 2247  SeqLen=  19 │ happiness → Positive │ Frames=✗
2026-04-01 18:55:12 │ DEBUG    │ CASME2SquaredUnifier           │ Calculated Sequence Length: 56  (Onset=2691, Offset=2746, Video='happy4_10')
2026-04-01 18:55:12 │ DEBUG    │ CASME2SquaredUnifier           │ CAS(ME)^2 cross-check: raw_emotion='happiness' → unified='Positive', coarse_category='positive'
2026-04-01 18:55:12 │ DEBUG    │ CASME2SquaredUnifier           │ Frames directory NOT found: C:\Users\Addhyan\Desktop\Thesis\Thesis3\DATASETS\cropped\8\happy4_10
2026-04-01 18:55:12 │ DEBUG    │ CASME2SquaredUnifier           │ CASME2_SQ │ s08 │ happy4_10       │ macro-expression │ Onset= 2691  Offset= 2746  SeqLen=  56 │ happiness → Positive │ Frames=✗
2026-04-01 18:55:12 │ DEBUG    │ CASME2SquaredUnifier           │ Calculated Sequence Length: 56  (Onset=3168, Offset=3223, Video='happy4_11')
2026-04-01 18:55:12 │ DEBUG    │ CASME2SquaredUnifier           │ CAS(ME)^2 cross-check: raw_emotion='happiness' → unified='Positive', coarse_category='positive'
2026-04-01 18:55:12 │ DEBUG    │ CASME2SquaredUnifier           │ Frames directory NOT found: C:\Users\Addhyan\Desktop\Thesis\Thesis3\DATASETS\cropped\8\happy4_11
2026-04-01 18:55:12 │ DEBUG    │ CASME2SquaredUnifier           │ CASME2_SQ │ s08 │ happy4_11       │ macro-expression │ Onset= 3168  Offset= 3223  SeqLen=  56 │ happiness → Positive │ Frames=✗
2026-04-01 18:55:12 │ DEBUG    │ CASME2SquaredUnifier           │ Calculated Sequence Length: 16  (Onset=3233, Offset=3248, Video='happy4_12')
2026-04-01 18:55:12 │ DEBUG    │ CASME2SquaredUnifier           │ CAS(ME)^2 cross-check: raw_emotion='happiness' → unified='Positive', coarse_category='positive'
2026-04-01 18:55:12 │ DEBUG    │ CASME2SquaredUnifier           │ Frames directory NOT found: C:\Users\Addhyan\Desktop\Thesis\Thesis3\DATASETS\cropped\8\happy4_12
2026-04-01 18:55:12 │ DEBUG    │ CASME2SquaredUnifier           │ CASME2_SQ │ s08 │ happy4_12       │ micro-expression │ Onset= 3233  Offset= 3248  SeqLen=  16 │ happiness → Positive │ Frames=✗
2026-04-01 18:55:12 │ DEBUG    │ CASME2SquaredUnifier           │ Calculated Sequence Length: 15  (Onset=113, Offset=127, Video='disgust1_1')
2026-04-01 18:55:12 │ DEBUG    │ CASME2SquaredUnifier           │ CAS(ME)^2 cross-check: raw_emotion='pain' → unified='Others', coarse_category='negative'
2026-04-01 18:55:12 │ DEBUG    │ CASME2SquaredUnifier           │ Frames directory NOT found: C:\Users\Addhyan\Desktop\Thesis\Thesis3\DATASETS\cropped\9\disgust1_1
2026-04-01 18:55:12 │ DEBUG    │ CASME2SquaredUnifier           │ CASME2_SQ │ s09 │ disgust1_1      │ micro-expression │ Onset=  113  Offset=  127  SeqLen=  15 │ pain → Others │ Frames=✗
2026-04-01 18:55:12 │ DEBUG    │ CASME2SquaredUnifier           │ Calculated Sequence Length: 21  (Onset=470, Offset=490, Video='disgust2_1')
2026-04-01 18:55:12 │ DEBUG    │ CASME2SquaredUnifier           │ CAS(ME)^2 cross-check: raw_emotion='disgust' → unified='Negative', coarse_category='negative'
2026-04-01 18:55:12 │ DEBUG    │ CASME2SquaredUnifier           │ Frames directory NOT found: C:\Users\Addhyan\Desktop\Thesis\Thesis3\DATASETS\cropped\9\disgust2_1
2026-04-01 18:55:12 │ DEBUG    │ CASME2SquaredUnifier           │ CASME2_SQ │ s09 │ disgust2_1      │ macro-expression │ Onset=  470  Offset=  490  SeqLen=  21 │ disgust → Negative │ Frames=✗
2026-04-01 18:55:12 │ DEBUG    │ CASME2SquaredUnifier           │ Calculated Sequence Length: 13  (Onset=996, Offset=1008, Video='disgust2_2')
2026-04-01 18:55:12 │ DEBUG    │ CASME2SquaredUnifier           │ CAS(ME)^2 cross-check: raw_emotion='disgust' → unified='Negative', coarse_category='negative'
2026-04-01 18:55:12 │ DEBUG    │ CASME2SquaredUnifier           │ Frames directory NOT found: C:\Users\Addhyan\Desktop\Thesis\Thesis3\DATASETS\cropped\9\disgust2_2
2026-04-01 18:55:12 │ DEBUG    │ CASME2SquaredUnifier           │ CASME2_SQ │ s09 │ disgust2_2      │ micro-expression │ Onset=  996  Offset= 1008  SeqLen=  13 │ disgust → Negative │ Frames=✗
2026-04-01 18:55:12 │ DEBUG    │ CASME2SquaredUnifier           │ Calculated Sequence Length: 10  (Onset=1008, Offset=1017, Video='disgust2_3')
2026-04-01 18:55:12 │ DEBUG    │ CASME2SquaredUnifier           │ CAS(ME)^2 cross-check: raw_emotion='disgust' → unified='Negative', coarse_category='negative'
2026-04-01 18:55:12 │ DEBUG    │ CASME2SquaredUnifier           │ Frames directory NOT found: C:\Users\Addhyan\Desktop\Thesis\Thesis3\DATASETS\cropped\9\disgust2_3
2026-04-01 18:55:12 │ DEBUG    │ CASME2SquaredUnifier           │ CASME2_SQ │ s09 │ disgust2_3      │ micro-expression │ Onset= 1008  Offset= 1017  SeqLen=  10 │ disgust → Negative │ Frames=✗
2026-04-01 18:55:12 │ DEBUG    │ CASME2SquaredUnifier           │ Calculated Sequence Length: 17  (Onset=1018, Offset=1034, Video='disgust2_4')
2026-04-01 18:55:12 │ DEBUG    │ CASME2SquaredUnifier           │ CAS(ME)^2 cross-check: raw_emotion='disgust' → unified='Negative', coarse_category='negative'
2026-04-01 18:55:12 │ DEBUG    │ CASME2SquaredUnifier           │ Frames directory NOT found: C:\Users\Addhyan\Desktop\Thesis\Thesis3\DATASETS\cropped\9\disgust2_4
2026-04-01 18:55:12 │ DEBUG    │ CASME2SquaredUnifier           │ CASME2_SQ │ s09 │ disgust2_4      │ micro-expression │ Onset= 1018  Offset= 1034  SeqLen=  17 │ disgust → Negative │ Frames=✗
2026-04-01 18:55:12 │ DEBUG    │ CASME2SquaredUnifier           │ Calculated Sequence Length: 73  (Onset=841, Offset=913, Video='happy1_1')
2026-04-01 18:55:12 │ DEBUG    │ CASME2SquaredUnifier           │ CAS(ME)^2 cross-check: raw_emotion='happiness' → unified='Positive', coarse_category='positive'
2026-04-01 18:55:12 │ DEBUG    │ CASME2SquaredUnifier           │ Frames directory NOT found: C:\Users\Addhyan\Desktop\Thesis\Thesis3\DATASETS\cropped\9\happy1_1
2026-04-01 18:55:12 │ DEBUG    │ CASME2SquaredUnifier           │ CASME2_SQ │ s09 │ happy1_1        │ macro-expression │ Onset=  841  Offset=  913  SeqLen=  73 │ happiness → Positive │ Frames=✗
2026-04-01 18:55:12 │ DEBUG    │ CASME2SquaredUnifier           │ Calculated Sequence Length: 40  (Onset=945, Offset=984, Video='happy1_2')
2026-04-01 18:55:12 │ DEBUG    │ CASME2SquaredUnifier           │ CAS(ME)^2 cross-check: raw_emotion='happiness' → unified='Positive', coarse_category='positive'
2026-04-01 18:55:12 │ DEBUG    │ CASME2SquaredUnifier           │ Frames directory NOT found: C:\Users\Addhyan\Desktop\Thesis\Thesis3\DATASETS\cropped\9\happy1_2
2026-04-01 18:55:12 │ DEBUG    │ CASME2SquaredUnifier           │ CASME2_SQ │ s09 │ happy1_2        │ macro-expression │ Onset=  945  Offset=  984  SeqLen=  40 │ happiness → Positive │ Frames=✗
2026-04-01 18:55:12 │ DEBUG    │ CASME2SquaredUnifier           │ Calculated Sequence Length: 45  (Onset=123, Offset=167, Video='happy5_1')
2026-04-01 18:55:12 │ DEBUG    │ CASME2SquaredUnifier           │ CAS(ME)^2 cross-check: raw_emotion='happiness' → unified='Positive', coarse_category='positive'
2026-04-01 18:55:12 │ DEBUG    │ CASME2SquaredUnifier           │ Frames directory NOT found: C:\Users\Addhyan\Desktop\Thesis\Thesis3\DATASETS\cropped\9\happy5_1
2026-04-01 18:55:12 │ DEBUG    │ CASME2SquaredUnifier           │ CASME2_SQ │ s09 │ happy5_1        │ macro-expression │ Onset=  123  Offset=  167  SeqLen=  45 │ happiness → Positive │ Frames=✗
2026-04-01 18:55:12 │ DEBUG    │ CASME2SquaredUnifier           │ Offset is 0 or negative for 'happy5_2' — marking sequence length as -1 (unknown).
2026-04-01 18:55:12 │ DEBUG    │ CASME2SquaredUnifier           │ CAS(ME)^2 cross-check: raw_emotion='happiness' → unified='Positive', coarse_category='positive'
2026-04-01 18:55:12 │ DEBUG    │ CASME2SquaredUnifier           │ Frames directory NOT found: C:\Users\Addhyan\Desktop\Thesis\Thesis3\DATASETS\cropped\9\happy5_2
2026-04-01 18:55:12 │ DEBUG    │ CASME2SquaredUnifier           │ CASME2_SQ │ s09 │ happy5_2        │ macro-expression │ Onset=  189  Offset=    0  SeqLen=  -1 │ happiness → Positive │ Frames=✗
2026-04-01 18:55:12 │ DEBUG    │ CASME2SquaredUnifier           │ Calculated Sequence Length: 48  (Onset=575, Offset=622, Video='anger1_1')
2026-04-01 18:55:12 │ DEBUG    │ CASME2SquaredUnifier           │ CAS(ME)^2 cross-check: raw_emotion='fear' → unified='Negative', coarse_category='others'
2026-04-01 18:55:12 │ DEBUG    │ CASME2SquaredUnifier           │ Frames directory NOT found: C:\Users\Addhyan\Desktop\Thesis\Thesis3\DATASETS\cropped\10\anger1_1
2026-04-01 18:55:12 │ DEBUG    │ CASME2SquaredUnifier           │ CASME2_SQ │ s10 │ anger1_1        │ macro-expression │ Onset=  575  Offset=  622  SeqLen=  48 │ fear → Negative │ Frames=✗
2026-04-01 18:55:12 │ DEBUG    │ CASME2SquaredUnifier           │ Calculated Sequence Length: 27  (Onset=1014, Offset=1040, Video='disgust1_1')
2026-04-01 18:55:12 │ DEBUG    │ CASME2SquaredUnifier           │ CAS(ME)^2 cross-check: raw_emotion='disgust' → unified='Negative', coarse_category='others'
2026-04-01 18:55:12 │ DEBUG    │ CASME2SquaredUnifier           │ Frames directory NOT found: C:\Users\Addhyan\Desktop\Thesis\Thesis3\DATASETS\cropped\10\disgust1_1
2026-04-01 18:55:12 │ DEBUG    │ CASME2SquaredUnifier           │ CASME2_SQ │ s10 │ disgust1_1      │ macro-expression │ Onset= 1014  Offset= 1040  SeqLen=  27 │ disgust → Negative │ Frames=✗
2026-04-01 18:55:12 │ DEBUG    │ CASME2SquaredUnifier           │ Calculated Sequence Length: 38  (Onset=308, Offset=345, Video='disgust2_1')
2026-04-01 18:55:12 │ DEBUG    │ CASME2SquaredUnifier           │ CAS(ME)^2 cross-check: raw_emotion='disgust' → unified='Negative', coarse_category='others'
2026-04-01 18:55:12 │ DEBUG    │ CASME2SquaredUnifier           │ Frames directory NOT found: C:\Users\Addhyan\Desktop\Thesis\Thesis3\DATASETS\cropped\10\disgust2_1
2026-04-01 18:55:12 │ DEBUG    │ CASME2SquaredUnifier           │ CASME2_SQ │ s10 │ disgust2_1      │ macro-expression │ Onset=  308  Offset=  345  SeqLen=  38 │ disgust → Negative │ Frames=✗
2026-04-01 18:55:12 │ DEBUG    │ CASME2SquaredUnifier           │ Calculated Sequence Length: 20  (Onset=428, Offset=447, Video='disgust2_2')
2026-04-01 18:55:12 │ DEBUG    │ CASME2SquaredUnifier           │ CAS(ME)^2 cross-check: raw_emotion='disgust' → unified='Negative', coarse_category='others'
2026-04-01 18:55:12 │ DEBUG    │ CASME2SquaredUnifier           │ Frames directory NOT found: C:\Users\Addhyan\Desktop\Thesis\Thesis3\DATASETS\cropped\10\disgust2_2
2026-04-01 18:55:12 │ DEBUG    │ CASME2SquaredUnifier           │ CASME2_SQ │ s10 │ disgust2_2      │ macro-expression │ Onset=  428  Offset=  447  SeqLen=  20 │ disgust → Negative │ Frames=✗
2026-04-01 18:55:12 │ DEBUG    │ CASME2SquaredUnifier           │ Offset is 0 or negative for 'happy2_1' — marking sequence length as -1 (unknown).
2026-04-01 18:55:12 │ DEBUG    │ CASME2SquaredUnifier           │ CAS(ME)^2 cross-check: raw_emotion='confused' → unified='Others', coarse_category='negative'
2026-04-01 18:55:12 │ DEBUG    │ CASME2SquaredUnifier           │ Frames directory NOT found: C:\Users\Addhyan\Desktop\Thesis\Thesis3\DATASETS\cropped\10\happy2_1
2026-04-01 18:55:12 │ DEBUG    │ CASME2SquaredUnifier           │ CASME2_SQ │ s10 │ happy2_1        │ macro-expression │ Onset=  408  Offset=    0  SeqLen=  -1 │ confused → Others │ Frames=✗
2026-04-01 18:55:12 │ DEBUG    │ CASME2SquaredUnifier           │ Calculated Sequence Length: 31  (Onset=1727, Offset=1757, Video='happy2_2')
2026-04-01 18:55:12 │ DEBUG    │ CASME2SquaredUnifier           │ CAS(ME)^2 cross-check: raw_emotion='confused' → unified='Others', coarse_category='negative'
2026-04-01 18:55:12 │ DEBUG    │ CASME2SquaredUnifier           │ Frames directory NOT found: C:\Users\Addhyan\Desktop\Thesis\Thesis3\DATASETS\cropped\10\happy2_2
2026-04-01 18:55:12 │ DEBUG    │ CASME2SquaredUnifier           │ CASME2_SQ │ s10 │ happy2_2        │ macro-expression │ Onset= 1727  Offset= 1757  SeqLen=  31 │ confused → Others │ Frames=✗
2026-04-01 18:55:12 │ DEBUG    │ CASME2SquaredUnifier           │ Calculated Sequence Length: 14  (Onset=352, Offset=365, Video='anger1_1')
2026-04-01 18:55:12 │ DEBUG    │ CASME2SquaredUnifier           │ CAS(ME)^2 cross-check: raw_emotion='surprise' → unified='Surprise', coarse_category='negative'
2026-04-01 18:55:12 │ DEBUG    │ CASME2SquaredUnifier           │ Frames directory NOT found: C:\Users\Addhyan\Desktop\Thesis\Thesis3\DATASETS\cropped\11\anger1_1
2026-04-01 18:55:12 │ DEBUG    │ CASME2SquaredUnifier           │ CASME2_SQ │ s11 │ anger1_1        │ micro-expression │ Onset=  352  Offset=  365  SeqLen=  14 │ surprise → Surprise │ Frames=✗
2026-04-01 18:55:12 │ DEBUG    │ CASME2SquaredUnifier           │ Calculated Sequence Length: 14  (Onset=369, Offset=382, Video='anger1_2')
2026-04-01 18:55:12 │ DEBUG    │ CASME2SquaredUnifier           │ CAS(ME)^2 cross-check: raw_emotion='surprise' → unified='Surprise', coarse_category='negative'
2026-04-01 18:55:12 │ DEBUG    │ CASME2SquaredUnifier           │ Frames directory NOT found: C:\Users\Addhyan\Desktop\Thesis\Thesis3\DATASETS\cropped\11\anger1_2
2026-04-01 18:55:12 │ DEBUG    │ CASME2SquaredUnifier           │ CASME2_SQ │ s11 │ anger1_2        │ micro-expression │ Onset=  369  Offset=  382  SeqLen=  14 │ surprise → Surprise │ Frames=✗
2026-04-01 18:55:12 │ DEBUG    │ CASME2SquaredUnifier           │ Calculated Sequence Length: 13  (Onset=1135, Offset=1147, Video='anger1_3')
2026-04-01 18:55:12 │ DEBUG    │ CASME2SquaredUnifier           │ CAS(ME)^2 cross-check: raw_emotion='anger' → unified='Negative', coarse_category='negative'
2026-04-01 18:55:12 │ DEBUG    │ CASME2SquaredUnifier           │ Frames directory NOT found: C:\Users\Addhyan\Desktop\Thesis\Thesis3\DATASETS\cropped\11\anger1_3
2026-04-01 18:55:12 │ DEBUG    │ CASME2SquaredUnifier           │ CASME2_SQ │ s11 │ anger1_3        │ micro-expression │ Onset= 1135  Offset= 1147  SeqLen=  13 │ anger → Negative │ Frames=✗
2026-04-01 18:55:12 │ DEBUG    │ CASME2SquaredUnifier           │ Calculated Sequence Length: 26  (Onset=1152, Offset=1177, Video='anger1_4')
2026-04-01 18:55:12 │ DEBUG    │ CASME2SquaredUnifier           │ CAS(ME)^2 cross-check: raw_emotion='anger' → unified='Negative', coarse_category='negative'
2026-04-01 18:55:12 │ DEBUG    │ CASME2SquaredUnifier           │ Frames directory NOT found: C:\Users\Addhyan\Desktop\Thesis\Thesis3\DATASETS\cropped\11\anger1_4
2026-04-01 18:55:12 │ DEBUG    │ CASME2SquaredUnifier           │ CASME2_SQ │ s11 │ anger1_4        │ macro-expression │ Onset= 1152  Offset= 1177  SeqLen=  26 │ anger → Negative │ Frames=✗
2026-04-01 18:55:12 │ DEBUG    │ CASME2SquaredUnifier           │ Calculated Sequence Length: 52  (Onset=1682, Offset=1733, Video='anger1_5')
2026-04-01 18:55:12 │ DEBUG    │ CASME2SquaredUnifier           │ CAS(ME)^2 cross-check: raw_emotion='surprise' → unified='Surprise', coarse_category='negative'
2026-04-01 18:55:12 │ DEBUG    │ CASME2SquaredUnifier           │ Frames directory NOT found: C:\Users\Addhyan\Desktop\Thesis\Thesis3\DATASETS\cropped\11\anger1_5
2026-04-01 18:55:12 │ DEBUG    │ CASME2SquaredUnifier           │ CASME2_SQ │ s11 │ anger1_5        │ macro-expression │ Onset= 1682  Offset= 1733  SeqLen=  52 │ surprise → Surprise │ Frames=✗
2026-04-01 18:55:12 │ DEBUG    │ CASME2SquaredUnifier           │ Calculated Sequence Length: 13  (Onset=1974, Offset=1986, Video='anger1_6')
2026-04-01 18:55:12 │ DEBUG    │ CASME2SquaredUnifier           │ CAS(ME)^2 cross-check: raw_emotion='anger' → unified='Negative', coarse_category='negative'
2026-04-01 18:55:12 │ DEBUG    │ CASME2SquaredUnifier           │ Frames directory NOT found: C:\Users\Addhyan\Desktop\Thesis\Thesis3\DATASETS\cropped\11\anger1_6
2026-04-01 18:55:12 │ DEBUG    │ CASME2SquaredUnifier           │ CASME2_SQ │ s11 │ anger1_6        │ micro-expression │ Onset= 1974  Offset= 1986  SeqLen=  13 │ anger → Negative │ Frames=✗
2026-04-01 18:55:12 │ DEBUG    │ CASME2SquaredUnifier           │ Calculated Sequence Length: 25  (Onset=2158, Offset=2182, Video='anger1_7')
2026-04-01 18:55:12 │ DEBUG    │ CASME2SquaredUnifier           │ CAS(ME)^2 cross-check: raw_emotion='anger' → unified='Negative', coarse_category='negative'
2026-04-01 18:55:12 │ DEBUG    │ CASME2SquaredUnifier           │ Frames directory NOT found: C:\Users\Addhyan\Desktop\Thesis\Thesis3\DATASETS\cropped\11\anger1_7
2026-04-01 18:55:12 │ DEBUG    │ CASME2SquaredUnifier           │ CASME2_SQ │ s11 │ anger1_7        │ macro-expression │ Onset= 2158  Offset= 2182  SeqLen=  25 │ anger → Negative │ Frames=✗
2026-04-01 18:55:12 │ DEBUG    │ CASME2SquaredUnifier           │ Calculated Sequence Length: 18  (Onset=2241, Offset=2258, Video='anger1_8')
2026-04-01 18:55:12 │ DEBUG    │ CASME2SquaredUnifier           │ CAS(ME)^2 cross-check: raw_emotion='anger' → unified='Negative', coarse_category='negative'
2026-04-01 18:55:12 │ DEBUG    │ CASME2SquaredUnifier           │ Frames directory NOT found: C:\Users\Addhyan\Desktop\Thesis\Thesis3\DATASETS\cropped\11\anger1_8
2026-04-01 18:55:12 │ DEBUG    │ CASME2SquaredUnifier           │ CASME2_SQ │ s11 │ anger1_8        │ macro-expression │ Onset= 2241  Offset= 2258  SeqLen=  18 │ anger → Negative │ Frames=✗
2026-04-01 18:55:12 │ DEBUG    │ CASME2SquaredUnifier           │ Calculated Sequence Length: 22  (Onset=2632, Offset=2653, Video='anger2_1')
2026-04-01 18:55:12 │ DEBUG    │ CASME2SquaredUnifier           │ CAS(ME)^2 cross-check: raw_emotion='anger' → unified='Negative', coarse_category='negative'
2026-04-01 18:55:12 │ DEBUG    │ CASME2SquaredUnifier           │ Frames directory NOT found: C:\Users\Addhyan\Desktop\Thesis\Thesis3\DATASETS\cropped\11\anger2_1
2026-04-01 18:55:12 │ DEBUG    │ CASME2SquaredUnifier           │ CASME2_SQ │ s11 │ anger2_1        │ macro-expression │ Onset= 2632  Offset= 2653  SeqLen=  22 │ anger → Negative │ Frames=✗
2026-04-01 18:55:12 │ DEBUG    │ CASME2SquaredUnifier           │ Calculated Sequence Length: 19  (Onset=3727, Offset=3745, Video='anger2_2')
2026-04-01 18:55:12 │ DEBUG    │ CASME2SquaredUnifier           │ CAS(ME)^2 cross-check: raw_emotion='anger' → unified='Negative', coarse_category='negative'
2026-04-01 18:55:12 │ DEBUG    │ CASME2SquaredUnifier           │ Frames directory NOT found: C:\Users\Addhyan\Desktop\Thesis\Thesis3\DATASETS\cropped\11\anger2_2
2026-04-01 18:55:12 │ DEBUG    │ CASME2SquaredUnifier           │ CASME2_SQ │ s11 │ anger2_2        │ macro-expression │ Onset= 3727  Offset= 3745  SeqLen=  19 │ anger → Negative │ Frames=✗
2026-04-01 18:55:12 │ DEBUG    │ CASME2SquaredUnifier           │ Calculated Sequence Length: 57  (Onset=417, Offset=473, Video='disgust1_1')
2026-04-01 18:55:12 │ DEBUG    │ CASME2SquaredUnifier           │ CAS(ME)^2 cross-check: raw_emotion='disgust' → unified='Negative', coarse_category='negative'
2026-04-01 18:55:12 │ DEBUG    │ CASME2SquaredUnifier           │ Frames directory NOT found: C:\Users\Addhyan\Desktop\Thesis\Thesis3\DATASETS\cropped\11\disgust1_1
2026-04-01 18:55:12 │ DEBUG    │ CASME2SquaredUnifier           │ CASME2_SQ │ s11 │ disgust1_1      │ macro-expression │ Onset=  417  Offset=  473  SeqLen=  57 │ disgust → Negative │ Frames=✗
2026-04-01 18:55:12 │ DEBUG    │ CASME2SquaredUnifier           │ Calculated Sequence Length: 15  (Onset=874, Offset=888, Video='disgust1_2')
2026-04-01 18:55:12 │ DEBUG    │ CASME2SquaredUnifier           │ CAS(ME)^2 cross-check: raw_emotion='disgust' → unified='Negative', coarse_category='negative'
2026-04-01 18:55:12 │ DEBUG    │ CASME2SquaredUnifier           │ Frames directory NOT found: C:\Users\Addhyan\Desktop\Thesis\Thesis3\DATASETS\cropped\11\disgust1_2
2026-04-01 18:55:12 │ DEBUG    │ CASME2SquaredUnifier           │ CASME2_SQ │ s11 │ disgust1_2      │ micro-expression │ Onset=  874  Offset=  888  SeqLen=  15 │ disgust → Negative │ Frames=✗
2026-04-01 18:55:12 │ DEBUG    │ CASME2SquaredUnifier           │ Calculated Sequence Length: 22  (Onset=890, Offset=911, Video='disgust1_3')
2026-04-01 18:55:12 │ DEBUG    │ CASME2SquaredUnifier           │ CAS(ME)^2 cross-check: raw_emotion='disgust' → unified='Negative', coarse_category='negative'
2026-04-01 18:55:12 │ DEBUG    │ CASME2SquaredUnifier           │ Frames directory NOT found: C:\Users\Addhyan\Desktop\Thesis\Thesis3\DATASETS\cropped\11\disgust1_3
2026-04-01 18:55:12 │ DEBUG    │ CASME2SquaredUnifier           │ CASME2_SQ │ s11 │ disgust1_3      │ macro-expression │ Onset=  890  Offset=  911  SeqLen=  22 │ disgust → Negative │ Frames=✗
2026-04-01 18:55:12 │ DEBUG    │ CASME2SquaredUnifier           │ Calculated Sequence Length: 20  (Onset=1201, Offset=1220, Video='disgust1_4')
2026-04-01 18:55:12 │ DEBUG    │ CASME2SquaredUnifier           │ CAS(ME)^2 cross-check: raw_emotion='disgust' → unified='Negative', coarse_category='negative'
2026-04-01 18:55:12 │ DEBUG    │ CASME2SquaredUnifier           │ Frames directory NOT found: C:\Users\Addhyan\Desktop\Thesis\Thesis3\DATASETS\cropped\11\disgust1_4
2026-04-01 18:55:12 │ DEBUG    │ CASME2SquaredUnifier           │ CASME2_SQ │ s11 │ disgust1_4      │ macro-expression │ Onset= 1201  Offset= 1220  SeqLen=  20 │ disgust → Negative │ Frames=✗
2026-04-01 18:55:12 │ DEBUG    │ CASME2SquaredUnifier           │ Calculated Sequence Length: 4  (Onset=1221, Offset=1224, Video='disgust1_5')
2026-04-01 18:55:12 │ DEBUG    │ CASME2SquaredUnifier           │ CAS(ME)^2 cross-check: raw_emotion='disgust' → unified='Negative', coarse_category='negative'
2026-04-01 18:55:12 │ DEBUG    │ CASME2SquaredUnifier           │ Frames directory NOT found: C:\Users\Addhyan\Desktop\Thesis\Thesis3\DATASETS\cropped\11\disgust1_5
2026-04-01 18:55:12 │ DEBUG    │ CASME2SquaredUnifier           │ CASME2_SQ │ s11 │ disgust1_5      │ macro-expression │ Onset= 1221  Offset= 1224  SeqLen=   4 │ disgust → Negative │ Frames=✗
2026-04-01 18:55:12 │ DEBUG    │ CASME2SquaredUnifier           │ Calculated Sequence Length: 20  (Onset=1703, Offset=1722, Video='disgust1_6')
2026-04-01 18:55:12 │ DEBUG    │ CASME2SquaredUnifier           │ CAS(ME)^2 cross-check: raw_emotion='disgust' → unified='Negative', coarse_category='others'
2026-04-01 18:55:12 │ DEBUG    │ CASME2SquaredUnifier           │ Frames directory NOT found: C:\Users\Addhyan\Desktop\Thesis\Thesis3\DATASETS\cropped\11\disgust1_6
2026-04-01 18:55:12 │ DEBUG    │ CASME2SquaredUnifier           │ CASME2_SQ │ s11 │ disgust1_6      │ macro-expression │ Onset= 1703  Offset= 1722  SeqLen=  20 │ disgust → Negative │ Frames=✗
2026-04-01 18:55:12 │ DEBUG    │ CASME2SquaredUnifier           │ Calculated Sequence Length: 15  (Onset=34, Offset=48, Video='disgust2_1')
2026-04-01 18:55:12 │ DEBUG    │ CASME2SquaredUnifier           │ CAS(ME)^2 cross-check: raw_emotion='disgust' → unified='Negative', coarse_category='others'
2026-04-01 18:55:12 │ DEBUG    │ CASME2SquaredUnifier           │ Frames directory NOT found: C:\Users\Addhyan\Desktop\Thesis\Thesis3\DATASETS\cropped\11\disgust2_1
2026-04-01 18:55:12 │ DEBUG    │ CASME2SquaredUnifier           │ CASME2_SQ │ s11 │ disgust2_1      │ micro-expression │ Onset=   34  Offset=   48  SeqLen=  15 │ disgust → Negative │ Frames=✗
2026-04-01 18:55:12 │ DEBUG    │ CASME2SquaredUnifier           │ Calculated Sequence Length: 9  (Onset=309, Offset=317, Video='disgust2_2')
2026-04-01 18:55:12 │ DEBUG    │ CASME2SquaredUnifier           │ CAS(ME)^2 cross-check: raw_emotion='surprise' → unified='Surprise', coarse_category='negative'
2026-04-01 18:55:12 │ DEBUG    │ CASME2SquaredUnifier           │ Frames directory NOT found: C:\Users\Addhyan\Desktop\Thesis\Thesis3\DATASETS\cropped\11\disgust2_2
2026-04-01 18:55:12 │ DEBUG    │ CASME2SquaredUnifier           │ CASME2_SQ │ s11 │ disgust2_2      │ micro-expression │ Onset=  309  Offset=  317  SeqLen=   9 │ surprise → Surprise │ Frames=✗
2026-04-01 18:55:12 │ DEBUG    │ CASME2SquaredUnifier           │ Calculated Sequence Length: 19  (Onset=314, Offset=332, Video='disgust2_3')
2026-04-01 18:55:12 │ DEBUG    │ CASME2SquaredUnifier           │ CAS(ME)^2 cross-check: raw_emotion='surprise' → unified='Surprise', coarse_category='negative'
2026-04-01 18:55:12 │ DEBUG    │ CASME2SquaredUnifier           │ Frames directory NOT found: C:\Users\Addhyan\Desktop\Thesis\Thesis3\DATASETS\cropped\11\disgust2_3
2026-04-01 18:55:12 │ DEBUG    │ CASME2SquaredUnifier           │ CASME2_SQ │ s11 │ disgust2_3      │ macro-expression │ Onset=  314  Offset=  332  SeqLen=  19 │ surprise → Surprise │ Frames=✗
2026-04-01 18:55:12 │ DEBUG    │ CASME2SquaredUnifier           │ Calculated Sequence Length: 15  (Onset=374, Offset=388, Video='disgust2_4')
2026-04-01 18:55:12 │ DEBUG    │ CASME2SquaredUnifier           │ CAS(ME)^2 cross-check: raw_emotion='disgust' → unified='Negative', coarse_category='negative'
2026-04-01 18:55:12 │ DEBUG    │ CASME2SquaredUnifier           │ Frames directory NOT found: C:\Users\Addhyan\Desktop\Thesis\Thesis3\DATASETS\cropped\11\disgust2_4
2026-04-01 18:55:12 │ DEBUG    │ CASME2SquaredUnifier           │ CASME2_SQ │ s11 │ disgust2_4      │ micro-expression │ Onset=  374  Offset=  388  SeqLen=  15 │ disgust → Negative │ Frames=✗
2026-04-01 18:55:12 │ DEBUG    │ CASME2SquaredUnifier           │ Calculated Sequence Length: 19  (Onset=439, Offset=457, Video='disgust2_5')
2026-04-01 18:55:12 │ DEBUG    │ CASME2SquaredUnifier           │ CAS(ME)^2 cross-check: raw_emotion='surprise' → unified='Surprise', coarse_category='negative'
2026-04-01 18:55:12 │ DEBUG    │ CASME2SquaredUnifier           │ Frames directory NOT found: C:\Users\Addhyan\Desktop\Thesis\Thesis3\DATASETS\cropped\11\disgust2_5
2026-04-01 18:55:12 │ DEBUG    │ CASME2SquaredUnifier           │ CASME2_SQ │ s11 │ disgust2_5      │ macro-expression │ Onset=  439  Offset=  457  SeqLen=  19 │ surprise → Surprise │ Frames=✗
2026-04-01 18:55:12 │ DEBUG    │ CASME2SquaredUnifier           │ Calculated Sequence Length: 58  (Onset=452, Offset=509, Video='disgust2_6')
2026-04-01 18:55:12 │ DEBUG    │ CASME2SquaredUnifier           │ CAS(ME)^2 cross-check: raw_emotion='surprise' → unified='Surprise', coarse_category='negative'
2026-04-01 18:55:12 │ DEBUG    │ CASME2SquaredUnifier           │ Frames directory NOT found: C:\Users\Addhyan\Desktop\Thesis\Thesis3\DATASETS\cropped\11\disgust2_6
2026-04-01 18:55:12 │ DEBUG    │ CASME2SquaredUnifier           │ CASME2_SQ │ s11 │ disgust2_6      │ macro-expression │ Onset=  452  Offset=  509  SeqLen=  58 │ surprise → Surprise │ Frames=✗
2026-04-01 18:55:12 │ DEBUG    │ CASME2SquaredUnifier           │ Calculated Sequence Length: 20  (Onset=553, Offset=572, Video='disgust2_7')
2026-04-01 18:55:12 │ DEBUG    │ CASME2SquaredUnifier           │ CAS(ME)^2 cross-check: raw_emotion='disgust' → unified='Negative', coarse_category='negative'
2026-04-01 18:55:12 │ DEBUG    │ CASME2SquaredUnifier           │ Frames directory NOT found: C:\Users\Addhyan\Desktop\Thesis\Thesis3\DATASETS\cropped\11\disgust2_7
2026-04-01 18:55:12 │ DEBUG    │ CASME2SquaredUnifier           │ CASME2_SQ │ s11 │ disgust2_7      │ macro-expression │ Onset=  553  Offset=  572  SeqLen=  20 │ disgust → Negative │ Frames=✗
2026-04-01 18:55:12 │ DEBUG    │ CASME2SquaredUnifier           │ Calculated Sequence Length: 24  (Onset=795, Offset=818, Video='disgust2_8')
2026-04-01 18:55:12 │ DEBUG    │ CASME2SquaredUnifier           │ CAS(ME)^2 cross-check: raw_emotion='disgust' → unified='Negative', coarse_category='negative'
2026-04-01 18:55:12 │ DEBUG    │ CASME2SquaredUnifier           │ Frames directory NOT found: C:\Users\Addhyan\Desktop\Thesis\Thesis3\DATASETS\cropped\11\disgust2_8
2026-04-01 18:55:12 │ DEBUG    │ CASME2SquaredUnifier           │ CASME2_SQ │ s11 │ disgust2_8      │ macro-expression │ Onset=  795  Offset=  818  SeqLen=  24 │ disgust → Negative │ Frames=✗
2026-04-01 18:55:12 │ DEBUG    │ CASME2SquaredUnifier           │ Calculated Sequence Length: 22  (Onset=1053, Offset=1074, Video='disgust2_9')
2026-04-01 18:55:12 │ DEBUG    │ CASME2SquaredUnifier           │ CAS(ME)^2 cross-check: raw_emotion='disgust' → unified='Negative', coarse_category='others'
2026-04-01 18:55:12 │ DEBUG    │ CASME2SquaredUnifier           │ Frames directory NOT found: C:\Users\Addhyan\Desktop\Thesis\Thesis3\DATASETS\cropped\11\disgust2_9
2026-04-01 18:55:12 │ DEBUG    │ CASME2SquaredUnifier           │ CASME2_SQ │ s11 │ disgust2_9      │ macro-expression │ Onset= 1053  Offset= 1074  SeqLen=  22 │ disgust → Negative │ Frames=✗
2026-04-01 18:55:12 │ DEBUG    │ CASME2SquaredUnifier           │ Calculated Sequence Length: 83  (Onset=169, Offset=251, Video='happy1_1')
2026-04-01 18:55:12 │ DEBUG    │ CASME2SquaredUnifier           │ CAS(ME)^2 cross-check: raw_emotion='happiness' → unified='Positive', coarse_category='positive'
2026-04-01 18:55:12 │ DEBUG    │ CASME2SquaredUnifier           │ Frames directory NOT found: C:\Users\Addhyan\Desktop\Thesis\Thesis3\DATASETS\cropped\11\happy1_1
2026-04-01 18:55:12 │ DEBUG    │ CASME2SquaredUnifier           │ CASME2_SQ │ s11 │ happy1_1        │ macro-expression │ Onset=  169  Offset=  251  SeqLen=  83 │ happiness → Positive │ Frames=✗
2026-04-01 18:55:12 │ DEBUG    │ CASME2SquaredUnifier           │ Offset is 0 or negative for 'happy1_2' — marking sequence length as -1 (unknown).
2026-04-01 18:55:12 │ DEBUG    │ CASME2SquaredUnifier           │ CAS(ME)^2 cross-check: raw_emotion='happiness' → unified='Positive', coarse_category='positive'
2026-04-01 18:55:12 │ DEBUG    │ CASME2SquaredUnifier           │ Frames directory NOT found: C:\Users\Addhyan\Desktop\Thesis\Thesis3\DATASETS\cropped\11\happy1_2
2026-04-01 18:55:12 │ DEBUG    │ CASME2SquaredUnifier           │ CASME2_SQ │ s11 │ happy1_2        │ macro-expression │ Onset=  329  Offset=    0  SeqLen=  -1 │ happiness → Positive │ Frames=✗
2026-04-01 18:55:12 │ DEBUG    │ CASME2SquaredUnifier           │ Calculated Sequence Length: 42  (Onset=558, Offset=599, Video='happy1_3')
2026-04-01 18:55:12 │ DEBUG    │ CASME2SquaredUnifier           │ CAS(ME)^2 cross-check: raw_emotion='happiness' → unified='Positive', coarse_category='positive'
2026-04-01 18:55:12 │ DEBUG    │ CASME2SquaredUnifier           │ Frames directory NOT found: C:\Users\Addhyan\Desktop\Thesis\Thesis3\DATASETS\cropped\11\happy1_3
2026-04-01 18:55:12 │ DEBUG    │ CASME2SquaredUnifier           │ CASME2_SQ │ s11 │ happy1_3        │ macro-expression │ Onset=  558  Offset=  599  SeqLen=  42 │ happiness → Positive │ Frames=✗
2026-04-01 18:55:12 │ DEBUG    │ CASME2SquaredUnifier           │ Calculated Sequence Length: 16  (Onset=613, Offset=628, Video='happy1_4')
2026-04-01 18:55:12 │ DEBUG    │ CASME2SquaredUnifier           │ CAS(ME)^2 cross-check: raw_emotion='happiness' → unified='Positive', coarse_category='positive'
2026-04-01 18:55:12 │ DEBUG    │ CASME2SquaredUnifier           │ Frames directory NOT found: C:\Users\Addhyan\Desktop\Thesis\Thesis3\DATASETS\cropped\11\happy1_4
2026-04-01 18:55:12 │ DEBUG    │ CASME2SquaredUnifier           │ CASME2_SQ │ s11 │ happy1_4        │ micro-expression │ Onset=  613  Offset=  628  SeqLen=  16 │ happiness → Positive │ Frames=✗
2026-04-01 18:55:12 │ DEBUG    │ CASME2SquaredUnifier           │ Calculated Sequence Length: 53  (Onset=1081, Offset=1133, Video='happy1_5')
2026-04-01 18:55:12 │ DEBUG    │ CASME2SquaredUnifier           │ CAS(ME)^2 cross-check: raw_emotion='happiness' → unified='Positive', coarse_category='positive'
2026-04-01 18:55:12 │ DEBUG    │ CASME2SquaredUnifier           │ Frames directory NOT found: C:\Users\Addhyan\Desktop\Thesis\Thesis3\DATASETS\cropped\11\happy1_5
2026-04-01 18:55:12 │ DEBUG    │ CASME2SquaredUnifier           │ CASME2_SQ │ s11 │ happy1_5        │ macro-expression │ Onset= 1081  Offset= 1133  SeqLen=  53 │ happiness → Positive │ Frames=✗
2026-04-01 18:55:12 │ DEBUG    │ CASME2SquaredUnifier           │ Calculated Sequence Length: 28  (Onset=1438, Offset=1465, Video='happy1_6')
2026-04-01 18:55:12 │ DEBUG    │ CASME2SquaredUnifier           │ CAS(ME)^2 cross-check: raw_emotion='happiness' → unified='Positive', coarse_category='others'
2026-04-01 18:55:12 │ DEBUG    │ CASME2SquaredUnifier           │ Frames directory NOT found: C:\Users\Addhyan\Desktop\Thesis\Thesis3\DATASETS\cropped\11\happy1_6
2026-04-01 18:55:12 │ DEBUG    │ CASME2SquaredUnifier           │ CASME2_SQ │ s11 │ happy1_6        │ macro-expression │ Onset= 1438  Offset= 1465  SeqLen=  28 │ happiness → Positive │ Frames=✗
2026-04-01 18:55:12 │ DEBUG    │ CASME2SquaredUnifier           │ Calculated Sequence Length: 33  (Onset=2187, Offset=2219, Video='happy1_7')
2026-04-01 18:55:12 │ DEBUG    │ CASME2SquaredUnifier           │ CAS(ME)^2 cross-check: raw_emotion='happiness' → unified='Positive', coarse_category='positive'
2026-04-01 18:55:12 │ DEBUG    │ CASME2SquaredUnifier           │ Frames directory NOT found: C:\Users\Addhyan\Desktop\Thesis\Thesis3\DATASETS\cropped\11\happy1_7
2026-04-01 18:55:12 │ DEBUG    │ CASME2SquaredUnifier           │ CASME2_SQ │ s11 │ happy1_7        │ macro-expression │ Onset= 2187  Offset= 2219  SeqLen=  33 │ happiness → Positive │ Frames=✗
2026-04-01 18:55:12 │ DEBUG    │ CASME2SquaredUnifier           │ Calculated Sequence Length: 36  (Onset=359, Offset=394, Video='happy2_1')
2026-04-01 18:55:12 │ DEBUG    │ CASME2SquaredUnifier           │ CAS(ME)^2 cross-check: raw_emotion='happiness' → unified='Positive', coarse_category='positive'
2026-04-01 18:55:12 │ DEBUG    │ CASME2SquaredUnifier           │ Frames directory NOT found: C:\Users\Addhyan\Desktop\Thesis\Thesis3\DATASETS\cropped\11\happy2_1
2026-04-01 18:55:12 │ DEBUG    │ CASME2SquaredUnifier           │ CASME2_SQ │ s11 │ happy2_1        │ macro-expression │ Onset=  359  Offset=  394  SeqLen=  36 │ happiness → Positive │ Frames=✗
2026-04-01 18:55:12 │ DEBUG    │ CASME2SquaredUnifier           │ Calculated Sequence Length: 14  (Onset=419, Offset=432, Video='happy2_2')
2026-04-01 18:55:12 │ DEBUG    │ CASME2SquaredUnifier           │ CAS(ME)^2 cross-check: raw_emotion='happiness' → unified='Positive', coarse_category='positive'
2026-04-01 18:55:12 │ DEBUG    │ CASME2SquaredUnifier           │ Frames directory NOT found: C:\Users\Addhyan\Desktop\Thesis\Thesis3\DATASETS\cropped\11\happy2_2
2026-04-01 18:55:12 │ DEBUG    │ CASME2SquaredUnifier           │ CASME2_SQ │ s11 │ happy2_2        │ micro-expression │ Onset=  419  Offset=  432  SeqLen=  14 │ happiness → Positive │ Frames=✗
2026-04-01 18:55:12 │ DEBUG    │ CASME2SquaredUnifier           │ Calculated Sequence Length: 47  (Onset=2225, Offset=2271, Video='happy2_3')
2026-04-01 18:55:12 │ DEBUG    │ CASME2SquaredUnifier           │ CAS(ME)^2 cross-check: raw_emotion='happiness' → unified='Positive', coarse_category='positive'
2026-04-01 18:55:12 │ DEBUG    │ CASME2SquaredUnifier           │ Frames directory NOT found: C:\Users\Addhyan\Desktop\Thesis\Thesis3\DATASETS\cropped\11\happy2_3
2026-04-01 18:55:12 │ DEBUG    │ CASME2SquaredUnifier           │ CASME2_SQ │ s11 │ happy2_3        │ macro-expression │ Onset= 2225  Offset= 2271  SeqLen=  47 │ happiness → Positive │ Frames=✗
2026-04-01 18:55:12 │ DEBUG    │ CASME2SquaredUnifier           │ Calculated Sequence Length: 113  (Onset=1122, Offset=1234, Video='happy3_1')
2026-04-01 18:55:12 │ DEBUG    │ CASME2SquaredUnifier           │ CAS(ME)^2 cross-check: raw_emotion='happiness' → unified='Positive', coarse_category='positive'
2026-04-01 18:55:12 │ DEBUG    │ CASME2SquaredUnifier           │ Frames directory NOT found: C:\Users\Addhyan\Desktop\Thesis\Thesis3\DATASETS\cropped\11\happy3_1
2026-04-01 18:55:12 │ DEBUG    │ CASME2SquaredUnifier           │ CASME2_SQ │ s11 │ happy3_1        │ macro-expression │ Onset= 1122  Offset= 1234  SeqLen= 113 │ happiness → Positive │ Frames=✗
2026-04-01 18:55:12 │ DEBUG    │ CASME2SquaredUnifier           │ Calculated Sequence Length: 56  (Onset=1758, Offset=1813, Video='happy3_2')
2026-04-01 18:55:12 │ DEBUG    │ CASME2SquaredUnifier           │ CAS(ME)^2 cross-check: raw_emotion='happiness' → unified='Positive', coarse_category='positive'
2026-04-01 18:55:12 │ DEBUG    │ CASME2SquaredUnifier           │ Frames directory NOT found: C:\Users\Addhyan\Desktop\Thesis\Thesis3\DATASETS\cropped\11\happy3_2
2026-04-01 18:55:12 │ DEBUG    │ CASME2SquaredUnifier           │ CASME2_SQ │ s11 │ happy3_2        │ macro-expression │ Onset= 1758  Offset= 1813  SeqLen=  56 │ happiness → Positive │ Frames=✗
2026-04-01 18:55:12 │ DEBUG    │ CASME2SquaredUnifier           │ Calculated Sequence Length: 65  (Onset=1918, Offset=1982, Video='happy3_3')
2026-04-01 18:55:12 │ DEBUG    │ CASME2SquaredUnifier           │ CAS(ME)^2 cross-check: raw_emotion='happiness' → unified='Positive', coarse_category='positive'
2026-04-01 18:55:12 │ DEBUG    │ CASME2SquaredUnifier           │ Frames directory NOT found: C:\Users\Addhyan\Desktop\Thesis\Thesis3\DATASETS\cropped\11\happy3_3
2026-04-01 18:55:12 │ DEBUG    │ CASME2SquaredUnifier           │ CASME2_SQ │ s11 │ happy3_3        │ macro-expression │ Onset= 1918  Offset= 1982  SeqLen=  65 │ happiness → Positive │ Frames=✗
2026-04-01 18:55:12 │ DEBUG    │ CASME2SquaredUnifier           │ Calculated Sequence Length: 19  (Onset=901, Offset=919, Video='happy4_1')
2026-04-01 18:55:12 │ DEBUG    │ CASME2SquaredUnifier           │ CAS(ME)^2 cross-check: raw_emotion='surprise' → unified='Surprise', coarse_category='negative'
2026-04-01 18:55:12 │ DEBUG    │ CASME2SquaredUnifier           │ Frames directory NOT found: C:\Users\Addhyan\Desktop\Thesis\Thesis3\DATASETS\cropped\11\happy4_1
2026-04-01 18:55:12 │ DEBUG    │ CASME2SquaredUnifier           │ CASME2_SQ │ s11 │ happy4_1        │ macro-expression │ Onset=  901  Offset=  919  SeqLen=  19 │ surprise → Surprise │ Frames=✗
2026-04-01 18:55:12 │ DEBUG    │ CASME2SquaredUnifier           │ Calculated Sequence Length: 15  (Onset=876, Offset=890, Video='happy4_2')
2026-04-01 18:55:12 │ DEBUG    │ CASME2SquaredUnifier           │ CAS(ME)^2 cross-check: raw_emotion='surprise' → unified='Surprise', coarse_category='others'
2026-04-01 18:55:12 │ DEBUG    │ CASME2SquaredUnifier           │ Frames directory NOT found: C:\Users\Addhyan\Desktop\Thesis\Thesis3\DATASETS\cropped\11\happy4_2
2026-04-01 18:55:12 │ DEBUG    │ CASME2SquaredUnifier           │ CASME2_SQ │ s11 │ happy4_2        │ micro-expression │ Onset=  876  Offset=  890  SeqLen=  15 │ surprise → Surprise │ Frames=✗
2026-04-01 18:55:12 │ DEBUG    │ CASME2SquaredUnifier           │ Calculated Sequence Length: 26  (Onset=2677, Offset=2702, Video='happy4_3')
2026-04-01 18:55:12 │ DEBUG    │ CASME2SquaredUnifier           │ CAS(ME)^2 cross-check: raw_emotion='surprise' → unified='Surprise', coarse_category='surprise'
2026-04-01 18:55:12 │ DEBUG    │ CASME2SquaredUnifier           │ Frames directory NOT found: C:\Users\Addhyan\Desktop\Thesis\Thesis3\DATASETS\cropped\11\happy4_3
2026-04-01 18:55:12 │ DEBUG    │ CASME2SquaredUnifier           │ CASME2_SQ │ s11 │ happy4_3        │ macro-expression │ Onset= 2677  Offset= 2702  SeqLen=  26 │ surprise → Surprise │ Frames=✗
2026-04-01 18:55:12 │ DEBUG    │ CASME2SquaredUnifier           │ Calculated Sequence Length: 26  (Onset=3187, Offset=3212, Video='happy4_4')
2026-04-01 18:55:12 │ DEBUG    │ CASME2SquaredUnifier           │ CAS(ME)^2 cross-check: raw_emotion='surprise' → unified='Surprise', coarse_category='positive'
2026-04-01 18:55:12 │ DEBUG    │ CASME2SquaredUnifier           │ Frames directory NOT found: C:\Users\Addhyan\Desktop\Thesis\Thesis3\DATASETS\cropped\11\happy4_4
2026-04-01 18:55:12 │ DEBUG    │ CASME2SquaredUnifier           │ CASME2_SQ │ s11 │ happy4_4        │ macro-expression │ Onset= 3187  Offset= 3212  SeqLen=  26 │ surprise → Surprise │ Frames=✗
2026-04-01 18:55:12 │ DEBUG    │ CASME2SquaredUnifier           │ Calculated Sequence Length: 65  (Onset=179, Offset=243, Video='happy5_1')
2026-04-01 18:55:12 │ DEBUG    │ CASME2SquaredUnifier           │ CAS(ME)^2 cross-check: raw_emotion='happiness' → unified='Positive', coarse_category='positive'
2026-04-01 18:55:12 │ DEBUG    │ CASME2SquaredUnifier           │ Frames directory NOT found: C:\Users\Addhyan\Desktop\Thesis\Thesis3\DATASETS\cropped\11\happy5_1
2026-04-01 18:55:12 │ DEBUG    │ CASME2SquaredUnifier           │ CASME2_SQ │ s11 │ happy5_1        │ macro-expression │ Onset=  179  Offset=  243  SeqLen=  65 │ happiness → Positive │ Frames=✗
2026-04-01 18:55:12 │ DEBUG    │ CASME2SquaredUnifier           │ Calculated Sequence Length: 13  (Onset=140, Offset=152, Video='happy1_1')
2026-04-01 18:55:12 │ DEBUG    │ CASME2SquaredUnifier           │ CAS(ME)^2 cross-check: raw_emotion='fear' → unified='Negative', coarse_category='others'
2026-04-01 18:55:12 │ DEBUG    │ CASME2SquaredUnifier           │ Frames directory NOT found: C:\Users\Addhyan\Desktop\Thesis\Thesis3\DATASETS\cropped\12\happy1_1
2026-04-01 18:55:12 │ DEBUG    │ CASME2SquaredUnifier           │ CASME2_SQ │ s12 │ happy1_1        │ micro-expression │ Onset=  140  Offset=  152  SeqLen=  13 │ fear → Negative │ Frames=✗
2026-04-01 18:55:12 │ DEBUG    │ CASME2SquaredUnifier           │ Calculated Sequence Length: 28  (Onset=395, Offset=422, Video='anger1_1')
2026-04-01 18:55:12 │ DEBUG    │ CASME2SquaredUnifier           │ CAS(ME)^2 cross-check: raw_emotion='anger' → unified='Negative', coarse_category='negative'
2026-04-01 18:55:12 │ DEBUG    │ CASME2SquaredUnifier           │ Frames directory NOT found: C:\Users\Addhyan\Desktop\Thesis\Thesis3\DATASETS\cropped\13\anger1_1
2026-04-01 18:55:12 │ DEBUG    │ CASME2SquaredUnifier           │ CASME2_SQ │ s13 │ anger1_1        │ macro-expression │ Onset=  395  Offset=  422  SeqLen=  28 │ anger → Negative │ Frames=✗
2026-04-01 18:55:12 │ DEBUG    │ CASME2SquaredUnifier           │ Calculated Sequence Length: 16  (Onset=926, Offset=941, Video='anger1_2')
2026-04-01 18:55:12 │ DEBUG    │ CASME2SquaredUnifier           │ CAS(ME)^2 cross-check: raw_emotion='anger' → unified='Negative', coarse_category='others'
2026-04-01 18:55:12 │ DEBUG    │ CASME2SquaredUnifier           │ Frames directory NOT found: C:\Users\Addhyan\Desktop\Thesis\Thesis3\DATASETS\cropped\13\anger1_2
2026-04-01 18:55:12 │ DEBUG    │ CASME2SquaredUnifier           │ CASME2_SQ │ s13 │ anger1_2        │ micro-expression │ Onset=  926  Offset=  941  SeqLen=  16 │ anger → Negative │ Frames=✗
2026-04-01 18:55:12 │ DEBUG    │ CASME2SquaredUnifier           │ Calculated Sequence Length: 42  (Onset=1581, Offset=1622, Video='anger1_3')
2026-04-01 18:55:12 │ DEBUG    │ CASME2SquaredUnifier           │ CAS(ME)^2 cross-check: raw_emotion='surprise' → unified='Surprise', coarse_category='others'
2026-04-01 18:55:12 │ DEBUG    │ CASME2SquaredUnifier           │ Frames directory NOT found: C:\Users\Addhyan\Desktop\Thesis\Thesis3\DATASETS\cropped\13\anger1_3
2026-04-01 18:55:12 │ DEBUG    │ CASME2SquaredUnifier           │ CASME2_SQ │ s13 │ anger1_3        │ macro-expression │ Onset= 1581  Offset= 1622  SeqLen=  42 │ surprise → Surprise │ Frames=✗
2026-04-01 18:55:12 │ DEBUG    │ CASME2SquaredUnifier           │ Calculated Sequence Length: 39  (Onset=2983, Offset=3021, Video='anger1_4')
2026-04-01 18:55:12 │ DEBUG    │ CASME2SquaredUnifier           │ CAS(ME)^2 cross-check: raw_emotion='happyiness' → unified='Positive', coarse_category='others'
2026-04-01 18:55:12 │ DEBUG    │ CASME2SquaredUnifier           │ Frames directory NOT found: C:\Users\Addhyan\Desktop\Thesis\Thesis3\DATASETS\cropped\13\anger1_4
2026-04-01 18:55:12 │ DEBUG    │ CASME2SquaredUnifier           │ CASME2_SQ │ s13 │ anger1_4        │ macro-expression │ Onset= 2983  Offset= 3021  SeqLen=  39 │ happyiness → Positive │ Frames=✗
2026-04-01 18:55:12 │ DEBUG    │ CASME2SquaredUnifier           │ Calculated Sequence Length: 12  (Onset=1455, Offset=1466, Video='disgust1_1')
2026-04-01 18:55:12 │ DEBUG    │ CASME2SquaredUnifier           │ CAS(ME)^2 cross-check: raw_emotion='disgust' → unified='Negative', coarse_category='others'
2026-04-01 18:55:12 │ DEBUG    │ CASME2SquaredUnifier           │ Frames directory NOT found: C:\Users\Addhyan\Desktop\Thesis\Thesis3\DATASETS\cropped\13\disgust1_1
2026-04-01 18:55:12 │ DEBUG    │ CASME2SquaredUnifier           │ CASME2_SQ │ s13 │ disgust1_1      │ micro-expression │ Onset= 1455  Offset= 1466  SeqLen=  12 │ disgust → Negative │ Frames=✗
2026-04-01 18:55:12 │ DEBUG    │ CASME2SquaredUnifier           │ Calculated Sequence Length: 49  (Onset=337, Offset=385, Video='disgust2_1')
2026-04-01 18:55:12 │ DEBUG    │ CASME2SquaredUnifier           │ CAS(ME)^2 cross-check: raw_emotion='disgust' → unified='Negative', coarse_category='others'
2026-04-01 18:55:12 │ DEBUG    │ CASME2SquaredUnifier           │ Frames directory NOT found: C:\Users\Addhyan\Desktop\Thesis\Thesis3\DATASETS\cropped\13\disgust2_1
2026-04-01 18:55:12 │ DEBUG    │ CASME2SquaredUnifier           │ CASME2_SQ │ s13 │ disgust2_1      │ macro-expression │ Onset=  337  Offset=  385  SeqLen=  49 │ disgust → Negative │ Frames=✗
2026-04-01 18:55:12 │ DEBUG    │ CASME2SquaredUnifier           │ Calculated Sequence Length: 44  (Onset=761, Offset=804, Video='disgust2_2')
2026-04-01 18:55:12 │ DEBUG    │ CASME2SquaredUnifier           │ CAS(ME)^2 cross-check: raw_emotion='disgust' → unified='Negative', coarse_category='others'
2026-04-01 18:55:12 │ DEBUG    │ CASME2SquaredUnifier           │ Frames directory NOT found: C:\Users\Addhyan\Desktop\Thesis\Thesis3\DATASETS\cropped\13\disgust2_2
2026-04-01 18:55:12 │ DEBUG    │ CASME2SquaredUnifier           │ CASME2_SQ │ s13 │ disgust2_2      │ macro-expression │ Onset=  761  Offset=  804  SeqLen=  44 │ disgust → Negative │ Frames=✗
2026-04-01 18:55:12 │ DEBUG    │ CASME2SquaredUnifier           │ Calculated Sequence Length: 31  (Onset=167, Offset=197, Video='happy1_1')
2026-04-01 18:55:12 │ DEBUG    │ CASME2SquaredUnifier           │ CAS(ME)^2 cross-check: raw_emotion='happiness' → unified='Positive', coarse_category='positive'
2026-04-01 18:55:12 │ DEBUG    │ CASME2SquaredUnifier           │ Frames directory NOT found: C:\Users\Addhyan\Desktop\Thesis\Thesis3\DATASETS\cropped\13\happy1_1
2026-04-01 18:55:12 │ DEBUG    │ CASME2SquaredUnifier           │ CASME2_SQ │ s13 │ happy1_1        │ macro-expression │ Onset=  167  Offset=  197  SeqLen=  31 │ happiness → Positive │ Frames=✗
2026-04-01 18:55:12 │ DEBUG    │ CASME2SquaredUnifier           │ Calculated Sequence Length: 80  (Onset=331, Offset=410, Video='happy1_2')
2026-04-01 18:55:12 │ DEBUG    │ CASME2SquaredUnifier           │ CAS(ME)^2 cross-check: raw_emotion='happiness' → unified='Positive', coarse_category='positive'
2026-04-01 18:55:12 │ DEBUG    │ CASME2SquaredUnifier           │ Frames directory NOT found: C:\Users\Addhyan\Desktop\Thesis\Thesis3\DATASETS\cropped\13\happy1_2
2026-04-01 18:55:12 │ DEBUG    │ CASME2SquaredUnifier           │ CASME2_SQ │ s13 │ happy1_2        │ macro-expression │ Onset=  331  Offset=  410  SeqLen=  80 │ happiness → Positive │ Frames=✗
2026-04-01 18:55:12 │ DEBUG    │ CASME2SquaredUnifier           │ Calculated Sequence Length: 50  (Onset=846, Offset=895, Video='happy1_3')
2026-04-01 18:55:12 │ DEBUG    │ CASME2SquaredUnifier           │ CAS(ME)^2 cross-check: raw_emotion='happiness' → unified='Positive', coarse_category='positive'
2026-04-01 18:55:12 │ DEBUG    │ CASME2SquaredUnifier           │ Frames directory NOT found: C:\Users\Addhyan\Desktop\Thesis\Thesis3\DATASETS\cropped\13\happy1_3
2026-04-01 18:55:12 │ DEBUG    │ CASME2SquaredUnifier           │ CASME2_SQ │ s13 │ happy1_3        │ macro-expression │ Onset=  846  Offset=  895  SeqLen=  50 │ happiness → Positive │ Frames=✗
2026-04-01 18:55:12 │ DEBUG    │ CASME2SquaredUnifier           │ Offset is 0 or negative for 'happy1_4' — marking sequence length as -1 (unknown).
2026-04-01 18:55:12 │ DEBUG    │ CASME2SquaredUnifier           │ CAS(ME)^2 cross-check: raw_emotion='happiness' → unified='Positive', coarse_category='positive'
2026-04-01 18:55:12 │ DEBUG    │ CASME2SquaredUnifier           │ Frames directory NOT found: C:\Users\Addhyan\Desktop\Thesis\Thesis3\DATASETS\cropped\13\happy1_4
2026-04-01 18:55:12 │ DEBUG    │ CASME2SquaredUnifier           │ CASME2_SQ │ s13 │ happy1_4        │ macro-expression │ Onset= 1172  Offset=    0  SeqLen=  -1 │ happiness → Positive │ Frames=✗
2026-04-01 18:55:12 │ DEBUG    │ CASME2SquaredUnifier           │ Calculated Sequence Length: 46  (Onset=1569, Offset=1614, Video='happy1_5')
2026-04-01 18:55:12 │ DEBUG    │ CASME2SquaredUnifier           │ CAS(ME)^2 cross-check: raw_emotion='happiness' → unified='Positive', coarse_category='positive'
2026-04-01 18:55:12 │ DEBUG    │ CASME2SquaredUnifier           │ Frames directory NOT found: C:\Users\Addhyan\Desktop\Thesis\Thesis3\DATASETS\cropped\13\happy1_5
2026-04-01 18:55:12 │ DEBUG    │ CASME2SquaredUnifier           │ CASME2_SQ │ s13 │ happy1_5        │ macro-expression │ Onset= 1569  Offset= 1614  SeqLen=  46 │ happiness → Positive │ Frames=✗
2026-04-01 18:55:12 │ DEBUG    │ CASME2SquaredUnifier           │ Calculated Sequence Length: 37  (Onset=1918, Offset=1954, Video='happy1_6')
2026-04-01 18:55:12 │ DEBUG    │ CASME2SquaredUnifier           │ CAS(ME)^2 cross-check: raw_emotion='happiness' → unified='Positive', coarse_category='positive'
2026-04-01 18:55:12 │ DEBUG    │ CASME2SquaredUnifier           │ Frames directory NOT found: C:\Users\Addhyan\Desktop\Thesis\Thesis3\DATASETS\cropped\13\happy1_6
2026-04-01 18:55:12 │ DEBUG    │ CASME2SquaredUnifier           │ CASME2_SQ │ s13 │ happy1_6        │ macro-expression │ Onset= 1918  Offset= 1954  SeqLen=  37 │ happiness → Positive │ Frames=✗
2026-04-01 18:55:12 │ DEBUG    │ CASME2SquaredUnifier           │ Offset is 0 or negative for 'happy2_1' — marking sequence length as -1 (unknown).
2026-04-01 18:55:12 │ DEBUG    │ CASME2SquaredUnifier           │ CAS(ME)^2 cross-check: raw_emotion='happiness' → unified='Positive', coarse_category='positive'
2026-04-01 18:55:12 │ DEBUG    │ CASME2SquaredUnifier           │ Frames directory NOT found: C:\Users\Addhyan\Desktop\Thesis\Thesis3\DATASETS\cropped\13\happy2_1
2026-04-01 18:55:12 │ DEBUG    │ CASME2SquaredUnifier           │ CASME2_SQ │ s13 │ happy2_1        │ macro-expression │ Onset= 1419  Offset=    0  SeqLen=  -1 │ happiness → Positive │ Frames=✗
2026-04-01 18:55:12 │ DEBUG    │ CASME2SquaredUnifier           │ Offset is 0 or negative for 'happy2_2' — marking sequence length as -1 (unknown).
2026-04-01 18:55:12 │ DEBUG    │ CASME2SquaredUnifier           │ CAS(ME)^2 cross-check: raw_emotion='happiness' → unified='Positive', coarse_category='positive'
2026-04-01 18:55:12 │ DEBUG    │ CASME2SquaredUnifier           │ Frames directory NOT found: C:\Users\Addhyan\Desktop\Thesis\Thesis3\DATASETS\cropped\13\happy2_2
2026-04-01 18:55:12 │ DEBUG    │ CASME2SquaredUnifier           │ CASME2_SQ │ s13 │ happy2_2        │ macro-expression │ Onset= 1547  Offset=    0  SeqLen=  -1 │ happiness → Positive │ Frames=✗
2026-04-01 18:55:12 │ DEBUG    │ CASME2SquaredUnifier           │ Offset is 0 or negative for 'happy3_1' — marking sequence length as -1 (unknown).
2026-04-01 18:55:12 │ DEBUG    │ CASME2SquaredUnifier           │ CAS(ME)^2 cross-check: raw_emotion='happiness' → unified='Positive', coarse_category='positive'
2026-04-01 18:55:12 │ DEBUG    │ CASME2SquaredUnifier           │ Frames directory NOT found: C:\Users\Addhyan\Desktop\Thesis\Thesis3\DATASETS\cropped\13\happy3_1
2026-04-01 18:55:12 │ DEBUG    │ CASME2SquaredUnifier           │ CASME2_SQ │ s13 │ happy3_1        │ macro-expression │ Onset= 1141  Offset=    0  SeqLen=  -1 │ happiness → Positive │ Frames=✗
2026-04-01 18:55:12 │ DEBUG    │ CASME2SquaredUnifier           │ Calculated Sequence Length: 71  (Onset=2232, Offset=2302, Video='happy3_2')
2026-04-01 18:55:12 │ DEBUG    │ CASME2SquaredUnifier           │ CAS(ME)^2 cross-check: raw_emotion='happiness' → unified='Positive', coarse_category='positive'
2026-04-01 18:55:12 │ DEBUG    │ CASME2SquaredUnifier           │ Frames directory NOT found: C:\Users\Addhyan\Desktop\Thesis\Thesis3\DATASETS\cropped\13\happy3_2
2026-04-01 18:55:12 │ DEBUG    │ CASME2SquaredUnifier           │ CASME2_SQ │ s13 │ happy3_2        │ macro-expression │ Onset= 2232  Offset= 2302  SeqLen=  71 │ happiness → Positive │ Frames=✗
2026-04-01 18:55:12 │ DEBUG    │ CASME2SquaredUnifier           │ Calculated Sequence Length: 19  (Onset=1680, Offset=1698, Video='happy4_1')
2026-04-01 18:55:12 │ DEBUG    │ CASME2SquaredUnifier           │ CAS(ME)^2 cross-check: raw_emotion='happiness' → unified='Positive', coarse_category='positive'
2026-04-01 18:55:12 │ DEBUG    │ CASME2SquaredUnifier           │ Frames directory NOT found: C:\Users\Addhyan\Desktop\Thesis\Thesis3\DATASETS\cropped\13\happy4_1
2026-04-01 18:55:12 │ DEBUG    │ CASME2SquaredUnifier           │ CASME2_SQ │ s13 │ happy4_1        │ macro-expression │ Onset= 1680  Offset= 1698  SeqLen=  19 │ happiness → Positive │ Frames=✗
2026-04-01 18:55:12 │ DEBUG    │ CASME2SquaredUnifier           │ Offset is 0 or negative for 'happy4_2' — marking sequence length as -1 (unknown).
2026-04-01 18:55:12 │ DEBUG    │ CASME2SquaredUnifier           │ CAS(ME)^2 cross-check: raw_emotion='happiness' → unified='Positive', coarse_category='positive'
2026-04-01 18:55:12 │ DEBUG    │ CASME2SquaredUnifier           │ Frames directory NOT found: C:\Users\Addhyan\Desktop\Thesis\Thesis3\DATASETS\cropped\13\happy4_2
2026-04-01 18:55:12 │ DEBUG    │ CASME2SquaredUnifier           │ CASME2_SQ │ s13 │ happy4_2        │ macro-expression │ Onset= 3179  Offset=    0  SeqLen=  -1 │ happiness → Positive │ Frames=✗
2026-04-01 18:55:12 │ DEBUG    │ CASME2SquaredUnifier           │ Calculated Sequence Length: 20  (Onset=515, Offset=534, Video='anger1_1')
2026-04-01 18:55:12 │ DEBUG    │ CASME2SquaredUnifier           │ CAS(ME)^2 cross-check: raw_emotion='surprise' → unified='Surprise', coarse_category='surprise'
2026-04-01 18:55:12 │ DEBUG    │ CASME2SquaredUnifier           │ Frames directory NOT found: C:\Users\Addhyan\Desktop\Thesis\Thesis3\DATASETS\cropped\14\anger1_1
2026-04-01 18:55:12 │ DEBUG    │ CASME2SquaredUnifier           │ CASME2_SQ │ s14 │ anger1_1        │ macro-expression │ Onset=  515  Offset=  534  SeqLen=  20 │ surprise → Surprise │ Frames=✗
2026-04-01 18:55:12 │ DEBUG    │ CASME2SquaredUnifier           │ Calculated Sequence Length: 27  (Onset=2850, Offset=2876, Video='anger1_2')
2026-04-01 18:55:12 │ DEBUG    │ CASME2SquaredUnifier           │ CAS(ME)^2 cross-check: raw_emotion='surprise' → unified='Surprise', coarse_category='surprise'
2026-04-01 18:55:12 │ DEBUG    │ CASME2SquaredUnifier           │ Frames directory NOT found: C:\Users\Addhyan\Desktop\Thesis\Thesis3\DATASETS\cropped\14\anger1_2
2026-04-01 18:55:12 │ DEBUG    │ CASME2SquaredUnifier           │ CASME2_SQ │ s14 │ anger1_2        │ macro-expression │ Onset= 2850  Offset= 2876  SeqLen=  27 │ surprise → Surprise │ Frames=✗
2026-04-01 18:55:12 │ DEBUG    │ CASME2SquaredUnifier           │ Calculated Sequence Length: 47  (Onset=3337, Offset=3383, Video='anger1_3')
2026-04-01 18:55:12 │ DEBUG    │ CASME2SquaredUnifier           │ CAS(ME)^2 cross-check: raw_emotion='surprise' → unified='Surprise', coarse_category='others'
2026-04-01 18:55:12 │ DEBUG    │ CASME2SquaredUnifier           │ Frames directory NOT found: C:\Users\Addhyan\Desktop\Thesis\Thesis3\DATASETS\cropped\14\anger1_3
2026-04-01 18:55:12 │ DEBUG    │ CASME2SquaredUnifier           │ CASME2_SQ │ s14 │ anger1_3        │ macro-expression │ Onset= 3337  Offset= 3383  SeqLen=  47 │ surprise → Surprise │ Frames=✗
2026-04-01 18:55:12 │ DEBUG    │ CASME2SquaredUnifier           │ Calculated Sequence Length: 26  (Onset=863, Offset=888, Video='anger2_1')
2026-04-01 18:55:12 │ DEBUG    │ CASME2SquaredUnifier           │ CAS(ME)^2 cross-check: raw_emotion='anger' → unified='Negative', coarse_category='negative'
2026-04-01 18:55:12 │ DEBUG    │ CASME2SquaredUnifier           │ Frames directory NOT found: C:\Users\Addhyan\Desktop\Thesis\Thesis3\DATASETS\cropped\14\anger2_1
2026-04-01 18:55:12 │ DEBUG    │ CASME2SquaredUnifier           │ CASME2_SQ │ s14 │ anger2_1        │ macro-expression │ Onset=  863  Offset=  888  SeqLen=  26 │ anger → Negative │ Frames=✗
2026-04-01 18:55:12 │ DEBUG    │ CASME2SquaredUnifier           │ Calculated Sequence Length: 14  (Onset=1689, Offset=1702, Video='anger2_2')
2026-04-01 18:55:12 │ DEBUG    │ CASME2SquaredUnifier           │ CAS(ME)^2 cross-check: raw_emotion='anger' → unified='Negative', coarse_category='others'
2026-04-01 18:55:12 │ DEBUG    │ CASME2SquaredUnifier           │ Frames directory NOT found: C:\Users\Addhyan\Desktop\Thesis\Thesis3\DATASETS\cropped\14\anger2_2
2026-04-01 18:55:12 │ DEBUG    │ CASME2SquaredUnifier           │ CASME2_SQ │ s14 │ anger2_2        │ micro-expression │ Onset= 1689  Offset= 1702  SeqLen=  14 │ anger → Negative │ Frames=✗
2026-04-01 18:55:12 │ DEBUG    │ CASME2SquaredUnifier           │ Calculated Sequence Length: 34  (Onset=2123, Offset=2156, Video='anger2_3')
2026-04-01 18:55:12 │ DEBUG    │ CASME2SquaredUnifier           │ CAS(ME)^2 cross-check: raw_emotion='anger' → unified='Negative', coarse_category='surprise'
2026-04-01 18:55:12 │ DEBUG    │ CASME2SquaredUnifier           │ Frames directory NOT found: C:\Users\Addhyan\Desktop\Thesis\Thesis3\DATASETS\cropped\14\anger2_3
2026-04-01 18:55:12 │ DEBUG    │ CASME2SquaredUnifier           │ CASME2_SQ │ s14 │ anger2_3        │ macro-expression │ Onset= 2123  Offset= 2156  SeqLen=  34 │ anger → Negative │ Frames=✗
2026-04-01 18:55:12 │ DEBUG    │ CASME2SquaredUnifier           │ Calculated Sequence Length: 15  (Onset=2190, Offset=2204, Video='anger2_4')
2026-04-01 18:55:12 │ DEBUG    │ CASME2SquaredUnifier           │ CAS(ME)^2 cross-check: raw_emotion='anger' → unified='Negative', coarse_category='surprise'
2026-04-01 18:55:12 │ DEBUG    │ CASME2SquaredUnifier           │ Frames directory NOT found: C:\Users\Addhyan\Desktop\Thesis\Thesis3\DATASETS\cropped\14\anger2_4
2026-04-01 18:55:12 │ DEBUG    │ CASME2SquaredUnifier           │ CASME2_SQ │ s14 │ anger2_4        │ micro-expression │ Onset= 2190  Offset= 2204  SeqLen=  15 │ anger → Negative │ Frames=✗
2026-04-01 18:55:12 │ DEBUG    │ CASME2SquaredUnifier           │ Calculated Sequence Length: 22  (Onset=2205, Offset=2226, Video='anger2_5')
2026-04-01 18:55:12 │ DEBUG    │ CASME2SquaredUnifier           │ CAS(ME)^2 cross-check: raw_emotion='anger' → unified='Negative', coarse_category='others'
2026-04-01 18:55:12 │ DEBUG    │ CASME2SquaredUnifier           │ Frames directory NOT found: C:\Users\Addhyan\Desktop\Thesis\Thesis3\DATASETS\cropped\14\anger2_5
2026-04-01 18:55:12 │ DEBUG    │ CASME2SquaredUnifier           │ CASME2_SQ │ s14 │ anger2_5        │ macro-expression │ Onset= 2205  Offset= 2226  SeqLen=  22 │ anger → Negative │ Frames=✗
2026-04-01 18:55:12 │ DEBUG    │ CASME2SquaredUnifier           │ Calculated Sequence Length: 13  (Onset=2377, Offset=2389, Video='anger2_6')
2026-04-01 18:55:12 │ DEBUG    │ CASME2SquaredUnifier           │ CAS(ME)^2 cross-check: raw_emotion='surprise' → unified='Surprise', coarse_category='surprise'
2026-04-01 18:55:12 │ DEBUG    │ CASME2SquaredUnifier           │ Frames directory NOT found: C:\Users\Addhyan\Desktop\Thesis\Thesis3\DATASETS\cropped\14\anger2_6
2026-04-01 18:55:12 │ DEBUG    │ CASME2SquaredUnifier           │ CASME2_SQ │ s14 │ anger2_6        │ micro-expression │ Onset= 2377  Offset= 2389  SeqLen=  13 │ surprise → Surprise │ Frames=✗
2026-04-01 18:55:12 │ DEBUG    │ CASME2SquaredUnifier           │ Calculated Sequence Length: 56  (Onset=2395, Offset=2450, Video='anger2_7')
2026-04-01 18:55:12 │ DEBUG    │ CASME2SquaredUnifier           │ CAS(ME)^2 cross-check: raw_emotion='surprise' → unified='Surprise', coarse_category='surprise'
2026-04-01 18:55:12 │ DEBUG    │ CASME2SquaredUnifier           │ Frames directory NOT found: C:\Users\Addhyan\Desktop\Thesis\Thesis3\DATASETS\cropped\14\anger2_7
2026-04-01 18:55:12 │ DEBUG    │ CASME2SquaredUnifier           │ CASME2_SQ │ s14 │ anger2_7        │ macro-expression │ Onset= 2395  Offset= 2450  SeqLen=  56 │ surprise → Surprise │ Frames=✗
2026-04-01 18:55:12 │ DEBUG    │ CASME2SquaredUnifier           │ Calculated Sequence Length: 75  (Onset=3277, Offset=3351, Video='anger2_8')
2026-04-01 18:55:12 │ DEBUG    │ CASME2SquaredUnifier           │ CAS(ME)^2 cross-check: raw_emotion='surprise' → unified='Surprise', coarse_category='surprise'
2026-04-01 18:55:12 │ DEBUG    │ CASME2SquaredUnifier           │ Frames directory NOT found: C:\Users\Addhyan\Desktop\Thesis\Thesis3\DATASETS\cropped\14\anger2_8
2026-04-01 18:55:12 │ DEBUG    │ CASME2SquaredUnifier           │ CASME2_SQ │ s14 │ anger2_8        │ macro-expression │ Onset= 3277  Offset= 3351  SeqLen=  75 │ surprise → Surprise │ Frames=✗
2026-04-01 18:55:12 │ DEBUG    │ CASME2SquaredUnifier           │ Calculated Sequence Length: 31  (Onset=3479, Offset=3509, Video='anger2_9')
2026-04-01 18:55:12 │ DEBUG    │ CASME2SquaredUnifier           │ CAS(ME)^2 cross-check: raw_emotion='anger' → unified='Negative', coarse_category='surprise'
2026-04-01 18:55:12 │ DEBUG    │ CASME2SquaredUnifier           │ Frames directory NOT found: C:\Users\Addhyan\Desktop\Thesis\Thesis3\DATASETS\cropped\14\anger2_9
2026-04-01 18:55:12 │ DEBUG    │ CASME2SquaredUnifier           │ CASME2_SQ │ s14 │ anger2_9        │ macro-expression │ Onset= 3479  Offset= 3509  SeqLen=  31 │ anger → Negative │ Frames=✗
2026-04-01 18:55:12 │ DEBUG    │ CASME2SquaredUnifier           │ Calculated Sequence Length: 13  (Onset=3803, Offset=3815, Video='anger2_10')
2026-04-01 18:55:12 │ DEBUG    │ CASME2SquaredUnifier           │ CAS(ME)^2 cross-check: raw_emotion='anger' → unified='Negative', coarse_category='others'
2026-04-01 18:55:12 │ DEBUG    │ CASME2SquaredUnifier           │ Frames directory NOT found: C:\Users\Addhyan\Desktop\Thesis\Thesis3\DATASETS\cropped\14\anger2_10
2026-04-01 18:55:12 │ DEBUG    │ CASME2SquaredUnifier           │ CASME2_SQ │ s14 │ anger2_10       │ micro-expression │ Onset= 3803  Offset= 3815  SeqLen=  13 │ anger → Negative │ Frames=✗
2026-04-01 18:55:12 │ DEBUG    │ CASME2SquaredUnifier           │ Calculated Sequence Length: 76  (Onset=382, Offset=457, Video='disgust1_1')
2026-04-01 18:55:12 │ DEBUG    │ CASME2SquaredUnifier           │ CAS(ME)^2 cross-check: raw_emotion='disgust' → unified='Negative', coarse_category='others'
2026-04-01 18:55:12 │ DEBUG    │ CASME2SquaredUnifier           │ Frames directory NOT found: C:\Users\Addhyan\Desktop\Thesis\Thesis3\DATASETS\cropped\14\disgust1_1
2026-04-01 18:55:12 │ DEBUG    │ CASME2SquaredUnifier           │ CASME2_SQ │ s14 │ disgust1_1      │ macro-expression │ Onset=  382  Offset=  457  SeqLen=  76 │ disgust → Negative │ Frames=✗
2026-04-01 18:55:12 │ DEBUG    │ CASME2SquaredUnifier           │ Calculated Sequence Length: 57  (Onset=555, Offset=611, Video='disgust1_2')
2026-04-01 18:55:12 │ DEBUG    │ CASME2SquaredUnifier           │ CAS(ME)^2 cross-check: raw_emotion='disgust' → unified='Negative', coarse_category='others'
2026-04-01 18:55:12 │ DEBUG    │ CASME2SquaredUnifier           │ Frames directory NOT found: C:\Users\Addhyan\Desktop\Thesis\Thesis3\DATASETS\cropped\14\disgust1_2
2026-04-01 18:55:12 │ DEBUG    │ CASME2SquaredUnifier           │ CASME2_SQ │ s14 │ disgust1_2      │ macro-expression │ Onset=  555  Offset=  611  SeqLen=  57 │ disgust → Negative │ Frames=✗
2026-04-01 18:55:12 │ DEBUG    │ CASME2SquaredUnifier           │ Calculated Sequence Length: 118  (Onset=726, Offset=843, Video='disgust1_3')
2026-04-01 18:55:12 │ DEBUG    │ CASME2SquaredUnifier           │ CAS(ME)^2 cross-check: raw_emotion='disgust' → unified='Negative', coarse_category='others'
2026-04-01 18:55:12 │ DEBUG    │ CASME2SquaredUnifier           │ Frames directory NOT found: C:\Users\Addhyan\Desktop\Thesis\Thesis3\DATASETS\cropped\14\disgust1_3
2026-04-01 18:55:12 │ DEBUG    │ CASME2SquaredUnifier           │ CASME2_SQ │ s14 │ disgust1_3      │ macro-expression │ Onset=  726  Offset=  843  SeqLen= 118 │ disgust → Negative │ Frames=✗
2026-04-01 18:55:12 │ DEBUG    │ CASME2SquaredUnifier           │ Calculated Sequence Length: 51  (Onset=836, Offset=886, Video='disgust1_4')
2026-04-01 18:55:12 │ DEBUG    │ CASME2SquaredUnifier           │ CAS(ME)^2 cross-check: raw_emotion='confused' → unified='Others', coarse_category='surprise'
2026-04-01 18:55:12 │ DEBUG    │ CASME2SquaredUnifier           │ Frames directory NOT found: C:\Users\Addhyan\Desktop\Thesis\Thesis3\DATASETS\cropped\14\disgust1_4
2026-04-01 18:55:12 │ DEBUG    │ CASME2SquaredUnifier           │ CASME2_SQ │ s14 │ disgust1_4      │ macro-expression │ Onset=  836  Offset=  886  SeqLen=  51 │ confused → Others │ Frames=✗
2026-04-01 18:55:12 │ DEBUG    │ CASME2SquaredUnifier           │ Calculated Sequence Length: 52  (Onset=1089, Offset=1140, Video='disgust1_5')
2026-04-01 18:55:12 │ DEBUG    │ CASME2SquaredUnifier           │ CAS(ME)^2 cross-check: raw_emotion='disgust' → unified='Negative', coarse_category='others'
2026-04-01 18:55:12 │ DEBUG    │ CASME2SquaredUnifier           │ Frames directory NOT found: C:\Users\Addhyan\Desktop\Thesis\Thesis3\DATASETS\cropped\14\disgust1_5
2026-04-01 18:55:12 │ DEBUG    │ CASME2SquaredUnifier           │ CASME2_SQ │ s14 │ disgust1_5      │ macro-expression │ Onset= 1089  Offset= 1140  SeqLen=  52 │ disgust → Negative │ Frames=✗
2026-04-01 18:55:12 │ DEBUG    │ CASME2SquaredUnifier           │ Calculated Sequence Length: 20  (Onset=1150, Offset=1169, Video='disgust1_6')
2026-04-01 18:55:12 │ DEBUG    │ CASME2SquaredUnifier           │ CAS(ME)^2 cross-check: raw_emotion='disgust' → unified='Negative', coarse_category='surprise'
2026-04-01 18:55:12 │ DEBUG    │ CASME2SquaredUnifier           │ Frames directory NOT found: C:\Users\Addhyan\Desktop\Thesis\Thesis3\DATASETS\cropped\14\disgust1_6
2026-04-01 18:55:12 │ DEBUG    │ CASME2SquaredUnifier           │ CASME2_SQ │ s14 │ disgust1_6      │ macro-expression │ Onset= 1150  Offset= 1169  SeqLen=  20 │ disgust → Negative │ Frames=✗
2026-04-01 18:55:12 │ DEBUG    │ CASME2SquaredUnifier           │ Calculated Sequence Length: 13  (Onset=1421, Offset=1433, Video='disgust1_7')
2026-04-01 18:55:12 │ DEBUG    │ CASME2SquaredUnifier           │ CAS(ME)^2 cross-check: raw_emotion='disgust' → unified='Negative', coarse_category='others'
2026-04-01 18:55:12 │ DEBUG    │ CASME2SquaredUnifier           │ Frames directory NOT found: C:\Users\Addhyan\Desktop\Thesis\Thesis3\DATASETS\cropped\14\disgust1_7
2026-04-01 18:55:12 │ DEBUG    │ CASME2SquaredUnifier           │ CASME2_SQ │ s14 │ disgust1_7      │ micro-expression │ Onset= 1421  Offset= 1433  SeqLen=  13 │ disgust → Negative │ Frames=✗
2026-04-01 18:55:12 │ DEBUG    │ CASME2SquaredUnifier           │ Calculated Sequence Length: 41  (Onset=1561, Offset=1601, Video='disgust1_8')
2026-04-01 18:55:12 │ DEBUG    │ CASME2SquaredUnifier           │ CAS(ME)^2 cross-check: raw_emotion='disgust' → unified='Negative', coarse_category='negative'
2026-04-01 18:55:12 │ DEBUG    │ CASME2SquaredUnifier           │ Frames directory NOT found: C:\Users\Addhyan\Desktop\Thesis\Thesis3\DATASETS\cropped\14\disgust1_8
2026-04-01 18:55:12 │ DEBUG    │ CASME2SquaredUnifier           │ CASME2_SQ │ s14 │ disgust1_8      │ macro-expression │ Onset= 1561  Offset= 1601  SeqLen=  41 │ disgust → Negative │ Frames=✗
2026-04-01 18:55:12 │ DEBUG    │ CASME2SquaredUnifier           │ Offset is 0 or negative for 'disgust1_9' — marking sequence length as -1 (unknown).
2026-04-01 18:55:12 │ DEBUG    │ CASME2SquaredUnifier           │ CAS(ME)^2 cross-check: raw_emotion='surprise' → unified='Surprise', coarse_category='others'
2026-04-01 18:55:12 │ DEBUG    │ CASME2SquaredUnifier           │ Frames directory NOT found: C:\Users\Addhyan\Desktop\Thesis\Thesis3\DATASETS\cropped\14\disgust1_9
2026-04-01 18:55:12 │ DEBUG    │ CASME2SquaredUnifier           │ CASME2_SQ │ s14 │ disgust1_9      │ macro-expression │ Onset= 1631  Offset=    0  SeqLen=  -1 │ surprise → Surprise │ Frames=✗
2026-04-01 18:55:12 │ DEBUG    │ CASME2SquaredUnifier           │ Calculated Sequence Length: 59  (Onset=1595, Offset=1653, Video='happy1_1')
2026-04-01 18:55:12 │ DEBUG    │ CASME2SquaredUnifier           │ CAS(ME)^2 cross-check: raw_emotion='happiness' → unified='Positive', coarse_category='others'
2026-04-01 18:55:12 │ DEBUG    │ CASME2SquaredUnifier           │ Frames directory NOT found: C:\Users\Addhyan\Desktop\Thesis\Thesis3\DATASETS\cropped\14\happy1_1
2026-04-01 18:55:12 │ DEBUG    │ CASME2SquaredUnifier           │ CASME2_SQ │ s14 │ happy1_1        │ macro-expression │ Onset= 1595  Offset= 1653  SeqLen=  59 │ happiness → Positive │ Frames=✗
2026-04-01 18:55:12 │ DEBUG    │ CASME2SquaredUnifier           │ Calculated Sequence Length: 34  (Onset=2169, Offset=2202, Video='happy2_1')
2026-04-01 18:55:12 │ DEBUG    │ CASME2SquaredUnifier           │ CAS(ME)^2 cross-check: raw_emotion='happiness' → unified='Positive', coarse_category='others'
2026-04-01 18:55:12 │ DEBUG    │ CASME2SquaredUnifier           │ Frames directory NOT found: C:\Users\Addhyan\Desktop\Thesis\Thesis3\DATASETS\cropped\14\happy2_1
2026-04-01 18:55:12 │ DEBUG    │ CASME2SquaredUnifier           │ CASME2_SQ │ s14 │ happy2_1        │ macro-expression │ Onset= 2169  Offset= 2202  SeqLen=  34 │ happiness → Positive │ Frames=✗
2026-04-01 18:55:12 │ DEBUG    │ CASME2SquaredUnifier           │ Calculated Sequence Length: 14  (Onset=1046, Offset=1059, Video='happy3_1')
2026-04-01 18:55:12 │ DEBUG    │ CASME2SquaredUnifier           │ CAS(ME)^2 cross-check: raw_emotion='happiness' → unified='Positive', coarse_category='others'
2026-04-01 18:55:12 │ DEBUG    │ CASME2SquaredUnifier           │ Frames directory NOT found: C:\Users\Addhyan\Desktop\Thesis\Thesis3\DATASETS\cropped\14\happy3_1
2026-04-01 18:55:12 │ DEBUG    │ CASME2SquaredUnifier           │ CASME2_SQ │ s14 │ happy3_1        │ micro-expression │ Onset= 1046  Offset= 1059  SeqLen=  14 │ happiness → Positive │ Frames=✗
2026-04-01 18:55:12 │ DEBUG    │ CASME2SquaredUnifier           │ Calculated Sequence Length: 38  (Onset=2242, Offset=2279, Video='happy3_2')
2026-04-01 18:55:12 │ DEBUG    │ CASME2SquaredUnifier           │ CAS(ME)^2 cross-check: raw_emotion='happiness' → unified='Positive', coarse_category='positive'
2026-04-01 18:55:12 │ DEBUG    │ CASME2SquaredUnifier           │ Frames directory NOT found: C:\Users\Addhyan\Desktop\Thesis\Thesis3\DATASETS\cropped\14\happy3_2
2026-04-01 18:55:12 │ DEBUG    │ CASME2SquaredUnifier           │ CASME2_SQ │ s14 │ happy3_2        │ macro-expression │ Onset= 2242  Offset= 2279  SeqLen=  38 │ happiness → Positive │ Frames=✗
2026-04-01 18:55:12 │ DEBUG    │ CASME2SquaredUnifier           │ Calculated Sequence Length: 26  (Onset=768, Offset=793, Video='happy4_1')
2026-04-01 18:55:12 │ DEBUG    │ CASME2SquaredUnifier           │ CAS(ME)^2 cross-check: raw_emotion='happiness' → unified='Positive', coarse_category='negative'
2026-04-01 18:55:12 │ DEBUG    │ CASME2SquaredUnifier           │ Frames directory NOT found: C:\Users\Addhyan\Desktop\Thesis\Thesis3\DATASETS\cropped\14\happy4_1
2026-04-01 18:55:12 │ DEBUG    │ CASME2SquaredUnifier           │ CASME2_SQ │ s14 │ happy4_1        │ macro-expression │ Onset=  768  Offset=  793  SeqLen=  26 │ happiness → Positive │ Frames=✗
2026-04-01 18:55:12 │ DEBUG    │ CASME2SquaredUnifier           │ Calculated Sequence Length: 24  (Onset=834, Offset=857, Video='happy4_2')
2026-04-01 18:55:12 │ DEBUG    │ CASME2SquaredUnifier           │ CAS(ME)^2 cross-check: raw_emotion='happiness' → unified='Positive', coarse_category='surprise'
2026-04-01 18:55:12 │ DEBUG    │ CASME2SquaredUnifier           │ Frames directory NOT found: C:\Users\Addhyan\Desktop\Thesis\Thesis3\DATASETS\cropped\14\happy4_2
2026-04-01 18:55:12 │ DEBUG    │ CASME2SquaredUnifier           │ CASME2_SQ │ s14 │ happy4_2        │ macro-expression │ Onset=  834  Offset=  857  SeqLen=  24 │ happiness → Positive │ Frames=✗
2026-04-01 18:55:12 │ DEBUG    │ CASME2SquaredUnifier           │ Offset is 0 or negative for 'happy4_3' — marking sequence length as -1 (unknown).
2026-04-01 18:55:12 │ DEBUG    │ CASME2SquaredUnifier           │ CAS(ME)^2 cross-check: raw_emotion='surprise' → unified='Surprise', coarse_category='surprise'
2026-04-01 18:55:12 │ DEBUG    │ CASME2SquaredUnifier           │ Frames directory NOT found: C:\Users\Addhyan\Desktop\Thesis\Thesis3\DATASETS\cropped\14\happy4_3
2026-04-01 18:55:12 │ DEBUG    │ CASME2SquaredUnifier           │ CASME2_SQ │ s14 │ happy4_3        │ macro-expression │ Onset= 1500  Offset=    0  SeqLen=  -1 │ surprise → Surprise │ Frames=✗
2026-04-01 18:55:12 │ DEBUG    │ CASME2SquaredUnifier           │ Calculated Sequence Length: 22  (Onset=1565, Offset=1586, Video='happy4_4')
2026-04-01 18:55:12 │ DEBUG    │ CASME2SquaredUnifier           │ CAS(ME)^2 cross-check: raw_emotion='surprise' → unified='Surprise', coarse_category='surprise'
2026-04-01 18:55:12 │ DEBUG    │ CASME2SquaredUnifier           │ Frames directory NOT found: C:\Users\Addhyan\Desktop\Thesis\Thesis3\DATASETS\cropped\14\happy4_4
2026-04-01 18:55:12 │ DEBUG    │ CASME2SquaredUnifier           │ CASME2_SQ │ s14 │ happy4_4        │ macro-expression │ Onset= 1565  Offset= 1586  SeqLen=  22 │ surprise → Surprise │ Frames=✗
2026-04-01 18:55:12 │ DEBUG    │ CASME2SquaredUnifier           │ Offset is 0 or negative for 'happy4_5' — marking sequence length as -1 (unknown).
2026-04-01 18:55:12 │ DEBUG    │ CASME2SquaredUnifier           │ CAS(ME)^2 cross-check: raw_emotion='surprise' → unified='Surprise', coarse_category='surprise'
2026-04-01 18:55:12 │ DEBUG    │ CASME2SquaredUnifier           │ Frames directory NOT found: C:\Users\Addhyan\Desktop\Thesis\Thesis3\DATASETS\cropped\14\happy4_5
2026-04-01 18:55:12 │ DEBUG    │ CASME2SquaredUnifier           │ CASME2_SQ │ s14 │ happy4_5        │ macro-expression │ Onset= 2247  Offset=    0  SeqLen=  -1 │ surprise → Surprise │ Frames=✗
2026-04-01 18:55:12 │ DEBUG    │ CASME2SquaredUnifier           │ Calculated Sequence Length: 31  (Onset=3114, Offset=3144, Video='happy4_6')
2026-04-01 18:55:12 │ DEBUG    │ CASME2SquaredUnifier           │ CAS(ME)^2 cross-check: raw_emotion='surprise' → unified='Surprise', coarse_category='others'
2026-04-01 18:55:12 │ DEBUG    │ CASME2SquaredUnifier           │ Frames directory NOT found: C:\Users\Addhyan\Desktop\Thesis\Thesis3\DATASETS\cropped\14\happy4_6
2026-04-01 18:55:12 │ DEBUG    │ CASME2SquaredUnifier           │ CASME2_SQ │ s14 │ happy4_6        │ macro-expression │ Onset= 3114  Offset= 3144  SeqLen=  31 │ surprise → Surprise │ Frames=✗
2026-04-01 18:55:12 │ DEBUG    │ CASME2SquaredUnifier           │ Calculated Sequence Length: 11  (Onset=268, Offset=278, Video='anger1_1')
2026-04-01 18:55:12 │ DEBUG    │ CASME2SquaredUnifier           │ CAS(ME)^2 cross-check: raw_emotion='fear' → unified='Negative', coarse_category='negative'
2026-04-01 18:55:12 │ DEBUG    │ CASME2SquaredUnifier           │ CASME2_SQ │ s15 │ anger1_1        │ micro-expression │ Onset=  268  Offset=  278  SeqLen=  11 │ fear → Negative │ Frames=✓
2026-04-01 18:55:12 │ DEBUG    │ CASME2SquaredUnifier           │ Calculated Sequence Length: 21  (Onset=302, Offset=322, Video='anger1_2')
2026-04-01 18:55:12 │ DEBUG    │ CASME2SquaredUnifier           │ CAS(ME)^2 cross-check: raw_emotion='surprise' → unified='Surprise', coarse_category='negative'
2026-04-01 18:55:12 │ DEBUG    │ CASME2SquaredUnifier           │ CASME2_SQ │ s15 │ anger1_2        │ macro-expression │ Onset=  302  Offset=  322  SeqLen=  21 │ surprise → Surprise │ Frames=✓
2026-04-01 18:55:12 │ DEBUG    │ CASME2SquaredUnifier           │ Calculated Sequence Length: 17  (Onset=344, Offset=360, Video='anger1_3')
2026-04-01 18:55:12 │ DEBUG    │ CASME2SquaredUnifier           │ CAS(ME)^2 cross-check: raw_emotion='surprise' → unified='Surprise', coarse_category='negative'
2026-04-01 18:55:12 │ DEBUG    │ CASME2SquaredUnifier           │ Frames directory NOT found: C:\Users\Addhyan\Desktop\Thesis\Thesis3\DATASETS\cropped\15\anger1_3
2026-04-01 18:55:12 │ DEBUG    │ CASME2SquaredUnifier           │ CASME2_SQ │ s15 │ anger1_3        │ macro-expression │ Onset=  344  Offset=  360  SeqLen=  17 │ surprise → Surprise │ Frames=✗
2026-04-01 18:55:12 │ DEBUG    │ CASME2SquaredUnifier           │ Calculated Sequence Length: 34  (Onset=406, Offset=439, Video='anger1_4')
2026-04-01 18:55:12 │ DEBUG    │ CASME2SquaredUnifier           │ CAS(ME)^2 cross-check: raw_emotion='anger' → unified='Negative', coarse_category='negative'
2026-04-01 18:55:12 │ DEBUG    │ CASME2SquaredUnifier           │ Frames directory NOT found: C:\Users\Addhyan\Desktop\Thesis\Thesis3\DATASETS\cropped\15\anger1_4
2026-04-01 18:55:12 │ DEBUG    │ CASME2SquaredUnifier           │ CASME2_SQ │ s15 │ anger1_4        │ macro-expression │ Onset=  406  Offset=  439  SeqLen=  34 │ anger → Negative │ Frames=✗
2026-04-01 18:55:12 │ DEBUG    │ CASME2SquaredUnifier           │ Calculated Sequence Length: 48  (Onset=562, Offset=609, Video='anger1_5')
2026-04-01 18:55:12 │ DEBUG    │ CASME2SquaredUnifier           │ CAS(ME)^2 cross-check: raw_emotion='anger' → unified='Negative', coarse_category='negative'
2026-04-01 18:55:12 │ DEBUG    │ CASME2SquaredUnifier           │ Frames directory NOT found: C:\Users\Addhyan\Desktop\Thesis\Thesis3\DATASETS\cropped\15\anger1_5
2026-04-01 18:55:12 │ DEBUG    │ CASME2SquaredUnifier           │ CASME2_SQ │ s15 │ anger1_5        │ macro-expression │ Onset=  562  Offset=  609  SeqLen=  48 │ anger → Negative │ Frames=✗
2026-04-01 18:55:12 │ DEBUG    │ CASME2SquaredUnifier           │ Calculated Sequence Length: 24  (Onset=874, Offset=897, Video='anger1_6')
2026-04-01 18:55:12 │ DEBUG    │ CASME2SquaredUnifier           │ CAS(ME)^2 cross-check: raw_emotion='anger' → unified='Negative', coarse_category='negative'
2026-04-01 18:55:12 │ DEBUG    │ CASME2SquaredUnifier           │ Frames directory NOT found: C:\Users\Addhyan\Desktop\Thesis\Thesis3\DATASETS\cropped\15\anger1_6
2026-04-01 18:55:12 │ DEBUG    │ CASME2SquaredUnifier           │ CASME2_SQ │ s15 │ anger1_6        │ macro-expression │ Onset=  874  Offset=  897  SeqLen=  24 │ anger → Negative │ Frames=✗
2026-04-01 18:55:12 │ DEBUG    │ CASME2SquaredUnifier           │ Calculated Sequence Length: 54  (Onset=1310, Offset=1363, Video='anger1_7')
2026-04-01 18:55:12 │ DEBUG    │ CASME2SquaredUnifier           │ CAS(ME)^2 cross-check: raw_emotion='anger' → unified='Negative', coarse_category='negative'
2026-04-01 18:55:12 │ DEBUG    │ CASME2SquaredUnifier           │ Frames directory NOT found: C:\Users\Addhyan\Desktop\Thesis\Thesis3\DATASETS\cropped\15\anger1_7
2026-04-01 18:55:12 │ DEBUG    │ CASME2SquaredUnifier           │ CASME2_SQ │ s15 │ anger1_7        │ macro-expression │ Onset= 1310  Offset= 1363  SeqLen=  54 │ anger → Negative │ Frames=✗
2026-04-01 18:55:12 │ DEBUG    │ CASME2SquaredUnifier           │ Calculated Sequence Length: 43  (Onset=1518, Offset=1560, Video='anger1_8')
2026-04-01 18:55:12 │ DEBUG    │ CASME2SquaredUnifier           │ CAS(ME)^2 cross-check: raw_emotion='anger' → unified='Negative', coarse_category='negative'
2026-04-01 18:55:12 │ DEBUG    │ CASME2SquaredUnifier           │ Frames directory NOT found: C:\Users\Addhyan\Desktop\Thesis\Thesis3\DATASETS\cropped\15\anger1_8
2026-04-01 18:55:12 │ DEBUG    │ CASME2SquaredUnifier           │ CASME2_SQ │ s15 │ anger1_8        │ macro-expression │ Onset= 1518  Offset= 1560  SeqLen=  43 │ anger → Negative │ Frames=✗
2026-04-01 18:55:12 │ DEBUG    │ CASME2SquaredUnifier           │ Calculated Sequence Length: 25  (Onset=1650, Offset=1674, Video='anger1_9')
2026-04-01 18:55:12 │ DEBUG    │ CASME2SquaredUnifier           │ CAS(ME)^2 cross-check: raw_emotion='anger' → unified='Negative', coarse_category='negative'
2026-04-01 18:55:12 │ DEBUG    │ CASME2SquaredUnifier           │ Frames directory NOT found: C:\Users\Addhyan\Desktop\Thesis\Thesis3\DATASETS\cropped\15\anger1_9
2026-04-01 18:55:12 │ DEBUG    │ CASME2SquaredUnifier           │ CASME2_SQ │ s15 │ anger1_9        │ macro-expression │ Onset= 1650  Offset= 1674  SeqLen=  25 │ anger → Negative │ Frames=✗
2026-04-01 18:55:12 │ DEBUG    │ CASME2SquaredUnifier           │ Calculated Sequence Length: 51  (Onset=1692, Offset=1742, Video='anger1_10')
2026-04-01 18:55:12 │ DEBUG    │ CASME2SquaredUnifier           │ CAS(ME)^2 cross-check: raw_emotion='anger' → unified='Negative', coarse_category='negative'
2026-04-01 18:55:12 │ DEBUG    │ CASME2SquaredUnifier           │ Frames directory NOT found: C:\Users\Addhyan\Desktop\Thesis\Thesis3\DATASETS\cropped\15\anger1_10
2026-04-01 18:55:12 │ DEBUG    │ CASME2SquaredUnifier           │ CASME2_SQ │ s15 │ anger1_10       │ macro-expression │ Onset= 1692  Offset= 1742  SeqLen=  51 │ anger → Negative │ Frames=✗
2026-04-01 18:55:12 │ DEBUG    │ CASME2SquaredUnifier           │ Calculated Sequence Length: 87  (Onset=2249, Offset=2335, Video='anger1_11')
2026-04-01 18:55:12 │ DEBUG    │ CASME2SquaredUnifier           │ CAS(ME)^2 cross-check: raw_emotion='sympathy' → unified='Others', coarse_category='negative'
2026-04-01 18:55:12 │ DEBUG    │ CASME2SquaredUnifier           │ Frames directory NOT found: C:\Users\Addhyan\Desktop\Thesis\Thesis3\DATASETS\cropped\15\anger1_11
2026-04-01 18:55:12 │ DEBUG    │ CASME2SquaredUnifier           │ CASME2_SQ │ s15 │ anger1_11       │ macro-expression │ Onset= 2249  Offset= 2335  SeqLen=  87 │ sympathy → Others │ Frames=✗
2026-04-01 18:55:12 │ DEBUG    │ CASME2SquaredUnifier           │ Calculated Sequence Length: 45  (Onset=2407, Offset=2451, Video='anger1_12')
2026-04-01 18:55:12 │ DEBUG    │ CASME2SquaredUnifier           │ CAS(ME)^2 cross-check: raw_emotion='happiness' → unified='Positive', coarse_category='others'
2026-04-01 18:55:12 │ DEBUG    │ CASME2SquaredUnifier           │ Frames directory NOT found: C:\Users\Addhyan\Desktop\Thesis\Thesis3\DATASETS\cropped\15\anger1_12
2026-04-01 18:55:12 │ DEBUG    │ CASME2SquaredUnifier           │ CASME2_SQ │ s15 │ anger1_12       │ macro-expression │ Onset= 2407  Offset= 2451  SeqLen=  45 │ happiness → Positive │ Frames=✗
2026-04-01 18:55:12 │ DEBUG    │ CASME2SquaredUnifier           │ Calculated Sequence Length: 50  (Onset=2796, Offset=2845, Video='anger1_13')
2026-04-01 18:55:12 │ DEBUG    │ CASME2SquaredUnifier           │ CAS(ME)^2 cross-check: raw_emotion='sympathy' → unified='Others', coarse_category='others'
2026-04-01 18:55:12 │ DEBUG    │ CASME2SquaredUnifier           │ Frames directory NOT found: C:\Users\Addhyan\Desktop\Thesis\Thesis3\DATASETS\cropped\15\anger1_13
2026-04-01 18:55:12 │ DEBUG    │ CASME2SquaredUnifier           │ CASME2_SQ │ s15 │ anger1_13       │ macro-expression │ Onset= 2796  Offset= 2845  SeqLen=  50 │ sympathy → Others │ Frames=✗
2026-04-01 18:55:12 │ DEBUG    │ CASME2SquaredUnifier           │ Calculated Sequence Length: 50  (Onset=2912, Offset=2961, Video='anger1_14')
2026-04-01 18:55:12 │ DEBUG    │ CASME2SquaredUnifier           │ CAS(ME)^2 cross-check: raw_emotion='fear' → unified='Negative', coarse_category='negative'
2026-04-01 18:55:12 │ DEBUG    │ CASME2SquaredUnifier           │ Frames directory NOT found: C:\Users\Addhyan\Desktop\Thesis\Thesis3\DATASETS\cropped\15\anger1_14
2026-04-01 18:55:12 │ DEBUG    │ CASME2SquaredUnifier           │ CASME2_SQ │ s15 │ anger1_14       │ macro-expression │ Onset= 2912  Offset= 2961  SeqLen=  50 │ fear → Negative │ Frames=✗
2026-04-01 18:55:12 │ DEBUG    │ CASME2SquaredUnifier           │ Calculated Sequence Length: 25  (Onset=3173, Offset=3197, Video='anger1_15')
2026-04-01 18:55:12 │ DEBUG    │ CASME2SquaredUnifier           │ CAS(ME)^2 cross-check: raw_emotion='fear' → unified='Negative', coarse_category='negative'
2026-04-01 18:55:12 │ DEBUG    │ CASME2SquaredUnifier           │ Frames directory NOT found: C:\Users\Addhyan\Desktop\Thesis\Thesis3\DATASETS\cropped\15\anger1_15
2026-04-01 18:55:12 │ DEBUG    │ CASME2SquaredUnifier           │ CASME2_SQ │ s15 │ anger1_15       │ macro-expression │ Onset= 3173  Offset= 3197  SeqLen=  25 │ fear → Negative │ Frames=✗
2026-04-01 18:55:12 │ DEBUG    │ CASME2SquaredUnifier           │ Calculated Sequence Length: 20  (Onset=1531, Offset=1550, Video='anger2_1')
2026-04-01 18:55:12 │ DEBUG    │ CASME2SquaredUnifier           │ CAS(ME)^2 cross-check: raw_emotion='anger' → unified='Negative', coarse_category='negative'
2026-04-01 18:55:12 │ DEBUG    │ CASME2SquaredUnifier           │ CASME2_SQ │ s15 │ anger2_1        │ macro-expression │ Onset= 1531  Offset= 1550  SeqLen=  20 │ anger → Negative │ Frames=✓
2026-04-01 18:55:12 │ DEBUG    │ CASME2SquaredUnifier           │ Calculated Sequence Length: 26  (Onset=2270, Offset=2295, Video='anger2_2')
2026-04-01 18:55:12 │ DEBUG    │ CASME2SquaredUnifier           │ CAS(ME)^2 cross-check: raw_emotion='anger' → unified='Negative', coarse_category='negative'
2026-04-01 18:55:12 │ DEBUG    │ CASME2SquaredUnifier           │ CASME2_SQ │ s15 │ anger2_2        │ macro-expression │ Onset= 2270  Offset= 2295  SeqLen=  26 │ anger → Negative │ Frames=✓
2026-04-01 18:55:12 │ DEBUG    │ CASME2SquaredUnifier           │ Calculated Sequence Length: 29  (Onset=2774, Offset=2802, Video='anger2_3')
2026-04-01 18:55:12 │ DEBUG    │ CASME2SquaredUnifier           │ CAS(ME)^2 cross-check: raw_emotion='anger' → unified='Negative', coarse_category='negative'
2026-04-01 18:55:12 │ DEBUG    │ CASME2SquaredUnifier           │ CASME2_SQ │ s15 │ anger2_3        │ macro-expression │ Onset= 2774  Offset= 2802  SeqLen=  29 │ anger → Negative │ Frames=✓
2026-04-01 18:55:12 │ DEBUG    │ CASME2SquaredUnifier           │ Offset is 0 or negative for 'anger2_4' — marking sequence length as -1 (unknown).
2026-04-01 18:55:12 │ DEBUG    │ CASME2SquaredUnifier           │ CAS(ME)^2 cross-check: raw_emotion='anger' → unified='Negative', coarse_category='negative'
2026-04-01 18:55:12 │ DEBUG    │ CASME2SquaredUnifier           │ CASME2_SQ │ s15 │ anger2_4        │ macro-expression │ Onset= 3200  Offset=    0  SeqLen=  -1 │ anger → Negative │ Frames=✓
2026-04-01 18:55:12 │ DEBUG    │ CASME2SquaredUnifier           │ Calculated Sequence Length: 31  (Onset=3396, Offset=3426, Video='anger2_5')
2026-04-01 18:55:12 │ DEBUG    │ CASME2SquaredUnifier           │ CAS(ME)^2 cross-check: raw_emotion='anger' → unified='Negative', coarse_category='negative'
2026-04-01 18:55:12 │ DEBUG    │ CASME2SquaredUnifier           │ CASME2_SQ │ s15 │ anger2_5        │ macro-expression │ Onset= 3396  Offset= 3426  SeqLen=  31 │ anger → Negative │ Frames=✓
2026-04-01 18:55:12 │ DEBUG    │ CASME2SquaredUnifier           │ Calculated Sequence Length: 63  (Onset=3745, Offset=3807, Video='anger2_6')
2026-04-01 18:55:12 │ DEBUG    │ CASME2SquaredUnifier           │ CAS(ME)^2 cross-check: raw_emotion='anger' → unified='Negative', coarse_category='negative'
2026-04-01 18:55:12 │ DEBUG    │ CASME2SquaredUnifier           │ Frames directory NOT found: C:\Users\Addhyan\Desktop\Thesis\Thesis3\DATASETS\cropped\15\anger2_6
2026-04-01 18:55:12 │ DEBUG    │ CASME2SquaredUnifier           │ CASME2_SQ │ s15 │ anger2_6        │ macro-expression │ Onset= 3745  Offset= 3807  SeqLen=  63 │ anger → Negative │ Frames=✗
2026-04-01 18:55:12 │ DEBUG    │ CASME2SquaredUnifier           │ Calculated Sequence Length: 75  (Onset=3999, Offset=4073, Video='anger2_7')
2026-04-01 18:55:12 │ DEBUG    │ CASME2SquaredUnifier           │ CAS(ME)^2 cross-check: raw_emotion='anger' → unified='Negative', coarse_category='negative'
2026-04-01 18:55:12 │ DEBUG    │ CASME2SquaredUnifier           │ Frames directory NOT found: C:\Users\Addhyan\Desktop\Thesis\Thesis3\DATASETS\cropped\15\anger2_7
2026-04-01 18:55:12 │ DEBUG    │ CASME2SquaredUnifier           │ CASME2_SQ │ s15 │ anger2_7        │ macro-expression │ Onset= 3999  Offset= 4073  SeqLen=  75 │ anger → Negative │ Frames=✗
2026-04-01 18:55:12 │ DEBUG    │ CASME2SquaredUnifier           │ Calculated Sequence Length: 35  (Onset=885, Offset=919, Video='disgust1_1')
2026-04-01 18:55:12 │ DEBUG    │ CASME2SquaredUnifier           │ CAS(ME)^2 cross-check: raw_emotion='fear' → unified='Negative', coarse_category='others'
2026-04-01 18:55:12 │ DEBUG    │ CASME2SquaredUnifier           │ CASME2_SQ │ s15 │ disgust1_1      │ macro-expression │ Onset=  885  Offset=  919  SeqLen=  35 │ fear → Negative │ Frames=✓
2026-04-01 18:55:12 │ DEBUG    │ CASME2SquaredUnifier           │ Calculated Sequence Length: 17  (Onset=1234, Offset=1250, Video='disgust1_2')
2026-04-01 18:55:12 │ DEBUG    │ CASME2SquaredUnifier           │ CAS(ME)^2 cross-check: raw_emotion='fear' → unified='Negative', coarse_category='negative'
2026-04-01 18:55:12 │ DEBUG    │ CASME2SquaredUnifier           │ Frames directory NOT found: C:\Users\Addhyan\Desktop\Thesis\Thesis3\DATASETS\cropped\15\disgust1_2
2026-04-01 18:55:12 │ DEBUG    │ CASME2SquaredUnifier           │ CASME2_SQ │ s15 │ disgust1_2      │ macro-expression │ Onset= 1234  Offset= 1250  SeqLen=  17 │ fear → Negative │ Frames=✗
2026-04-01 18:55:12 │ DEBUG    │ CASME2SquaredUnifier           │ Calculated Sequence Length: 23  (Onset=780, Offset=802, Video='disgust2_1')
2026-04-01 18:55:12 │ DEBUG    │ CASME2SquaredUnifier           │ CAS(ME)^2 cross-check: raw_emotion='disgust' → unified='Negative', coarse_category='negative'
2026-04-01 18:55:12 │ DEBUG    │ CASME2SquaredUnifier           │ CASME2_SQ │ s15 │ disgust2_1      │ macro-expression │ Onset=  780  Offset=  802  SeqLen=  23 │ disgust → Negative │ Frames=✓
2026-04-01 18:55:12 │ DEBUG    │ CASME2SquaredUnifier           │ Calculated Sequence Length: 56  (Onset=139, Offset=194, Video='happy1_1')
2026-04-01 18:55:12 │ DEBUG    │ CASME2SquaredUnifier           │ CAS(ME)^2 cross-check: raw_emotion='surprise' → unified='Surprise', coarse_category='surprise'
2026-04-01 18:55:12 │ DEBUG    │ CASME2SquaredUnifier           │ CASME2_SQ │ s15 │ happy1_1        │ macro-expression │ Onset=  139  Offset=  194  SeqLen=  56 │ surprise → Surprise │ Frames=✓
2026-04-01 18:55:12 │ DEBUG    │ CASME2SquaredUnifier           │ Calculated Sequence Length: 14  (Onset=311, Offset=324, Video='happy1_2')
2026-04-01 18:55:12 │ DEBUG    │ CASME2SquaredUnifier           │ CAS(ME)^2 cross-check: raw_emotion='surprise' → unified='Surprise', coarse_category='surprise'
2026-04-01 18:55:12 │ DEBUG    │ CASME2SquaredUnifier           │ CASME2_SQ │ s15 │ happy1_2        │ micro-expression │ Onset=  311  Offset=  324  SeqLen=  14 │ surprise → Surprise │ Frames=✓
2026-04-01 18:55:12 │ DEBUG    │ CASME2SquaredUnifier           │ Calculated Sequence Length: 21  (Onset=325, Offset=345, Video='happy1_3')
2026-04-01 18:55:12 │ DEBUG    │ CASME2SquaredUnifier           │ CAS(ME)^2 cross-check: raw_emotion='surprise' → unified='Surprise', coarse_category='surprise'
2026-04-01 18:55:12 │ DEBUG    │ CASME2SquaredUnifier           │ CASME2_SQ │ s15 │ happy1_3        │ macro-expression │ Onset=  325  Offset=  345  SeqLen=  21 │ surprise → Surprise │ Frames=✓
2026-04-01 18:55:12 │ DEBUG    │ CASME2SquaredUnifier           │ Offset is 0 or negative for 'happy1_4' — marking sequence length as -1 (unknown).
2026-04-01 18:55:12 │ DEBUG    │ CASME2SquaredUnifier           │ CAS(ME)^2 cross-check: raw_emotion='happiness' → unified='Positive', coarse_category='positive'
2026-04-01 18:55:12 │ DEBUG    │ CASME2SquaredUnifier           │ Frames directory NOT found: C:\Users\Addhyan\Desktop\Thesis\Thesis3\DATASETS\cropped\15\happy1_4
2026-04-01 18:55:12 │ DEBUG    │ CASME2SquaredUnifier           │ CASME2_SQ │ s15 │ happy1_4        │ macro-expression │ Onset=  404  Offset=    0  SeqLen=  -1 │ happiness → Positive │ Frames=✗
2026-04-01 18:55:12 │ DEBUG    │ CASME2SquaredUnifier           │ Calculated Sequence Length: 52  (Onset=858, Offset=909, Video='happy1_5')
2026-04-01 18:55:12 │ DEBUG    │ CASME2SquaredUnifier           │ CAS(ME)^2 cross-check: raw_emotion='happiness' → unified='Positive', coarse_category='positive'
2026-04-01 18:55:12 │ DEBUG    │ CASME2SquaredUnifier           │ Frames directory NOT found: C:\Users\Addhyan\Desktop\Thesis\Thesis3\DATASETS\cropped\15\happy1_5
2026-04-01 18:55:12 │ DEBUG    │ CASME2SquaredUnifier           │ CASME2_SQ │ s15 │ happy1_5        │ macro-expression │ Onset=  858  Offset=  909  SeqLen=  52 │ happiness → Positive │ Frames=✗
2026-04-01 18:55:12 │ DEBUG    │ CASME2SquaredUnifier           │ Calculated Sequence Length: 14  (Onset=1171, Offset=1184, Video='happy1_6')
2026-04-01 18:55:12 │ DEBUG    │ CASME2SquaredUnifier           │ CAS(ME)^2 cross-check: raw_emotion='surprise' → unified='Surprise', coarse_category='surprise'
2026-04-01 18:55:12 │ DEBUG    │ CASME2SquaredUnifier           │ Frames directory NOT found: C:\Users\Addhyan\Desktop\Thesis\Thesis3\DATASETS\cropped\15\happy1_6
2026-04-01 18:55:12 │ DEBUG    │ CASME2SquaredUnifier           │ CASME2_SQ │ s15 │ happy1_6        │ micro-expression │ Onset= 1171  Offset= 1184  SeqLen=  14 │ surprise → Surprise │ Frames=✗
2026-04-01 18:55:12 │ DEBUG    │ CASME2SquaredUnifier           │ Calculated Sequence Length: 40  (Onset=1570, Offset=1609, Video='happy1_7')
2026-04-01 18:55:12 │ DEBUG    │ CASME2SquaredUnifier           │ CAS(ME)^2 cross-check: raw_emotion='happiness' → unified='Positive', coarse_category='positive'
2026-04-01 18:55:12 │ DEBUG    │ CASME2SquaredUnifier           │ Frames directory NOT found: C:\Users\Addhyan\Desktop\Thesis\Thesis3\DATASETS\cropped\15\happy1_7
2026-04-01 18:55:12 │ DEBUG    │ CASME2SquaredUnifier           │ CASME2_SQ │ s15 │ happy1_7        │ macro-expression │ Onset= 1570  Offset= 1609  SeqLen=  40 │ happiness → Positive │ Frames=✗
2026-04-01 18:55:12 │ DEBUG    │ CASME2SquaredUnifier           │ Calculated Sequence Length: 27  (Onset=2203, Offset=2229, Video='happy1_8')
2026-04-01 18:55:12 │ DEBUG    │ CASME2SquaredUnifier           │ CAS(ME)^2 cross-check: raw_emotion='happiness' → unified='Positive', coarse_category='positive'
2026-04-01 18:55:12 │ DEBUG    │ CASME2SquaredUnifier           │ Frames directory NOT found: C:\Users\Addhyan\Desktop\Thesis\Thesis3\DATASETS\cropped\15\happy1_8
2026-04-01 18:55:12 │ DEBUG    │ CASME2SquaredUnifier           │ CASME2_SQ │ s15 │ happy1_8        │ macro-expression │ Onset= 2203  Offset= 2229  SeqLen=  27 │ happiness → Positive │ Frames=✗
2026-04-01 18:55:12 │ DEBUG    │ CASME2SquaredUnifier           │ Calculated Sequence Length: 15  (Onset=258, Offset=272, Video='happy2_1')
2026-04-01 18:55:12 │ DEBUG    │ CASME2SquaredUnifier           │ CAS(ME)^2 cross-check: raw_emotion='happiness' → unified='Positive', coarse_category='positive'
2026-04-01 18:55:12 │ DEBUG    │ CASME2SquaredUnifier           │ CASME2_SQ │ s15 │ happy2_1        │ micro-expression │ Onset=  258  Offset=  272  SeqLen=  15 │ happiness → Positive │ Frames=✓
2026-04-01 18:55:12 │ DEBUG    │ CASME2SquaredUnifier           │ Calculated Sequence Length: 62  (Onset=258, Offset=319, Video='happy2_2')
2026-04-01 18:55:12 │ DEBUG    │ CASME2SquaredUnifier           │ CAS(ME)^2 cross-check: raw_emotion='happiness' → unified='Positive', coarse_category='positive'
2026-04-01 18:55:12 │ DEBUG    │ CASME2SquaredUnifier           │ Frames directory NOT found: C:\Users\Addhyan\Desktop\Thesis\Thesis3\DATASETS\cropped\15\happy2_2
2026-04-01 18:55:12 │ DEBUG    │ CASME2SquaredUnifier           │ CASME2_SQ │ s15 │ happy2_2        │ macro-expression │ Onset=  258  Offset=  319  SeqLen=  62 │ happiness → Positive │ Frames=✗
2026-04-01 18:55:12 │ DEBUG    │ CASME2SquaredUnifier           │ Calculated Sequence Length: 68  (Onset=349, Offset=416, Video='happy2_3')
2026-04-01 18:55:12 │ DEBUG    │ CASME2SquaredUnifier           │ CAS(ME)^2 cross-check: raw_emotion='happiness' → unified='Positive', coarse_category='positive'
2026-04-01 18:55:12 │ DEBUG    │ CASME2SquaredUnifier           │ Frames directory NOT found: C:\Users\Addhyan\Desktop\Thesis\Thesis3\DATASETS\cropped\15\happy2_3
2026-04-01 18:55:12 │ DEBUG    │ CASME2SquaredUnifier           │ CASME2_SQ │ s15 │ happy2_3        │ macro-expression │ Onset=  349  Offset=  416  SeqLen=  68 │ happiness → Positive │ Frames=✗
2026-04-01 18:55:12 │ DEBUG    │ CASME2SquaredUnifier           │ Calculated Sequence Length: 61  (Onset=656, Offset=716, Video='happy2_4')
2026-04-01 18:55:12 │ DEBUG    │ CASME2SquaredUnifier           │ CAS(ME)^2 cross-check: raw_emotion='happiness' → unified='Positive', coarse_category='positive'
2026-04-01 18:55:12 │ DEBUG    │ CASME2SquaredUnifier           │ Frames directory NOT found: C:\Users\Addhyan\Desktop\Thesis\Thesis3\DATASETS\cropped\15\happy2_4
2026-04-01 18:55:12 │ DEBUG    │ CASME2SquaredUnifier           │ CASME2_SQ │ s15 │ happy2_4        │ macro-expression │ Onset=  656  Offset=  716  SeqLen=  61 │ happiness → Positive │ Frames=✗
2026-04-01 18:55:12 │ DEBUG    │ CASME2SquaredUnifier           │ Calculated Sequence Length: 27  (Onset=729, Offset=755, Video='happy2_5')
2026-04-01 18:55:12 │ DEBUG    │ CASME2SquaredUnifier           │ CAS(ME)^2 cross-check: raw_emotion='happiness' → unified='Positive', coarse_category='positive'
2026-04-01 18:55:12 │ DEBUG    │ CASME2SquaredUnifier           │ Frames directory NOT found: C:\Users\Addhyan\Desktop\Thesis\Thesis3\DATASETS\cropped\15\happy2_5
2026-04-01 18:55:12 │ DEBUG    │ CASME2SquaredUnifier           │ CASME2_SQ │ s15 │ happy2_5        │ macro-expression │ Onset=  729  Offset=  755  SeqLen=  27 │ happiness → Positive │ Frames=✗
2026-04-01 18:55:12 │ DEBUG    │ CASME2SquaredUnifier           │ Calculated Sequence Length: 73  (Onset=748, Offset=820, Video='happy2_6')
2026-04-01 18:55:12 │ DEBUG    │ CASME2SquaredUnifier           │ CAS(ME)^2 cross-check: raw_emotion='happiness' → unified='Positive', coarse_category='positive'
2026-04-01 18:55:12 │ DEBUG    │ CASME2SquaredUnifier           │ Frames directory NOT found: C:\Users\Addhyan\Desktop\Thesis\Thesis3\DATASETS\cropped\15\happy2_6
2026-04-01 18:55:12 │ DEBUG    │ CASME2SquaredUnifier           │ CASME2_SQ │ s15 │ happy2_6        │ macro-expression │ Onset=  748  Offset=  820  SeqLen=  73 │ happiness → Positive │ Frames=✗
2026-04-01 18:55:12 │ DEBUG    │ CASME2SquaredUnifier           │ Calculated Sequence Length: 14  (Onset=1031, Offset=1044, Video='happy2_7')
2026-04-01 18:55:12 │ DEBUG    │ CASME2SquaredUnifier           │ CAS(ME)^2 cross-check: raw_emotion='disgust' → unified='Negative', coarse_category='negative'
2026-04-01 18:55:12 │ DEBUG    │ CASME2SquaredUnifier           │ Frames directory NOT found: C:\Users\Addhyan\Desktop\Thesis\Thesis3\DATASETS\cropped\15\happy2_7
2026-04-01 18:55:12 │ DEBUG    │ CASME2SquaredUnifier           │ CASME2_SQ │ s15 │ happy2_7        │ micro-expression │ Onset= 1031  Offset= 1044  SeqLen=  14 │ disgust → Negative │ Frames=✗
2026-04-01 18:55:12 │ DEBUG    │ CASME2SquaredUnifier           │ Calculated Sequence Length: 62  (Onset=1082, Offset=1143, Video='happy2_8')
2026-04-01 18:55:12 │ DEBUG    │ CASME2SquaredUnifier           │ CAS(ME)^2 cross-check: raw_emotion='happiness' → unified='Positive', coarse_category='positive'
2026-04-01 18:55:12 │ DEBUG    │ CASME2SquaredUnifier           │ Frames directory NOT found: C:\Users\Addhyan\Desktop\Thesis\Thesis3\DATASETS\cropped\15\happy2_8
2026-04-01 18:55:12 │ DEBUG    │ CASME2SquaredUnifier           │ CASME2_SQ │ s15 │ happy2_8        │ macro-expression │ Onset= 1082  Offset= 1143  SeqLen=  62 │ happiness → Positive │ Frames=✗
2026-04-01 18:55:12 │ DEBUG    │ CASME2SquaredUnifier           │ Calculated Sequence Length: 35  (Onset=1552, Offset=1586, Video='happy2_9')
2026-04-01 18:55:12 │ DEBUG    │ CASME2SquaredUnifier           │ CAS(ME)^2 cross-check: raw_emotion='disgust' → unified='Negative', coarse_category='positive'
2026-04-01 18:55:12 │ DEBUG    │ CASME2SquaredUnifier           │ Frames directory NOT found: C:\Users\Addhyan\Desktop\Thesis\Thesis3\DATASETS\cropped\15\happy2_9
2026-04-01 18:55:12 │ DEBUG    │ CASME2SquaredUnifier           │ CASME2_SQ │ s15 │ happy2_9        │ macro-expression │ Onset= 1552  Offset= 1586  SeqLen=  35 │ disgust → Negative │ Frames=✗
2026-04-01 18:55:12 │ DEBUG    │ CASME2SquaredUnifier           │ Calculated Sequence Length: 53  (Onset=1559, Offset=1611, Video='happy2_10')
2026-04-01 18:55:12 │ DEBUG    │ CASME2SquaredUnifier           │ CAS(ME)^2 cross-check: raw_emotion='happiness' → unified='Positive', coarse_category='positive'
2026-04-01 18:55:12 │ DEBUG    │ CASME2SquaredUnifier           │ Frames directory NOT found: C:\Users\Addhyan\Desktop\Thesis\Thesis3\DATASETS\cropped\15\happy2_10
2026-04-01 18:55:12 │ DEBUG    │ CASME2SquaredUnifier           │ CASME2_SQ │ s15 │ happy2_10       │ macro-expression │ Onset= 1559  Offset= 1611  SeqLen=  53 │ happiness → Positive │ Frames=✗
2026-04-01 18:55:12 │ DEBUG    │ CASME2SquaredUnifier           │ Calculated Sequence Length: 30  (Onset=1751, Offset=1780, Video='happy2_11')
2026-04-01 18:55:12 │ DEBUG    │ CASME2SquaredUnifier           │ CAS(ME)^2 cross-check: raw_emotion='happiness' → unified='Positive', coarse_category='positive'
2026-04-01 18:55:12 │ DEBUG    │ CASME2SquaredUnifier           │ Frames directory NOT found: C:\Users\Addhyan\Desktop\Thesis\Thesis3\DATASETS\cropped\15\happy2_11
2026-04-01 18:55:12 │ DEBUG    │ CASME2SquaredUnifier           │ CASME2_SQ │ s15 │ happy2_11       │ macro-expression │ Onset= 1751  Offset= 1780  SeqLen=  30 │ happiness → Positive │ Frames=✗
2026-04-01 18:55:12 │ DEBUG    │ CASME2SquaredUnifier           │ Calculated Sequence Length: 56  (Onset=2077, Offset=2132, Video='happy2_12')
2026-04-01 18:55:12 │ DEBUG    │ CASME2SquaredUnifier           │ CAS(ME)^2 cross-check: raw_emotion='happiness' → unified='Positive', coarse_category='positive'
2026-04-01 18:55:12 │ DEBUG    │ CASME2SquaredUnifier           │ Frames directory NOT found: C:\Users\Addhyan\Desktop\Thesis\Thesis3\DATASETS\cropped\15\happy2_12
2026-04-01 18:55:12 │ DEBUG    │ CASME2SquaredUnifier           │ CASME2_SQ │ s15 │ happy2_12       │ macro-expression │ Onset= 2077  Offset= 2132  SeqLen=  56 │ happiness → Positive │ Frames=✗
2026-04-01 18:55:12 │ DEBUG    │ CASME2SquaredUnifier           │ Calculated Sequence Length: 47  (Onset=2454, Offset=2500, Video='happy2_13')
2026-04-01 18:55:12 │ DEBUG    │ CASME2SquaredUnifier           │ CAS(ME)^2 cross-check: raw_emotion='happiness' → unified='Positive', coarse_category='positive'
2026-04-01 18:55:12 │ DEBUG    │ CASME2SquaredUnifier           │ Frames directory NOT found: C:\Users\Addhyan\Desktop\Thesis\Thesis3\DATASETS\cropped\15\happy2_13
2026-04-01 18:55:12 │ DEBUG    │ CASME2SquaredUnifier           │ CASME2_SQ │ s15 │ happy2_13       │ macro-expression │ Onset= 2454  Offset= 2500  SeqLen=  47 │ happiness → Positive │ Frames=✗
2026-04-01 18:55:12 │ DEBUG    │ CASME2SquaredUnifier           │ Calculated Sequence Length: 66  (Onset=2663, Offset=2728, Video='happy2_14')
2026-04-01 18:55:12 │ DEBUG    │ CASME2SquaredUnifier           │ CAS(ME)^2 cross-check: raw_emotion='happiness' → unified='Positive', coarse_category='positive'
2026-04-01 18:55:12 │ DEBUG    │ CASME2SquaredUnifier           │ Frames directory NOT found: C:\Users\Addhyan\Desktop\Thesis\Thesis3\DATASETS\cropped\15\happy2_14
2026-04-01 18:55:12 │ DEBUG    │ CASME2SquaredUnifier           │ CASME2_SQ │ s15 │ happy2_14       │ macro-expression │ Onset= 2663  Offset= 2728  SeqLen=  66 │ happiness → Positive │ Frames=✗
2026-04-01 18:55:12 │ DEBUG    │ CASME2SquaredUnifier           │ Calculated Sequence Length: 19  (Onset=1362, Offset=1380, Video='happy3_1')
2026-04-01 18:55:12 │ DEBUG    │ CASME2SquaredUnifier           │ CAS(ME)^2 cross-check: raw_emotion='disgust' → unified='Negative', coarse_category='negative'
2026-04-01 18:55:12 │ DEBUG    │ CASME2SquaredUnifier           │ CASME2_SQ │ s15 │ happy3_1        │ macro-expression │ Onset= 1362  Offset= 1380  SeqLen=  19 │ disgust → Negative │ Frames=✓
2026-04-01 18:55:12 │ DEBUG    │ CASME2SquaredUnifier           │ Calculated Sequence Length: 24  (Onset=1382, Offset=1405, Video='happy3_2')
2026-04-01 18:55:12 │ DEBUG    │ CASME2SquaredUnifier           │ CAS(ME)^2 cross-check: raw_emotion='disgust' → unified='Negative', coarse_category='negative'
2026-04-01 18:55:12 │ DEBUG    │ CASME2SquaredUnifier           │ Frames directory NOT found: C:\Users\Addhyan\Desktop\Thesis\Thesis3\DATASETS\cropped\15\happy3_2
2026-04-01 18:55:12 │ DEBUG    │ CASME2SquaredUnifier           │ CASME2_SQ │ s15 │ happy3_2        │ macro-expression │ Onset= 1382  Offset= 1405  SeqLen=  24 │ disgust → Negative │ Frames=✗
2026-04-01 18:55:12 │ DEBUG    │ CASME2SquaredUnifier           │ Calculated Sequence Length: 42  (Onset=1709, Offset=1750, Video='happy3_3')
2026-04-01 18:55:12 │ DEBUG    │ CASME2SquaredUnifier           │ CAS(ME)^2 cross-check: raw_emotion='happiness' → unified='Positive', coarse_category='positive'
2026-04-01 18:55:12 │ DEBUG    │ CASME2SquaredUnifier           │ Frames directory NOT found: C:\Users\Addhyan\Desktop\Thesis\Thesis3\DATASETS\cropped\15\happy3_3
2026-04-01 18:55:12 │ DEBUG    │ CASME2SquaredUnifier           │ CASME2_SQ │ s15 │ happy3_3        │ macro-expression │ Onset= 1709  Offset= 1750  SeqLen=  42 │ happiness → Positive │ Frames=✗
2026-04-01 18:55:12 │ DEBUG    │ CASME2SquaredUnifier           │ Calculated Sequence Length: 61  (Onset=2212, Offset=2272, Video='happy3_4')
2026-04-01 18:55:12 │ DEBUG    │ CASME2SquaredUnifier           │ CAS(ME)^2 cross-check: raw_emotion='happiness' → unified='Positive', coarse_category='positive'
2026-04-01 18:55:12 │ DEBUG    │ CASME2SquaredUnifier           │ Frames directory NOT found: C:\Users\Addhyan\Desktop\Thesis\Thesis3\DATASETS\cropped\15\happy3_4
2026-04-01 18:55:12 │ DEBUG    │ CASME2SquaredUnifier           │ CASME2_SQ │ s15 │ happy3_4        │ macro-expression │ Onset= 2212  Offset= 2272  SeqLen=  61 │ happiness → Positive │ Frames=✗
2026-04-01 18:55:12 │ DEBUG    │ CASME2SquaredUnifier           │ Calculated Sequence Length: 98  (Onset=1646, Offset=1743, Video='happy4_1')
2026-04-01 18:55:12 │ DEBUG    │ CASME2SquaredUnifier           │ CAS(ME)^2 cross-check: raw_emotion='happiness' → unified='Positive', coarse_category='positive'
2026-04-01 18:55:12 │ DEBUG    │ CASME2SquaredUnifier           │ Frames directory NOT found: C:\Users\Addhyan\Desktop\Thesis\Thesis3\DATASETS\cropped\15\happy4_1
2026-04-01 18:55:12 │ DEBUG    │ CASME2SquaredUnifier           │ CASME2_SQ │ s15 │ happy4_1        │ macro-expression │ Onset= 1646  Offset= 1743  SeqLen=  98 │ happiness → Positive │ Frames=✗
2026-04-01 18:55:12 │ DEBUG    │ CASME2SquaredUnifier           │ Calculated Sequence Length: 17  (Onset=2332, Offset=2348, Video='happy4_2')
2026-04-01 18:55:12 │ DEBUG    │ CASME2SquaredUnifier           │ CAS(ME)^2 cross-check: raw_emotion='happiness' → unified='Positive', coarse_category='positive'
2026-04-01 18:55:12 │ DEBUG    │ CASME2SquaredUnifier           │ Frames directory NOT found: C:\Users\Addhyan\Desktop\Thesis\Thesis3\DATASETS\cropped\15\happy4_2
2026-04-01 18:55:12 │ DEBUG    │ CASME2SquaredUnifier           │ CASME2_SQ │ s15 │ happy4_2        │ macro-expression │ Onset= 2332  Offset= 2348  SeqLen=  17 │ happiness → Positive │ Frames=✗
2026-04-01 18:55:12 │ DEBUG    │ CASME2SquaredUnifier           │ Calculated Sequence Length: 16  (Onset=286, Offset=301, Video='happy5_1')
2026-04-01 18:55:12 │ DEBUG    │ CASME2SquaredUnifier           │ CAS(ME)^2 cross-check: raw_emotion='fear' → unified='Negative', coarse_category='negative'
2026-04-01 18:55:12 │ DEBUG    │ CASME2SquaredUnifier           │ Frames directory NOT found: C:\Users\Addhyan\Desktop\Thesis\Thesis3\DATASETS\cropped\15\happy5_1
2026-04-01 18:55:12 │ DEBUG    │ CASME2SquaredUnifier           │ CASME2_SQ │ s15 │ happy5_1        │ micro-expression │ Onset=  286  Offset=  301  SeqLen=  16 │ fear → Negative │ Frames=✗
2026-04-01 18:55:12 │ DEBUG    │ CASME2SquaredUnifier           │ Calculated Sequence Length: 18  (Onset=3682, Offset=3699, Video='anger2_1')
2026-04-01 18:55:12 │ DEBUG    │ CASME2SquaredUnifier           │ CAS(ME)^2 cross-check: raw_emotion='anger' → unified='Negative', coarse_category='negative'
2026-04-01 18:55:12 │ DEBUG    │ CASME2SquaredUnifier           │ CASME2_SQ │ s16 │ anger2_1        │ macro-expression │ Onset= 3682  Offset= 3699  SeqLen=  18 │ anger → Negative │ Frames=✓
2026-04-01 18:55:12 │ DEBUG    │ CASME2SquaredUnifier           │ Calculated Sequence Length: 29  (Onset=4328, Offset=4356, Video='anger2_2')
2026-04-01 18:55:12 │ DEBUG    │ CASME2SquaredUnifier           │ CAS(ME)^2 cross-check: raw_emotion='anger' → unified='Negative', coarse_category='others'
2026-04-01 18:55:12 │ DEBUG    │ CASME2SquaredUnifier           │ CASME2_SQ │ s16 │ anger2_2        │ macro-expression │ Onset= 4328  Offset= 4356  SeqLen=  29 │ anger → Negative │ Frames=✓
2026-04-01 18:55:12 │ DEBUG    │ CASME2SquaredUnifier           │ Calculated Sequence Length: 21  (Onset=56, Offset=76, Video='disgust2_1')
2026-04-01 18:55:12 │ DEBUG    │ CASME2SquaredUnifier           │ CAS(ME)^2 cross-check: raw_emotion='disgust' → unified='Negative', coarse_category='others'
2026-04-01 18:55:12 │ DEBUG    │ CASME2SquaredUnifier           │ CASME2_SQ │ s16 │ disgust2_1      │ macro-expression │ Onset=   56  Offset=   76  SeqLen=  21 │ disgust → Negative │ Frames=✓
2026-04-01 18:55:12 │ DEBUG    │ CASME2SquaredUnifier           │ Calculated Sequence Length: 23  (Onset=108, Offset=130, Video='disgust2_2')
2026-04-01 18:55:12 │ DEBUG    │ CASME2SquaredUnifier           │ CAS(ME)^2 cross-check: raw_emotion='disgust' → unified='Negative', coarse_category='others'
2026-04-01 18:55:12 │ DEBUG    │ CASME2SquaredUnifier           │ CASME2_SQ │ s16 │ disgust2_2      │ macro-expression │ Onset=  108  Offset=  130  SeqLen=  23 │ disgust → Negative │ Frames=✓
2026-04-01 18:55:12 │ DEBUG    │ CASME2SquaredUnifier           │ Calculated Sequence Length: 25  (Onset=1763, Offset=1787, Video='anger1_1')
2026-04-01 18:55:12 │ DEBUG    │ CASME2SquaredUnifier           │ CAS(ME)^2 cross-check: raw_emotion='sadness' → unified='Negative', coarse_category='others'
2026-04-01 18:55:12 │ DEBUG    │ CASME2SquaredUnifier           │ Frames directory NOT found: C:\Users\Addhyan\Desktop\Thesis\Thesis3\DATASETS\cropped\17\anger1_1
2026-04-01 18:55:12 │ DEBUG    │ CASME2SquaredUnifier           │ CASME2_SQ │ s17 │ anger1_1        │ macro-expression │ Onset= 1763  Offset= 1787  SeqLen=  25 │ sadness → Negative │ Frames=✗
2026-04-01 18:55:12 │ DEBUG    │ CASME2SquaredUnifier           │ Offset is 0 or negative for 'anger2_1' — marking sequence length as -1 (unknown).
2026-04-01 18:55:12 │ DEBUG    │ CASME2SquaredUnifier           │ CAS(ME)^2 cross-check: raw_emotion='surprise' → unified='Surprise', coarse_category='others'
2026-04-01 18:55:12 │ DEBUG    │ CASME2SquaredUnifier           │ Frames directory NOT found: C:\Users\Addhyan\Desktop\Thesis\Thesis3\DATASETS\cropped\17\anger2_1
2026-04-01 18:55:12 │ DEBUG    │ CASME2SquaredUnifier           │ CASME2_SQ │ s17 │ anger2_1        │ macro-expression │ Onset= 2170  Offset=    0  SeqLen=  -1 │ surprise → Surprise │ Frames=✗
2026-04-01 18:55:12 │ DEBUG    │ CASME2SquaredUnifier           │ Calculated Sequence Length: 53  (Onset=990, Offset=1042, Video='happy2_1')
2026-04-01 18:55:12 │ DEBUG    │ CASME2SquaredUnifier           │ CAS(ME)^2 cross-check: raw_emotion='happiness' → unified='Positive', coarse_category='positive'
2026-04-01 18:55:12 │ DEBUG    │ CASME2SquaredUnifier           │ Frames directory NOT found: C:\Users\Addhyan\Desktop\Thesis\Thesis3\DATASETS\cropped\17\happy2_1
2026-04-01 18:55:12 │ DEBUG    │ CASME2SquaredUnifier           │ CASME2_SQ │ s17 │ happy2_1        │ macro-expression │ Onset=  990  Offset= 1042  SeqLen=  53 │ happiness → Positive │ Frames=✗
2026-04-01 18:55:12 │ DEBUG    │ CASME2SquaredUnifier           │ Calculated Sequence Length: 14  (Onset=100, Offset=113, Video='disgust2_1')
2026-04-01 18:55:12 │ DEBUG    │ CASME2SquaredUnifier           │ CAS(ME)^2 cross-check: raw_emotion='disgust' → unified='Negative', coarse_category='negative'
2026-04-01 18:55:12 │ DEBUG    │ CASME2SquaredUnifier           │ Frames directory NOT found: C:\Users\Addhyan\Desktop\Thesis\Thesis3\DATASETS\cropped\18\disgust2_1
2026-04-01 18:55:12 │ DEBUG    │ CASME2SquaredUnifier           │ CASME2_SQ │ s18 │ disgust2_1      │ micro-expression │ Onset=  100  Offset=  113  SeqLen=  14 │ disgust → Negative │ Frames=✗
2026-04-01 18:55:12 │ DEBUG    │ CASME2SquaredUnifier           │ Calculated Sequence Length: 9  (Onset=363, Offset=371, Video='disgust2_2')
2026-04-01 18:55:12 │ DEBUG    │ CASME2SquaredUnifier           │ CAS(ME)^2 cross-check: raw_emotion='surprise' → unified='Surprise', coarse_category='surprise'
2026-04-01 18:55:12 │ DEBUG    │ CASME2SquaredUnifier           │ Frames directory NOT found: C:\Users\Addhyan\Desktop\Thesis\Thesis3\DATASETS\cropped\18\disgust2_2
2026-04-01 18:55:12 │ DEBUG    │ CASME2SquaredUnifier           │ CASME2_SQ │ s18 │ disgust2_2      │ micro-expression │ Onset=  363  Offset=  371  SeqLen=   9 │ surprise → Surprise │ Frames=✗
2026-04-01 18:55:12 │ DEBUG    │ CASME2SquaredUnifier           │ Calculated Sequence Length: 40  (Onset=106, Offset=145, Video='anger1_1')
2026-04-01 18:55:12 │ DEBUG    │ CASME2SquaredUnifier           │ CAS(ME)^2 cross-check: raw_emotion='sadness' → unified='Negative', coarse_category='others'
2026-04-01 18:55:12 │ DEBUG    │ CASME2SquaredUnifier           │ Frames directory NOT found: C:\Users\Addhyan\Desktop\Thesis\Thesis3\DATASETS\cropped\19\anger1_1
2026-04-01 18:55:12 │ DEBUG    │ CASME2SquaredUnifier           │ CASME2_SQ │ s19 │ anger1_1        │ macro-expression │ Onset=  106  Offset=  145  SeqLen=  40 │ sadness → Negative │ Frames=✗
2026-04-01 18:55:12 │ DEBUG    │ CASME2SquaredUnifier           │ Offset is 0 or negative for 'happy3_1' — marking sequence length as -1 (unknown).
2026-04-01 18:55:12 │ DEBUG    │ CASME2SquaredUnifier           │ CAS(ME)^2 cross-check: raw_emotion='happiness' → unified='Positive', coarse_category='positive'
2026-04-01 18:55:12 │ DEBUG    │ CASME2SquaredUnifier           │ CASME2_SQ │ s19 │ happy3_1        │ macro-expression │ Onset=  348  Offset=    0  SeqLen=  -1 │ happiness → Positive │ Frames=✓
2026-04-01 18:55:12 │ DEBUG    │ CASME2SquaredUnifier           │ Offset is 0 or negative for 'happy3_2' — marking sequence length as -1 (unknown).
2026-04-01 18:55:12 │ DEBUG    │ CASME2SquaredUnifier           │ CAS(ME)^2 cross-check: raw_emotion='happiness' → unified='Positive', coarse_category='positive'
2026-04-01 18:55:12 │ DEBUG    │ CASME2SquaredUnifier           │ Frames directory NOT found: C:\Users\Addhyan\Desktop\Thesis\Thesis3\DATASETS\cropped\19\happy3_2
2026-04-01 18:55:12 │ DEBUG    │ CASME2SquaredUnifier           │ CASME2_SQ │ s19 │ happy3_2        │ macro-expression │ Onset=  566  Offset=    0  SeqLen=  -1 │ happiness → Positive │ Frames=✗
2026-04-01 18:55:12 │ DEBUG    │ CASME2SquaredUnifier           │ Calculated Sequence Length: 22  (Onset=1074, Offset=1095, Video='happy3_3')
2026-04-01 18:55:12 │ DEBUG    │ CASME2SquaredUnifier           │ CAS(ME)^2 cross-check: raw_emotion='happiness' → unified='Positive', coarse_category='positive'
2026-04-01 18:55:12 │ DEBUG    │ CASME2SquaredUnifier           │ Frames directory NOT found: C:\Users\Addhyan\Desktop\Thesis\Thesis3\DATASETS\cropped\19\happy3_3
2026-04-01 18:55:12 │ DEBUG    │ CASME2SquaredUnifier           │ CASME2_SQ │ s19 │ happy3_3        │ macro-expression │ Onset= 1074  Offset= 1095  SeqLen=  22 │ happiness → Positive │ Frames=✗
2026-04-01 18:55:12 │ DEBUG    │ CASME2SquaredUnifier           │ Calculated Sequence Length: 28  (Onset=2783, Offset=2810, Video='anger2_1')
2026-04-01 18:55:12 │ DEBUG    │ CASME2SquaredUnifier           │ CAS(ME)^2 cross-check: raw_emotion='sadness' → unified='Negative', coarse_category='others'
2026-04-01 18:55:12 │ DEBUG    │ CASME2SquaredUnifier           │ Frames directory NOT found: C:\Users\Addhyan\Desktop\Thesis\Thesis3\DATASETS\cropped\20\anger2_1
2026-04-01 18:55:12 │ DEBUG    │ CASME2SquaredUnifier           │ CASME2_SQ │ s20 │ anger2_1        │ macro-expression │ Onset= 2783  Offset= 2810  SeqLen=  28 │ sadness → Negative │ Frames=✗
2026-04-01 18:55:12 │ DEBUG    │ CASME2SquaredUnifier           │ Calculated Sequence Length: 22  (Onset=3045, Offset=3066, Video='anger2_2')
2026-04-01 18:55:12 │ DEBUG    │ CASME2SquaredUnifier           │ CAS(ME)^2 cross-check: raw_emotion='sadness' → unified='Negative', coarse_category='negative'
2026-04-01 18:55:12 │ DEBUG    │ CASME2SquaredUnifier           │ Frames directory NOT found: C:\Users\Addhyan\Desktop\Thesis\Thesis3\DATASETS\cropped\20\anger2_2
2026-04-01 18:55:12 │ DEBUG    │ CASME2SquaredUnifier           │ CASME2_SQ │ s20 │ anger2_2        │ macro-expression │ Onset= 3045  Offset= 3066  SeqLen=  22 │ sadness → Negative │ Frames=✗
2026-04-01 18:55:12 │ DEBUG    │ CASME2SquaredUnifier           │ Calculated Sequence Length: 25  (Onset=3176, Offset=3200, Video='anger2_3')
2026-04-01 18:55:12 │ DEBUG    │ CASME2SquaredUnifier           │ CAS(ME)^2 cross-check: raw_emotion='sadness' → unified='Negative', coarse_category='negative'
2026-04-01 18:55:12 │ DEBUG    │ CASME2SquaredUnifier           │ Frames directory NOT found: C:\Users\Addhyan\Desktop\Thesis\Thesis3\DATASETS\cropped\20\anger2_3
2026-04-01 18:55:12 │ DEBUG    │ CASME2SquaredUnifier           │ CASME2_SQ │ s20 │ anger2_3        │ macro-expression │ Onset= 3176  Offset= 3200  SeqLen=  25 │ sadness → Negative │ Frames=✗
2026-04-01 18:55:12 │ DEBUG    │ CASME2SquaredUnifier           │ Calculated Sequence Length: 17  (Onset=3397, Offset=3413, Video='anger2_4')
2026-04-01 18:55:12 │ DEBUG    │ CASME2SquaredUnifier           │ CAS(ME)^2 cross-check: raw_emotion='anger' → unified='Negative', coarse_category='others'
2026-04-01 18:55:12 │ DEBUG    │ CASME2SquaredUnifier           │ Frames directory NOT found: C:\Users\Addhyan\Desktop\Thesis\Thesis3\DATASETS\cropped\20\anger2_4
2026-04-01 18:55:12 │ DEBUG    │ CASME2SquaredUnifier           │ CASME2_SQ │ s20 │ anger2_4        │ macro-expression │ Onset= 3397  Offset= 3413  SeqLen=  17 │ anger → Negative │ Frames=✗
2026-04-01 18:55:12 │ DEBUG    │ CASME2SquaredUnifier           │ Calculated Sequence Length: 13  (Onset=3502, Offset=3514, Video='anger2_5')
2026-04-01 18:55:12 │ DEBUG    │ CASME2SquaredUnifier           │ CAS(ME)^2 cross-check: raw_emotion='sadness' → unified='Negative', coarse_category='negative'
2026-04-01 18:55:12 │ DEBUG    │ CASME2SquaredUnifier           │ Frames directory NOT found: C:\Users\Addhyan\Desktop\Thesis\Thesis3\DATASETS\cropped\20\anger2_5
2026-04-01 18:55:12 │ DEBUG    │ CASME2SquaredUnifier           │ CASME2_SQ │ s20 │ anger2_5        │ micro-expression │ Onset= 3502  Offset= 3514  SeqLen=  13 │ sadness → Negative │ Frames=✗
2026-04-01 18:55:12 │ DEBUG    │ CASME2SquaredUnifier           │ Calculated Sequence Length: 22  (Onset=1289, Offset=1310, Video='disgust1_1')
2026-04-01 18:55:12 │ DEBUG    │ CASME2SquaredUnifier           │ CAS(ME)^2 cross-check: raw_emotion='disgust' → unified='Negative', coarse_category='others'
2026-04-01 18:55:12 │ DEBUG    │ CASME2SquaredUnifier           │ Frames directory NOT found: C:\Users\Addhyan\Desktop\Thesis\Thesis3\DATASETS\cropped\20\disgust1_1
2026-04-01 18:55:12 │ DEBUG    │ CASME2SquaredUnifier           │ CASME2_SQ │ s20 │ disgust1_1      │ macro-expression │ Onset= 1289  Offset= 1310  SeqLen=  22 │ disgust → Negative │ Frames=✗
2026-04-01 18:55:12 │ DEBUG    │ CASME2SquaredUnifier           │ Calculated Sequence Length: 25  (Onset=851, Offset=875, Video='happy1_1')
2026-04-01 18:55:12 │ DEBUG    │ CASME2SquaredUnifier           │ CAS(ME)^2 cross-check: raw_emotion='happiness' → unified='Positive', coarse_category='positive'
2026-04-01 18:55:12 │ DEBUG    │ CASME2SquaredUnifier           │ CASME2_SQ │ s20 │ happy1_1        │ macro-expression │ Onset=  851  Offset=  875  SeqLen=  25 │ happiness → Positive │ Frames=✓
2026-04-01 18:55:12 │ DEBUG    │ CASME2SquaredUnifier           │ Offset is 0 or negative for 'happy1_2' — marking sequence length as -1 (unknown).
2026-04-01 18:55:12 │ DEBUG    │ CASME2SquaredUnifier           │ CAS(ME)^2 cross-check: raw_emotion='happiness' → unified='Positive', coarse_category='positive'
2026-04-01 18:55:12 │ DEBUG    │ CASME2SquaredUnifier           │ CASME2_SQ │ s20 │ happy1_2        │ macro-expression │ Onset= 1858  Offset=    0  SeqLen=  -1 │ happiness → Positive │ Frames=✓
2026-04-01 18:55:12 │ DEBUG    │ CASME2SquaredUnifier           │ Offset is 0 or negative for 'happy3_1' — marking sequence length as -1 (unknown).
2026-04-01 18:55:12 │ DEBUG    │ CASME2SquaredUnifier           │ CAS(ME)^2 cross-check: raw_emotion='happiness' → unified='Positive', coarse_category='positive'
2026-04-01 18:55:12 │ DEBUG    │ CASME2SquaredUnifier           │ Frames directory NOT found: C:\Users\Addhyan\Desktop\Thesis\Thesis3\DATASETS\cropped\20\happy3_1
2026-04-01 18:55:12 │ DEBUG    │ CASME2SquaredUnifier           │ CASME2_SQ │ s20 │ happy3_1        │ macro-expression │ Onset=  414  Offset=    0  SeqLen=  -1 │ happiness → Positive │ Frames=✗
2026-04-01 18:55:12 │ DEBUG    │ CASME2SquaredUnifier           │ Offset is 0 or negative for 'happy3_2' — marking sequence length as -1 (unknown).
2026-04-01 18:55:12 │ DEBUG    │ CASME2SquaredUnifier           │ CAS(ME)^2 cross-check: raw_emotion='happiness' → unified='Positive', coarse_category='positive'
2026-04-01 18:55:12 │ DEBUG    │ CASME2SquaredUnifier           │ Frames directory NOT found: C:\Users\Addhyan\Desktop\Thesis\Thesis3\DATASETS\cropped\20\happy3_2
2026-04-01 18:55:12 │ DEBUG    │ CASME2SquaredUnifier           │ CASME2_SQ │ s20 │ happy3_2        │ macro-expression │ Onset= 1167  Offset=    0  SeqLen=  -1 │ happiness → Positive │ Frames=✗
2026-04-01 18:55:12 │ DEBUG    │ CASME2SquaredUnifier           │ Calculated Sequence Length: 42  (Onset=1468, Offset=1509, Video='happy3_3')
2026-04-01 18:55:12 │ DEBUG    │ CASME2SquaredUnifier           │ CAS(ME)^2 cross-check: raw_emotion='happiness' → unified='Positive', coarse_category='positive'
2026-04-01 18:55:12 │ DEBUG    │ CASME2SquaredUnifier           │ Frames directory NOT found: C:\Users\Addhyan\Desktop\Thesis\Thesis3\DATASETS\cropped\20\happy3_3
2026-04-01 18:55:12 │ DEBUG    │ CASME2SquaredUnifier           │ CASME2_SQ │ s20 │ happy3_3        │ macro-expression │ Onset= 1468  Offset= 1509  SeqLen=  42 │ happiness → Positive │ Frames=✗
2026-04-01 18:55:12 │ DEBUG    │ CASME2SquaredUnifier           │ Calculated Sequence Length: 31  (Onset=1511, Offset=1541, Video='happy3_4')
2026-04-01 18:55:12 │ DEBUG    │ CASME2SquaredUnifier           │ CAS(ME)^2 cross-check: raw_emotion='happiness' → unified='Positive', coarse_category='positive'
2026-04-01 18:55:12 │ DEBUG    │ CASME2SquaredUnifier           │ Frames directory NOT found: C:\Users\Addhyan\Desktop\Thesis\Thesis3\DATASETS\cropped\20\happy3_4
2026-04-01 18:55:12 │ DEBUG    │ CASME2SquaredUnifier           │ CASME2_SQ │ s20 │ happy3_4        │ macro-expression │ Onset= 1511  Offset= 1541  SeqLen=  31 │ happiness → Positive │ Frames=✗
2026-04-01 18:55:12 │ DEBUG    │ CASME2SquaredUnifier           │ Calculated Sequence Length: 34  (Onset=1941, Offset=1974, Video='happy3_5')
2026-04-01 18:55:12 │ DEBUG    │ CASME2SquaredUnifier           │ CAS(ME)^2 cross-check: raw_emotion='happiness' → unified='Positive', coarse_category='positive'
2026-04-01 18:55:12 │ DEBUG    │ CASME2SquaredUnifier           │ Frames directory NOT found: C:\Users\Addhyan\Desktop\Thesis\Thesis3\DATASETS\cropped\20\happy3_5
2026-04-01 18:55:12 │ DEBUG    │ CASME2SquaredUnifier           │ CASME2_SQ │ s20 │ happy3_5        │ macro-expression │ Onset= 1941  Offset= 1974  SeqLen=  34 │ happiness → Positive │ Frames=✗
2026-04-01 18:55:12 │ DEBUG    │ CASME2SquaredUnifier           │ Calculated Sequence Length: 41  (Onset=2229, Offset=2269, Video='happy3_6')
2026-04-01 18:55:12 │ DEBUG    │ CASME2SquaredUnifier           │ CAS(ME)^2 cross-check: raw_emotion='happiness' → unified='Positive', coarse_category='positive'
2026-04-01 18:55:12 │ DEBUG    │ CASME2SquaredUnifier           │ Frames directory NOT found: C:\Users\Addhyan\Desktop\Thesis\Thesis3\DATASETS\cropped\20\happy3_6
2026-04-01 18:55:12 │ DEBUG    │ CASME2SquaredUnifier           │ CASME2_SQ │ s20 │ happy3_6        │ macro-expression │ Onset= 2229  Offset= 2269  SeqLen=  41 │ happiness → Positive │ Frames=✗
2026-04-01 18:55:12 │ DEBUG    │ CASME2SquaredUnifier           │ Offset is 0 or negative for 'happy4_1' — marking sequence length as -1 (unknown).
2026-04-01 18:55:12 │ DEBUG    │ CASME2SquaredUnifier           │ CAS(ME)^2 cross-check: raw_emotion='happiness' → unified='Positive', coarse_category='positive'
2026-04-01 18:55:12 │ DEBUG    │ CASME2SquaredUnifier           │ Frames directory NOT found: C:\Users\Addhyan\Desktop\Thesis\Thesis3\DATASETS\cropped\20\happy4_1
2026-04-01 18:55:12 │ DEBUG    │ CASME2SquaredUnifier           │ CASME2_SQ │ s20 │ happy4_1        │ macro-expression │ Onset=  846  Offset=    0  SeqLen=  -1 │ happiness → Positive │ Frames=✗
2026-04-01 18:55:12 │ DEBUG    │ CASME2SquaredUnifier           │ Calculated Sequence Length: 110  (Onset=1571, Offset=1680, Video='happy4_2')
2026-04-01 18:55:12 │ DEBUG    │ CASME2SquaredUnifier           │ CAS(ME)^2 cross-check: raw_emotion='happiness' → unified='Positive', coarse_category='positive'
2026-04-01 18:55:12 │ DEBUG    │ CASME2SquaredUnifier           │ Frames directory NOT found: C:\Users\Addhyan\Desktop\Thesis\Thesis3\DATASETS\cropped\20\happy4_2
2026-04-01 18:55:12 │ DEBUG    │ CASME2SquaredUnifier           │ CASME2_SQ │ s20 │ happy4_2        │ macro-expression │ Onset= 1571  Offset= 1680  SeqLen= 110 │ happiness → Positive │ Frames=✗
2026-04-01 18:55:12 │ DEBUG    │ CASME2SquaredUnifier           │ Offset is 0 or negative for 'happy4_3' — marking sequence length as -1 (unknown).
2026-04-01 18:55:12 │ DEBUG    │ CASME2SquaredUnifier           │ CAS(ME)^2 cross-check: raw_emotion='happiness' → unified='Positive', coarse_category='positive'
2026-04-01 18:55:12 │ DEBUG    │ CASME2SquaredUnifier           │ Frames directory NOT found: C:\Users\Addhyan\Desktop\Thesis\Thesis3\DATASETS\cropped\20\happy4_3
2026-04-01 18:55:12 │ DEBUG    │ CASME2SquaredUnifier           │ CASME2_SQ │ s20 │ happy4_3        │ macro-expression │ Onset= 1751  Offset=    0  SeqLen=  -1 │ happiness → Positive │ Frames=✗
2026-04-01 18:55:12 │ DEBUG    │ CASME2SquaredUnifier           │ Calculated Sequence Length: 55  (Onset=2020, Offset=2074, Video='happy4_4')
2026-04-01 18:55:12 │ DEBUG    │ CASME2SquaredUnifier           │ CAS(ME)^2 cross-check: raw_emotion='happiness' → unified='Positive', coarse_category='positive'
2026-04-01 18:55:12 │ DEBUG    │ CASME2SquaredUnifier           │ Frames directory NOT found: C:\Users\Addhyan\Desktop\Thesis\Thesis3\DATASETS\cropped\20\happy4_4
2026-04-01 18:55:12 │ DEBUG    │ CASME2SquaredUnifier           │ CASME2_SQ │ s20 │ happy4_4        │ macro-expression │ Onset= 2020  Offset= 2074  SeqLen=  55 │ happiness → Positive │ Frames=✗
2026-04-01 18:55:12 │ DEBUG    │ CASME2SquaredUnifier           │ Calculated Sequence Length: 60  (Onset=2341, Offset=2400, Video='happy4_5')
2026-04-01 18:55:12 │ DEBUG    │ CASME2SquaredUnifier           │ CAS(ME)^2 cross-check: raw_emotion='happiness' → unified='Positive', coarse_category='positive'
2026-04-01 18:55:12 │ DEBUG    │ CASME2SquaredUnifier           │ Frames directory NOT found: C:\Users\Addhyan\Desktop\Thesis\Thesis3\DATASETS\cropped\20\happy4_5
2026-04-01 18:55:12 │ DEBUG    │ CASME2SquaredUnifier           │ CASME2_SQ │ s20 │ happy4_5        │ macro-expression │ Onset= 2341  Offset= 2400  SeqLen=  60 │ happiness → Positive │ Frames=✗
2026-04-01 18:55:12 │ DEBUG    │ CASME2SquaredUnifier           │ Calculated Sequence Length: 65  (Onset=2688, Offset=2752, Video='happy4_6')
2026-04-01 18:55:12 │ DEBUG    │ CASME2SquaredUnifier           │ CAS(ME)^2 cross-check: raw_emotion='happiness' → unified='Positive', coarse_category='positive'
2026-04-01 18:55:12 │ DEBUG    │ CASME2SquaredUnifier           │ Frames directory NOT found: C:\Users\Addhyan\Desktop\Thesis\Thesis3\DATASETS\cropped\20\happy4_6
2026-04-01 18:55:12 │ DEBUG    │ CASME2SquaredUnifier           │ CASME2_SQ │ s20 │ happy4_6        │ macro-expression │ Onset= 2688  Offset= 2752  SeqLen=  65 │ happiness → Positive │ Frames=✗
2026-04-01 18:55:12 │ DEBUG    │ CASME2SquaredUnifier           │ Calculated Sequence Length: 23  (Onset=233, Offset=255, Video='happy5_1')
2026-04-01 18:55:12 │ DEBUG    │ CASME2SquaredUnifier           │ CAS(ME)^2 cross-check: raw_emotion='happiness' → unified='Positive', coarse_category='positive'
2026-04-01 18:55:12 │ DEBUG    │ CASME2SquaredUnifier           │ Frames directory NOT found: C:\Users\Addhyan\Desktop\Thesis\Thesis3\DATASETS\cropped\20\happy5_1
2026-04-01 18:55:12 │ DEBUG    │ CASME2SquaredUnifier           │ CASME2_SQ │ s20 │ happy5_1        │ macro-expression │ Onset=  233  Offset=  255  SeqLen=  23 │ happiness → Positive │ Frames=✗
2026-04-01 18:55:12 │ DEBUG    │ CASME2SquaredUnifier           │ Offset is 0 or negative for 'happy5_2' — marking sequence length as -1 (unknown).
2026-04-01 18:55:12 │ DEBUG    │ CASME2SquaredUnifier           │ CAS(ME)^2 cross-check: raw_emotion='happiness' → unified='Positive', coarse_category='positive'
2026-04-01 18:55:12 │ DEBUG    │ CASME2SquaredUnifier           │ Frames directory NOT found: C:\Users\Addhyan\Desktop\Thesis\Thesis3\DATASETS\cropped\20\happy5_2
2026-04-01 18:55:12 │ DEBUG    │ CASME2SquaredUnifier           │ CASME2_SQ │ s20 │ happy5_2        │ macro-expression │ Onset=  322  Offset=    0  SeqLen=  -1 │ happiness → Positive │ Frames=✗
2026-04-01 18:55:12 │ DEBUG    │ CASME2SquaredUnifier           │ Calculated Sequence Length: 13  (Onset=418, Offset=430, Video='happy5_3')
2026-04-01 18:55:12 │ DEBUG    │ CASME2SquaredUnifier           │ CAS(ME)^2 cross-check: raw_emotion='happiness' → unified='Positive', coarse_category='positive'
2026-04-01 18:55:12 │ DEBUG    │ CASME2SquaredUnifier           │ Frames directory NOT found: C:\Users\Addhyan\Desktop\Thesis\Thesis3\DATASETS\cropped\20\happy5_3
2026-04-01 18:55:12 │ DEBUG    │ CASME2SquaredUnifier           │ CASME2_SQ │ s20 │ happy5_3        │ micro-expression │ Onset=  418  Offset=  430  SeqLen=  13 │ happiness → Positive │ Frames=✗
2026-04-01 18:55:12 │ DEBUG    │ CASME2SquaredUnifier           │ Offset is 0 or negative for 'happy1_1' — marking sequence length as -1 (unknown).
2026-04-01 18:55:12 │ DEBUG    │ CASME2SquaredUnifier           │ CAS(ME)^2 cross-check: raw_emotion='happiness' → unified='Positive', coarse_category='positive'
2026-04-01 18:55:12 │ DEBUG    │ CASME2SquaredUnifier           │ Frames directory NOT found: C:\Users\Addhyan\Desktop\Thesis\Thesis3\DATASETS\cropped\21\happy1_1
2026-04-01 18:55:12 │ DEBUG    │ CASME2SquaredUnifier           │ CASME2_SQ │ s21 │ happy1_1        │ macro-expression │ Onset=  329  Offset=    0  SeqLen=  -1 │ happiness → Positive │ Frames=✗
2026-04-01 18:55:12 │ DEBUG    │ CASME2SquaredUnifier           │ Calculated Sequence Length: 45  (Onset=878, Offset=922, Video='happy1_2')
2026-04-01 18:55:12 │ DEBUG    │ CASME2SquaredUnifier           │ CAS(ME)^2 cross-check: raw_emotion='happiness' → unified='Positive', coarse_category='positive'
2026-04-01 18:55:12 │ DEBUG    │ CASME2SquaredUnifier           │ Frames directory NOT found: C:\Users\Addhyan\Desktop\Thesis\Thesis3\DATASETS\cropped\21\happy1_2
2026-04-01 18:55:12 │ DEBUG    │ CASME2SquaredUnifier           │ CASME2_SQ │ s21 │ happy1_2        │ macro-expression │ Onset=  878  Offset=  922  SeqLen=  45 │ happiness → Positive │ Frames=✗
2026-04-01 18:55:12 │ DEBUG    │ CASME2SquaredUnifier           │ Calculated Sequence Length: 20  (Onset=962, Offset=981, Video='happy1_3')
2026-04-01 18:55:12 │ DEBUG    │ CASME2SquaredUnifier           │ CAS(ME)^2 cross-check: raw_emotion='happiness' → unified='Positive', coarse_category='positive'
2026-04-01 18:55:12 │ DEBUG    │ CASME2SquaredUnifier           │ Frames directory NOT found: C:\Users\Addhyan\Desktop\Thesis\Thesis3\DATASETS\cropped\21\happy1_3
2026-04-01 18:55:12 │ DEBUG    │ CASME2SquaredUnifier           │ CASME2_SQ │ s21 │ happy1_3        │ macro-expression │ Onset=  962  Offset=  981  SeqLen=  20 │ happiness → Positive │ Frames=✗
2026-04-01 18:55:12 │ DEBUG    │ CASME2SquaredUnifier           │ Offset is 0 or negative for 'happy1_4' — marking sequence length as -1 (unknown).
2026-04-01 18:55:12 │ DEBUG    │ CASME2SquaredUnifier           │ CAS(ME)^2 cross-check: raw_emotion='happiness' → unified='Positive', coarse_category='positive'
2026-04-01 18:55:12 │ DEBUG    │ CASME2SquaredUnifier           │ Frames directory NOT found: C:\Users\Addhyan\Desktop\Thesis\Thesis3\DATASETS\cropped\21\happy1_4
2026-04-01 18:55:12 │ DEBUG    │ CASME2SquaredUnifier           │ CASME2_SQ │ s21 │ happy1_4        │ macro-expression │ Onset= 1189  Offset=    0  SeqLen=  -1 │ happiness → Positive │ Frames=✗
2026-04-01 18:55:12 │ DEBUG    │ CASME2SquaredUnifier           │ Calculated Sequence Length: 60  (Onset=1782, Offset=1841, Video='happy1_5')
2026-04-01 18:55:12 │ DEBUG    │ CASME2SquaredUnifier           │ CAS(ME)^2 cross-check: raw_emotion='happiness' → unified='Positive', coarse_category='positive'
2026-04-01 18:55:12 │ DEBUG    │ CASME2SquaredUnifier           │ Frames directory NOT found: C:\Users\Addhyan\Desktop\Thesis\Thesis3\DATASETS\cropped\21\happy1_5
2026-04-01 18:55:12 │ DEBUG    │ CASME2SquaredUnifier           │ CASME2_SQ │ s21 │ happy1_5        │ macro-expression │ Onset= 1782  Offset= 1841  SeqLen=  60 │ happiness → Positive │ Frames=✗
2026-04-01 18:55:12 │ DEBUG    │ CASME2SquaredUnifier           │ Offset is 0 or negative for 'happy1_6' — marking sequence length as -1 (unknown).
2026-04-01 18:55:12 │ DEBUG    │ CASME2SquaredUnifier           │ CAS(ME)^2 cross-check: raw_emotion='happiness' → unified='Positive', coarse_category='positive'
2026-04-01 18:55:12 │ DEBUG    │ CASME2SquaredUnifier           │ Frames directory NOT found: C:\Users\Addhyan\Desktop\Thesis\Thesis3\DATASETS\cropped\21\happy1_6
2026-04-01 18:55:12 │ DEBUG    │ CASME2SquaredUnifier           │ CASME2_SQ │ s21 │ happy1_6        │ macro-expression │ Onset= 1869  Offset=    0  SeqLen=  -1 │ happiness → Positive │ Frames=✗
2026-04-01 18:55:12 │ DEBUG    │ CASME2SquaredUnifier           │ Calculated Sequence Length: 22  (Onset=1242, Offset=1263, Video='happy4_1')
2026-04-01 18:55:12 │ DEBUG    │ CASME2SquaredUnifier           │ CAS(ME)^2 cross-check: raw_emotion='happiness' → unified='Positive', coarse_category='positive'
2026-04-01 18:55:12 │ DEBUG    │ CASME2SquaredUnifier           │ Frames directory NOT found: C:\Users\Addhyan\Desktop\Thesis\Thesis3\DATASETS\cropped\21\happy4_1
2026-04-01 18:55:12 │ DEBUG    │ CASME2SquaredUnifier           │ CASME2_SQ │ s21 │ happy4_1        │ macro-expression │ Onset= 1242  Offset= 1263  SeqLen=  22 │ happiness → Positive │ Frames=✗
2026-04-01 18:55:12 │ DEBUG    │ CASME2SquaredUnifier           │ Calculated Sequence Length: 46  (Onset=1377, Offset=1422, Video='happy4_2')
2026-04-01 18:55:12 │ DEBUG    │ CASME2SquaredUnifier           │ CAS(ME)^2 cross-check: raw_emotion='happiness' → unified='Positive', coarse_category='positive'
2026-04-01 18:55:12 │ DEBUG    │ CASME2SquaredUnifier           │ Frames directory NOT found: C:\Users\Addhyan\Desktop\Thesis\Thesis3\DATASETS\cropped\21\happy4_2
2026-04-01 18:55:12 │ DEBUG    │ CASME2SquaredUnifier           │ CASME2_SQ │ s21 │ happy4_2        │ macro-expression │ Onset= 1377  Offset= 1422  SeqLen=  46 │ happiness → Positive │ Frames=✗
2026-04-01 18:55:12 │ DEBUG    │ CASME2SquaredUnifier           │ Calculated Sequence Length: 40  (Onset=1664, Offset=1703, Video='happy4_3')
2026-04-01 18:55:12 │ DEBUG    │ CASME2SquaredUnifier           │ CAS(ME)^2 cross-check: raw_emotion='happiness' → unified='Positive', coarse_category='positive'
2026-04-01 18:55:12 │ DEBUG    │ CASME2SquaredUnifier           │ Frames directory NOT found: C:\Users\Addhyan\Desktop\Thesis\Thesis3\DATASETS\cropped\21\happy4_3
2026-04-01 18:55:12 │ DEBUG    │ CASME2SquaredUnifier           │ CASME2_SQ │ s21 │ happy4_3        │ macro-expression │ Onset= 1664  Offset= 1703  SeqLen=  40 │ happiness → Positive │ Frames=✗
2026-04-01 18:55:12 │ DEBUG    │ CASME2SquaredUnifier           │ Calculated Sequence Length: 35  (Onset=1775, Offset=1809, Video='happy4_4')
2026-04-01 18:55:12 │ DEBUG    │ CASME2SquaredUnifier           │ CAS(ME)^2 cross-check: raw_emotion='happiness' → unified='Positive', coarse_category='positive'
2026-04-01 18:55:12 │ DEBUG    │ CASME2SquaredUnifier           │ Frames directory NOT found: C:\Users\Addhyan\Desktop\Thesis\Thesis3\DATASETS\cropped\21\happy4_4
2026-04-01 18:55:12 │ DEBUG    │ CASME2SquaredUnifier           │ CASME2_SQ │ s21 │ happy4_4        │ macro-expression │ Onset= 1775  Offset= 1809  SeqLen=  35 │ happiness → Positive │ Frames=✗
2026-04-01 18:55:12 │ DEBUG    │ CASME2SquaredUnifier           │ Calculated Sequence Length: 42  (Onset=1870, Offset=1911, Video='happy4_5')
2026-04-01 18:55:12 │ DEBUG    │ CASME2SquaredUnifier           │ CAS(ME)^2 cross-check: raw_emotion='happiness' → unified='Positive', coarse_category='positive'
2026-04-01 18:55:12 │ DEBUG    │ CASME2SquaredUnifier           │ Frames directory NOT found: C:\Users\Addhyan\Desktop\Thesis\Thesis3\DATASETS\cropped\21\happy4_5
2026-04-01 18:55:12 │ DEBUG    │ CASME2SquaredUnifier           │ CASME2_SQ │ s21 │ happy4_5        │ macro-expression │ Onset= 1870  Offset= 1911  SeqLen=  42 │ happiness → Positive │ Frames=✗
2026-04-01 18:55:12 │ DEBUG    │ CASME2SquaredUnifier           │ Calculated Sequence Length: 16  (Onset=2232, Offset=2247, Video='happy4_6')
2026-04-01 18:55:12 │ DEBUG    │ CASME2SquaredUnifier           │ CAS(ME)^2 cross-check: raw_emotion='happiness' → unified='Positive', coarse_category='positive'
2026-04-01 18:55:12 │ DEBUG    │ CASME2SquaredUnifier           │ Frames directory NOT found: C:\Users\Addhyan\Desktop\Thesis\Thesis3\DATASETS\cropped\21\happy4_6
2026-04-01 18:55:12 │ DEBUG    │ CASME2SquaredUnifier           │ CASME2_SQ │ s21 │ happy4_6        │ micro-expression │ Onset= 2232  Offset= 2247  SeqLen=  16 │ happiness → Positive │ Frames=✗
2026-04-01 18:55:12 │ DEBUG    │ CASME2SquaredUnifier           │ Calculated Sequence Length: 24  (Onset=392, Offset=415, Video='anger1_1')
2026-04-01 18:55:12 │ DEBUG    │ CASME2SquaredUnifier           │ CAS(ME)^2 cross-check: raw_emotion='happiness' → unified='Positive', coarse_category='negative'
2026-04-01 18:55:12 │ DEBUG    │ CASME2SquaredUnifier           │ Frames directory NOT found: C:\Users\Addhyan\Desktop\Thesis\Thesis3\DATASETS\cropped\22\anger1_1
2026-04-01 18:55:12 │ DEBUG    │ CASME2SquaredUnifier           │ CASME2_SQ │ s22 │ anger1_1        │ macro-expression │ Onset=  392  Offset=  415  SeqLen=  24 │ happiness → Positive │ Frames=✗
2026-04-01 18:55:12 │ DEBUG    │ CASME2SquaredUnifier           │ Calculated Sequence Length: 22  (Onset=592, Offset=613, Video='anger1_2')
2026-04-01 18:55:12 │ DEBUG    │ CASME2SquaredUnifier           │ CAS(ME)^2 cross-check: raw_emotion='happiness' → unified='Positive', coarse_category='negative'
2026-04-01 18:55:12 │ DEBUG    │ CASME2SquaredUnifier           │ Frames directory NOT found: C:\Users\Addhyan\Desktop\Thesis\Thesis3\DATASETS\cropped\22\anger1_2
2026-04-01 18:55:12 │ DEBUG    │ CASME2SquaredUnifier           │ CASME2_SQ │ s22 │ anger1_2        │ macro-expression │ Onset=  592  Offset=  613  SeqLen=  22 │ happiness → Positive │ Frames=✗
2026-04-01 18:55:12 │ DEBUG    │ CASME2SquaredUnifier           │ Offset is 0 or negative for 'happy1_1' — marking sequence length as -1 (unknown).
2026-04-01 18:55:12 │ DEBUG    │ CASME2SquaredUnifier           │ CAS(ME)^2 cross-check: raw_emotion='happiness' → unified='Positive', coarse_category='positive'
2026-04-01 18:55:12 │ DEBUG    │ CASME2SquaredUnifier           │ Frames directory NOT found: C:\Users\Addhyan\Desktop\Thesis\Thesis3\DATASETS\cropped\22\happy1_1
2026-04-01 18:55:12 │ DEBUG    │ CASME2SquaredUnifier           │ CASME2_SQ │ s22 │ happy1_1        │ macro-expression │ Onset=  601  Offset=    0  SeqLen=  -1 │ happiness → Positive │ Frames=✗
2026-04-01 18:55:12 │ DEBUG    │ CASME2SquaredUnifier           │ Offset is 0 or negative for 'happy1_2' — marking sequence length as -1 (unknown).
2026-04-01 18:55:12 │ DEBUG    │ CASME2SquaredUnifier           │ CAS(ME)^2 cross-check: raw_emotion='happiness' → unified='Positive', coarse_category='positive'
2026-04-01 18:55:12 │ DEBUG    │ CASME2SquaredUnifier           │ Frames directory NOT found: C:\Users\Addhyan\Desktop\Thesis\Thesis3\DATASETS\cropped\22\happy1_2
2026-04-01 18:55:12 │ DEBUG    │ CASME2SquaredUnifier           │ CASME2_SQ │ s22 │ happy1_2        │ macro-expression │ Onset= 1598  Offset=    0  SeqLen=  -1 │ happiness → Positive │ Frames=✗
2026-04-01 18:55:12 │ DEBUG    │ CASME2SquaredUnifier           │ Offset is 0 or negative for 'happy2_1' — marking sequence length as -1 (unknown).
2026-04-01 18:55:12 │ DEBUG    │ CASME2SquaredUnifier           │ CAS(ME)^2 cross-check: raw_emotion='happiness' → unified='Positive', coarse_category='positive'
2026-04-01 18:55:12 │ DEBUG    │ CASME2SquaredUnifier           │ CASME2_SQ │ s22 │ happy2_1        │ macro-expression │ Onset= 2692  Offset=    0  SeqLen=  -1 │ happiness → Positive │ Frames=✓
2026-04-01 18:55:12 │ INFO     │ CASME2SquaredUnifier           │ CAS(ME)^2 unification complete.  357 samples processed  (44 with unknown offsets).
2026-04-01 18:55:12 │ INFO     │ CASME2SquaredUnifier           │ Transformation complete.  Shape: (357, 15)
2026-04-01 18:55:12 │ INFO     │ CASME2SquaredUnifier           │ Unified emotion distribution:
Unified_Emotion
Negative    159
Positive    147
Surprise     36
Others       15
2026-04-01 18:55:12 │ INFO     │ CASME2SquaredUnifier           │ Sequence Length stats (valid only):  min=4  max=118  mean=35.3  median=29.0  std=20.5
2026-04-01 18:55:12 │ WARNING  │ CASME2SquaredUnifier           │ 335 / 357 samples have missing frame directories.
2026-04-01 18:55:12 │ INFO     │ CASME2SquaredUnifier           │ Validation passed.  Final sample count: 357
2026-04-01 18:55:12 │ INFO     │ PipelineManager                │ Saved intermediate CSV: C:\Users\Addhyan\Desktop\Thesis\Thesis3\Processed_Data\intermediates\casme2_sq_unified.csv  (357 rows)
2026-04-01 18:55:12 │ INFO     │ CheckpointManager              │ Checkpoint SAVED — block 'CASME2_Squared_metadata' marked completed.
2026-04-01 18:55:12 │ INFO     │ PipelineManager                │ Merging CASME II (255) + CAS(ME)^2 (357) …
2026-04-01 18:55:12 │ INFO     │ PipelineManager                │ Master CSV exported: C:\Users\Addhyan\Desktop\Thesis\Thesis3\Processed_Data\master_thesis_labels.csv  (612 rows)
2026-04-01 18:55:12 │ INFO     │ PipelineManager                │ ──────────────────────────────────────────────────────────────────────
2026-04-01 18:55:12 │ INFO     │ PipelineManager                │ MASTER DATASET SUMMARY
2026-04-01 18:55:12 │ INFO     │ PipelineManager                │ ──────────────────────────────────────────────────────────────────────
2026-04-01 18:55:12 │ INFO     │ PipelineManager                │ Samples per dataset:
Dataset
CASME2_Squared    357
CASME_II          255
2026-04-01 18:55:12 │ INFO     │ PipelineManager                │ Emotion distribution for CASME2_Squared:
Unified_Emotion
Negative    159
Positive    147
Surprise     36
Others       15
2026-04-01 18:55:12 │ INFO     │ PipelineManager                │ Emotion distribution for CASME_II:
Unified_Emotion
Others      99
Negative    99
Positive    32
Surprise    25
2026-04-01 18:55:12 │ INFO     │ PipelineManager                │ Expression type distribution:
Expression_Type
micro-expression    312
macro-expression    300
2026-04-01 18:55:12 │ INFO     │ PipelineManager                │ Sequence Length for CASME2_Squared:  min=4  max=118  mean=35.3  median=29.0  std=20.5
2026-04-01 18:55:12 │ INFO     │ PipelineManager                │ Sequence Length for CASME_II:  min=24  max=141  mean=67.2  median=61.0  std=22.6
2026-04-01 18:55:12 │ INFO     │ PipelineManager                │ FPS distribution:
FPS
30     357
200    255
2026-04-01 18:55:12 │ INFO     │ PipelineManager                │ Frame directories found: 277 / 612 (45.3%)
2026-04-01 18:55:12 │ INFO     │ PipelineManager                │ ──────────────────────────────────────────────────────────────────────
2026-04-01 18:55:12 │ INFO     │ CheckpointManager              │ Checkpoint SAVED — block 'merge_and_export' marked completed.
2026-04-01 18:55:12 │ INFO     │ PipelineManager                │ ╔════════════════════════════════════════════════════════════════════╗
2026-04-01 18:55:12 │ INFO     │ PipelineManager                │ ║  PIPELINE COMPLETE                                               ║
2026-04-01 18:55:12 │ INFO     │ PipelineManager                │ ╚════════════════════════════════════════════════════════════════════╝
2026-04-01 18:55:12 │ INFO     │ PipelineManager                │ Master CSV: C:\Users\Addhyan\Desktop\Thesis\Thesis3\Processed_Data\master_thesis_labels.csv
2026-04-01 18:55:12 │ INFO     │ PipelineManager                │ Total samples: 612
2026-04-01 18:55:12 │ INFO     │ PipelineManager                │ Checkpoint status:
Checkpoint Summary:
  • CASME_II_metadata                        → completed
  • CASME2_Squared_metadata                  → completed
  • merge_and_export                         → completed
2026-04-01 18:55:12 │ INFO     │ main_step1                     │ Total wall-clock time: 0.43 seconds.
2026-04-01 18:55:12 │ INFO     │ main_step1                     │ 
======================================================================
2026-04-01 18:55:12 │ INFO     │ main_step1                     │ OUTPUT FILE:  C:\Users\Addhyan\Desktop\Thesis\Thesis3\Processed_Data\master_thesis_labels.csv
2026-04-01 18:55:12 │ INFO     │ main_step1                     │ TOTAL ROWS:   612
2026-04-01 18:55:12 │ INFO     │ main_step1                     │ COLUMNS:      ['Dataset', 'Subject_ID', 'Video_ID', 'Onset_Frame', 'Apex_Frame', 'Offset_Frame', 'Raw_Emotion', 'Unified_Emotion', 'Action_Units', 'Expression_Type', 'Sequence_Length', 'FPS', 'Frames_Directory', 'Frames_Exist', 'OF_Processed']
2026-04-01 18:55:12 │ INFO     │ main_step1                     │ ======================================================================
2026-04-01 18:55:12 │ INFO     │ main_step1                     │ Step 1 complete.  Ready for Step 2 (Optical Flow extraction).
2026-04-01 18:57:55 │ DEBUG    │ main_step1                     │ Logger 'main_step1' initialised.  Console=INFO  File=DEBUG  → C:\Users\Addhyan\Desktop\Thesis\Thesis3\Stage1_DataPipeline\logs\pipeline_step1.log
2026-04-01 18:57:55 │ INFO     │ main_step1                     │ ╔════════════════════════════════════════════════════════════════════╗
2026-04-01 18:57:55 │ INFO     │ main_step1                     │ ║  Micro-Expression Recognition — Thesis Data Pipeline            ║
2026-04-01 18:57:55 │ INFO     │ main_step1                     │ ║  Stage 1 / Step 1: Unified Metadata Generation                  ║
2026-04-01 18:57:55 │ INFO     │ main_step1                     │ ╚════════════════════════════════════════════════════════════════════╝
2026-04-01 18:57:55 │ INFO     │ main_step1                     │ Running pre-flight checks …
2026-04-01 18:57:55 │ INFO     │ main_step1                     │   ✓  CASME II Excel:     C:\Users\Addhyan\Desktop\Thesis\Thesis3\DATASETS\CASME II\CASME2-coding-20140508.xlsx
2026-04-01 18:57:55 │ INFO     │ main_step1                     │   ✓  CASME II Frames:    C:\Users\Addhyan\Desktop\Thesis\Thesis3\DATASETS\CASME II\Cropped
2026-04-01 18:57:55 │ INFO     │ main_step1                     │   ✓  CAS(ME)^2 Excel:    C:\Users\Addhyan\Desktop\Thesis\Thesis3\DATASETS\CAS(ME)^2code_final.xlsx
2026-04-01 18:57:55 │ INFO     │ main_step1                     │   ✓  CAS(ME)^2 Frames:   C:\Users\Addhyan\Desktop\Thesis\Thesis3\DATASETS\cropped
2026-04-01 18:57:55 │ INFO     │ main_step1                     │ All pre-flight checks passed.  ✓

2026-04-01 18:57:55 │ DEBUG    │ PipelineManager                │ Logger 'PipelineManager' initialised.  Console=INFO  File=DEBUG  → C:\Users\Addhyan\Desktop\Thesis\Thesis3\Stage1_DataPipeline\logs\pipeline_step1.log
2026-04-01 18:57:55 │ DEBUG    │ CheckpointManager              │ Logger 'CheckpointManager' initialised.  Console=INFO  File=DEBUG  → C:\Users\Addhyan\Desktop\Thesis\Thesis3\Stage1_DataPipeline\logs\pipeline_step1.log
2026-04-01 18:57:55 │ INFO     │ CheckpointManager              │ Loaded existing checkpoint from C:\Users\Addhyan\Desktop\Thesis\Thesis3\Processed_Data\checkpoints\processed_state.json  (last updated: 2026-04-01T18:55:12.959138, blocks: 3)
2026-04-01 18:57:55 │ INFO     │ PipelineManager                │ ╔════════════════════════════════════════════════════════════════════╗
2026-04-01 18:57:55 │ INFO     │ PipelineManager                │ ║  STAGE 1 / STEP 1 — Unified Metadata Pipeline                    ║
2026-04-01 18:57:55 │ INFO     │ PipelineManager                │ ╚════════════════════════════════════════════════════════════════════╝
2026-04-01 18:57:55 │ INFO     │ PipelineManager                │ Checkpoint status:
Checkpoint Summary:
  • CASME_II_metadata                        → completed
  • CASME2_Squared_metadata                  → completed
  • merge_and_export                         → completed
2026-04-01 18:57:55 │ INFO     │ CheckpointManager              │ Checkpoint HIT — block 'CASME_II_metadata' already completed.  Skipping.
2026-04-01 18:57:55 │ INFO     │ PipelineManager                │ Loading cached intermediate: C:\Users\Addhyan\Desktop\Thesis\Thesis3\Processed_Data\intermediates\casme_ii_unified.csv
2026-04-01 18:57:55 │ INFO     │ CheckpointManager              │ Checkpoint HIT — block 'CASME2_Squared_metadata' already completed.  Skipping.
2026-04-01 18:57:55 │ INFO     │ PipelineManager                │ Loading cached intermediate: C:\Users\Addhyan\Desktop\Thesis\Thesis3\Processed_Data\intermediates\casme2_sq_unified.csv
2026-04-01 18:57:55 │ INFO     │ CheckpointManager              │ Checkpoint HIT — block 'merge_and_export' already completed.  Skipping.
2026-04-01 18:57:55 │ INFO     │ PipelineManager                │ Loading existing master CSV: C:\Users\Addhyan\Desktop\Thesis\Thesis3\Processed_Data\master_thesis_labels.csv
2026-04-01 18:57:55 │ INFO     │ PipelineManager                │ ╔════════════════════════════════════════════════════════════════════╗
2026-04-01 18:57:55 │ INFO     │ PipelineManager                │ ║  PIPELINE COMPLETE                                               ║
2026-04-01 18:57:55 │ INFO     │ PipelineManager                │ ╚════════════════════════════════════════════════════════════════════╝
2026-04-01 18:57:55 │ INFO     │ PipelineManager                │ Master CSV: C:\Users\Addhyan\Desktop\Thesis\Thesis3\Processed_Data\master_thesis_labels.csv
2026-04-01 18:57:55 │ INFO     │ PipelineManager                │ Total samples: 612
2026-04-01 18:57:55 │ INFO     │ PipelineManager                │ Checkpoint status:
Checkpoint Summary:
  • CASME_II_metadata                        → completed
  • CASME2_Squared_metadata                  → completed
  • merge_and_export                         → completed
2026-04-01 18:57:55 │ INFO     │ main_step1                     │ Total wall-clock time: 0.04 seconds.
2026-04-01 18:57:55 │ INFO     │ main_step1                     │ 
======================================================================
2026-04-01 18:57:55 │ INFO     │ main_step1                     │ OUTPUT FILE:  C:\Users\Addhyan\Desktop\Thesis\Thesis3\Processed_Data\master_thesis_labels.csv
2026-04-01 18:57:55 │ INFO     │ main_step1                     │ TOTAL ROWS:   612
2026-04-01 18:57:55 │ INFO     │ main_step1                     │ COLUMNS:      ['Dataset', 'Subject_ID', 'Video_ID', 'Onset_Frame', 'Apex_Frame', 'Offset_Frame', 'Raw_Emotion', 'Unified_Emotion', 'Action_Units', 'Expression_Type', 'Sequence_Length', 'FPS', 'Frames_Directory', 'Frames_Exist', 'OF_Processed']
2026-04-01 18:57:55 │ INFO     │ main_step1                     │ ======================================================================
2026-04-01 18:57:55 │ INFO     │ main_step1                     │ Step 1 complete.  Ready for Step 2 (Optical Flow extraction).
2026-04-01 19:19:19 │ DEBUG    │ main_step1                     │ Logger 'main_step1' initialised.  Console=INFO  File=DEBUG  → C:\Users\Addhyan\Desktop\Thesis\Thesis3\Stage1_DataPipeline\logs\pipeline_step1.log
2026-04-01 19:19:19 │ INFO     │ main_step1                     │ ╔════════════════════════════════════════════════════════════════════╗
2026-04-01 19:19:19 │ INFO     │ main_step1                     │ ║  Micro-Expression Recognition — Thesis Data Pipeline            ║
2026-04-01 19:19:19 │ INFO     │ main_step1                     │ ║  Stage 1 / Step 1: Unified Metadata Generation                  ║
2026-04-01 19:19:19 │ INFO     │ main_step1                     │ ╚════════════════════════════════════════════════════════════════════╝
2026-04-01 19:19:19 │ INFO     │ main_step1                     │ Running pre-flight checks …
2026-04-01 19:19:19 │ INFO     │ main_step1                     │   ✓  CASME II Excel:     C:\Users\Addhyan\Desktop\Thesis\Thesis3\DATASETS\CASME II\CASME2-coding-20140508.xlsx
2026-04-01 19:19:19 │ INFO     │ main_step1                     │   ✓  CASME II Frames:    C:\Users\Addhyan\Desktop\Thesis\Thesis3\DATASETS\CASME II\Cropped
2026-04-01 19:19:19 │ INFO     │ main_step1                     │   ✓  CAS(ME)^2 Excel:    C:\Users\Addhyan\Desktop\Thesis\Thesis3\DATASETS\CAS(ME)^2code_final.xlsx
2026-04-01 19:19:19 │ INFO     │ main_step1                     │   ✓  CAS(ME)^2 Frames:   C:\Users\Addhyan\Desktop\Thesis\Thesis3\DATASETS\cropped
2026-04-01 19:19:19 │ INFO     │ main_step1                     │ All pre-flight checks passed.  ✓

2026-04-01 19:19:19 │ DEBUG    │ PipelineManager                │ Logger 'PipelineManager' initialised.  Console=INFO  File=DEBUG  → C:\Users\Addhyan\Desktop\Thesis\Thesis3\Stage1_DataPipeline\logs\pipeline_step1.log
2026-04-01 19:19:19 │ DEBUG    │ CheckpointManager              │ Logger 'CheckpointManager' initialised.  Console=INFO  File=DEBUG  → C:\Users\Addhyan\Desktop\Thesis\Thesis3\Stage1_DataPipeline\logs\pipeline_step1.log
2026-04-01 19:19:19 │ INFO     │ CheckpointManager              │ Loaded existing checkpoint from C:\Users\Addhyan\Desktop\Thesis\Thesis3\Processed_Data\checkpoints\processed_state.json  (last updated: 2026-04-01T18:55:12.959138, blocks: 3)
2026-04-01 19:19:19 │ INFO     │ PipelineManager                │ ╔════════════════════════════════════════════════════════════════════╗
2026-04-01 19:19:19 │ INFO     │ PipelineManager                │ ║  STAGE 1 / STEP 1 — Unified Metadata Pipeline                    ║
2026-04-01 19:19:19 │ INFO     │ PipelineManager                │ ╚════════════════════════════════════════════════════════════════════╝
2026-04-01 19:19:19 │ INFO     │ PipelineManager                │ Checkpoint status:
Checkpoint Summary:
  • CASME_II_metadata                        → completed
  • CASME2_Squared_metadata                  → completed
  • merge_and_export                         → completed
2026-04-01 19:19:19 │ INFO     │ CheckpointManager              │ Checkpoint HIT — block 'CASME_II_metadata' already completed.  Skipping.
2026-04-01 19:19:19 │ INFO     │ PipelineManager                │ Loading cached intermediate: C:\Users\Addhyan\Desktop\Thesis\Thesis3\Processed_Data\intermediates\casme_ii_unified.csv
2026-04-01 19:19:19 │ INFO     │ CheckpointManager              │ Checkpoint HIT — block 'CASME2_Squared_metadata' already completed.  Skipping.
2026-04-01 19:19:19 │ INFO     │ PipelineManager                │ Loading cached intermediate: C:\Users\Addhyan\Desktop\Thesis\Thesis3\Processed_Data\intermediates\casme2_sq_unified.csv
2026-04-01 19:19:19 │ INFO     │ CheckpointManager              │ Checkpoint HIT — block 'merge_and_export' already completed.  Skipping.
2026-04-01 19:19:19 │ INFO     │ PipelineManager                │ Loading existing master CSV: C:\Users\Addhyan\Desktop\Thesis\Thesis3\Processed_Data\master_thesis_labels.csv
2026-04-01 19:19:19 │ INFO     │ PipelineManager                │ ╔════════════════════════════════════════════════════════════════════╗
2026-04-01 19:19:19 │ INFO     │ PipelineManager                │ ║  PIPELINE COMPLETE                                               ║
2026-04-01 19:19:19 │ INFO     │ PipelineManager                │ ╚════════════════════════════════════════════════════════════════════╝
2026-04-01 19:19:19 │ INFO     │ PipelineManager                │ Master CSV: C:\Users\Addhyan\Desktop\Thesis\Thesis3\Processed_Data\master_thesis_labels.csv
2026-04-01 19:19:19 │ INFO     │ PipelineManager                │ Total samples: 612
2026-04-01 19:19:19 │ INFO     │ PipelineManager                │ Checkpoint status:
Checkpoint Summary:
  • CASME_II_metadata                        → completed
  • CASME2_Squared_metadata                  → completed
  • merge_and_export                         → completed
2026-04-01 19:19:19 │ INFO     │ main_step1                     │ Total wall-clock time: 0.02 seconds.
2026-04-01 19:19:19 │ INFO     │ main_step1                     │ 
======================================================================
2026-04-01 19:19:19 │ INFO     │ main_step1                     │ OUTPUT FILE:  C:\Users\Addhyan\Desktop\Thesis\Thesis3\Processed_Data\master_thesis_labels.csv
2026-04-01 19:19:19 │ INFO     │ main_step1                     │ TOTAL ROWS:   612
2026-04-01 19:19:19 │ INFO     │ main_step1                     │ COLUMNS:      ['Dataset', 'Subject_ID', 'Video_ID', 'Onset_Frame', 'Apex_Frame', 'Offset_Frame', 'Raw_Emotion', 'Unified_Emotion', 'Action_Units', 'Expression_Type', 'Sequence_Length', 'FPS', 'Frames_Directory', 'Frames_Exist', 'OF_Processed']
2026-04-01 19:19:19 │ INFO     │ main_step1                     │ ======================================================================
2026-04-01 19:19:19 │ INFO     │ main_step1                     │ Step 1 complete.  Ready for Step 2 (Optical Flow extraction).
